Account Number,Account Holder,Account Type,Country,Balance
15634602,Customer 15634602,Savings,France,0.00
15647311,Customer 15647311,Savings,Spain,83807.86
15619304,Customer 15619304,Savings,France,159660.80
15701354,Customer 15701354,Savings,France,0.00
15737888,Customer 15737888,Savings,Spain,125510.82
15574012,Customer 15574012,Savings,Spain,113755.78
15592531,Customer 15592531,Savings,France,0.00
15656148,Customer 15656148,Savings,Germany,115046.74
15792365,Customer 15792365,Savings,France,142051.07
15592389,Customer 15592389,Savings,France,134603.88
15767821,Customer 15767821,Savings,France,102016.72
15737173,Customer 15737173,Savings,Spain,0.00
15632264,Customer 15632264,Savings,France,0.00
15691483,Customer 15691483,Savings,France,0.00
15600882,Customer 15600882,Savings,Spain,0.00
15643966,Customer 15643966,Savings,Germany,143129.41
15737452,Customer 15737452,Savings,Germany,132602.88
15788218,Customer 15788218,Savings,Spain,0.00
15661507,Customer 15661507,Savings,Spain,0.00
15568982,Customer 15568982,Savings,France,0.00
15577657,Customer 15577657,Savings,France,0.00
15597945,Customer 15597945,Savings,Spain,0.00
15699309,Customer 15699309,Savings,Spain,0.00
15725737,Customer 15725737,Savings,France,0.00
15625047,Customer 15625047,Savings,France,0.00
15738191,Customer 15738191,Savings,France,0.00
15736816,Customer 15736816,Savings,Germany,136815.64
15700772,Customer 15700772,Savings,France,0.00
15728693,Customer 15728693,Savings,Germany,141349.43
15656300,Customer 15656300,Savings,France,59697.17
15589475,Customer 15589475,Savings,Spain,0.00
15706552,Customer 15706552,Savings,France,85311.70
15750181,Customer 15750181,Savings,Germany,110112.54
15659428,Customer 15659428,Savings,Spain,0.00
15732963,Customer 15732963,Savings,Spain,0.00
15794171,Customer 15794171,Savings,France,134264.04
15788448,Customer 15788448,Savings,Spain,145260.23
15729599,Customer 15729599,Savings,Spain,76548.60
15717426,Customer 15717426,Savings,France,0.00
15585768,Customer 15585768,Savings,Germany,70349.48
15619360,Customer 15619360,Savings,Spain,0.00
15738148,Customer 15738148,Savings,France,122522.32
15687946,Customer 15687946,Savings,France,117419.35
15755196,Customer 15755196,Savings,France,131394.56
15684171,Customer 15684171,Savings,Spain,155931.11
15754849,Customer 15754849,Savings,Germany,109421.13
15602280,Customer 15602280,Savings,Germany,112045.67
15771573,Customer 15771573,Savings,Germany,137843.80
15766205,Customer 15766205,Savings,Germany,103391.38
15771873,Customer 15771873,Savings,Germany,103769.22
15616550,Customer 15616550,Savings,Germany,116363.37
15768193,Customer 15768193,Savings,Germany,146050.97
15683553,Customer 15683553,Savings,France,0.00
15702298,Customer 15702298,Savings,Germany,125561.97
15569590,Customer 15569590,Savings,Germany,98495.72
15760861,Customer 15760861,Savings,France,125211.92
15630053,Customer 15630053,Savings,France,127864.40
15647091,Customer 15647091,Savings,Germany,75888.20
15623944,Customer 15623944,Savings,Spain,0.00
15804771,Customer 15804771,Savings,France,40685.92
15651280,Customer 15651280,Savings,Germany,136857.00
15773469,Customer 15773469,Savings,Germany,152328.88
15702014,Customer 15702014,Savings,Spain,56084.69
15751208,Customer 15751208,Savings,Spain,78707.16
15592461,Customer 15592461,Savings,Germany,109166.37
15789484,Customer 15789484,Savings,Germany,169831.46
15696061,Customer 15696061,Savings,Germany,101633.04
15641582,Customer 15641582,Savings,Germany,123180.01
15638424,Customer 15638424,Savings,Germany,150725.53
15755648,Customer 15755648,Savings,France,98373.26
15703793,Customer 15703793,Savings,Germany,133745.44
15620344,Customer 15620344,Savings,France,0.00
15812518,Customer 15812518,Savings,Spain,163607.18
15779052,Customer 15779052,Savings,Germany,157780.84
15770811,Customer 15770811,Savings,France,0.00
15780961,Customer 15780961,Savings,France,178718.19
15614049,Customer 15614049,Savings,France,0.00
15662085,Customer 15662085,Savings,France,0.00
15575185,Customer 15575185,Savings,Spain,77253.22
15803136,Customer 15803136,Savings,Germany,122189.66
15706021,Customer 15706021,Savings,France,96645.54
15663706,Customer 15663706,Savings,France,0.00
15641732,Customer 15641732,Savings,France,0.00
15701164,Customer 15701164,Savings,France,90307.62
15738751,Customer 15738751,Savings,France,0.00
15805254,Customer 15805254,Savings,Spain,0.00
15762418,Customer 15762418,Savings,Spain,121681.82
15625759,Customer 15625759,Savings,France,0.00
15622897,Customer 15622897,Savings,France,0.00
15767954,Customer 15767954,Savings,Germany,81623.67
15757535,Customer 15757535,Savings,Spain,0.00
15731511,Customer 15731511,Savings,France,118626.55
15809248,Customer 15809248,Savings,France,0.00
15640635,Customer 15640635,Savings,France,0.00
15676966,Customer 15676966,Savings,Spain,0.00
15699461,Customer 15699461,Savings,Spain,176273.95
15738721,Customer 15738721,Savings,Spain,102827.44
15693683,Customer 15693683,Savings,Germany,97086.40
15604348,Customer 15604348,Savings,Spain,0.00
15633059,Customer 15633059,Savings,France,0.00
15808582,Customer 15808582,Savings,France,0.00
15743192,Customer 15743192,Savings,France,0.00
15580146,Customer 15580146,Savings,France,82674.15
15776605,Customer 15776605,Savings,Spain,0.00
15804919,Customer 15804919,Savings,Spain,0.00
15613854,Customer 15613854,Savings,Spain,107073.27
15599195,Customer 15599195,Savings,Germany,88938.62
15812878,Customer 15812878,Savings,Germany,99806.85
15602312,Customer 15602312,Savings,Spain,150092.80
15744689,Customer 15744689,Savings,Germany,92833.89
15803526,Customer 15803526,Savings,Germany,90536.81
15665790,Customer 15665790,Savings,Germany,108055.10
15715951,Customer 15715951,Savings,France,100238.35
15591100,Customer 15591100,Savings,Spain,106190.55
15609618,Customer 15609618,Savings,Germany,154475.54
15675522,Customer 15675522,Savings,Germany,132351.29
15705512,Customer 15705512,Savings,Germany,167864.40
15698028,Customer 15698028,Savings,France,0.00
15661670,Customer 15661670,Savings,Germany,107818.63
15600781,Customer 15600781,Savings,Germany,185173.81
15682472,Customer 15682472,Savings,France,129433.34
15580203,Customer 15580203,Savings,Spain,120193.42
15690673,Customer 15690673,Savings,France,0.00
15760085,Customer 15760085,Savings,Germany,126384.42
15779659,Customer 15779659,Savings,France,0.00
15627360,Customer 15627360,Savings,France,152603.45
15671137,Customer 15671137,Savings,France,0.00
15782688,Customer 15782688,Savings,Germany,148507.24
15575492,Customer 15575492,Savings,France,0.00
15591607,Customer 15591607,Savings,France,101827.07
15740404,Customer 15740404,Savings,France,0.00
15718369,Customer 15718369,Savings,Germany,130862.43
15677871,Customer 15677871,Savings,France,122570.87
15642004,Customer 15642004,Savings,France,0.00
15712543,Customer 15712543,Savings,Germany,124828.46
15584518,Customer 15584518,Savings,Germany,144895.05
15802381,Customer 15802381,Savings,Germany,63663.93
15610156,Customer 15610156,Savings,France,133463.10
15594408,Customer 15594408,Savings,Spain,213146.20
15640905,Customer 15640905,Savings,Spain,129490.36
15698932,Customer 15698932,Savings,Germany,137452.09
15724944,Customer 15724944,Savings,France,0.00
15628145,Customer 15628145,Savings,France,125851.93
15713483,Customer 15713483,Savings,Spain,0.00
15612350,Customer 15612350,Savings,France,40915.55
15800703,Customer 15800703,Savings,Spain,113157.22
15705707,Customer 15705707,Savings,Spain,138296.94
15754105,Customer 15754105,Savings,France,106967.18
15703264,Customer 15703264,Savings,France,120681.63
15794413,Customer 15794413,Savings,France,0.00
15650237,Customer 15650237,Savings,Spain,0.00
15759618,Customer 15759618,Savings,France,0.00
15811589,Customer 15811589,Savings,Spain,0.00
15689044,Customer 15689044,Savings,France,127609.59
15709368,Customer 15709368,Savings,France,0.00
15679145,Customer 15679145,Savings,Spain,0.00
15655007,Customer 15655007,Savings,France,0.00
15623595,Customer 15623595,Savings,Spain,0.00
15589975,Customer 15589975,Savings,France,97259.25
15804017,Customer 15804017,Savings,Germany,123246.70
15692132,Customer 15692132,Savings,Spain,101060.25
15641122,Customer 15641122,Savings,France,0.00
15630910,Customer 15630910,Savings,France,108007.36
15680772,Customer 15680772,Savings,Spain,0.00
15658929,Customer 15658929,Savings,Spain,133702.89
15585388,Customer 15585388,Savings,Germany,125189.75
15724623,Customer 15724623,Savings,Germany,113034.22
15588537,Customer 15588537,Savings,Spain,109013.23
15574692,Customer 15574692,Savings,Spain,0.00
15611325,Customer 15611325,Savings,Germany,57929.81
15587562,Customer 15587562,Savings,France,130114.39
15613172,Customer 15613172,Savings,Germany,95826.49
15651022,Customer 15651022,Savings,Germany,129608.57
15586310,Customer 15586310,Savings,France,169462.09
15625524,Customer 15625524,Savings,France,0.00
15755209,Customer 15755209,Savings,Spain,133868.21
15645248,Customer 15645248,Savings,France,0.00
15790355,Customer 15790355,Savings,Germany,190479.48
15762615,Customer 15762615,Savings,Spain,101993.12
15625426,Customer 15625426,Savings,Germany,161608.81
15716334,Customer 15716334,Savings,Spain,122311.21
15789669,Customer 15789669,Savings,France,0.00
15621075,Customer 15621075,Savings,Germany,162150.42
15810845,Customer 15810845,Savings,France,0.00
15719377,Customer 15719377,Savings,France,0.00
15654506,Customer 15654506,Savings,France,0.00
15771977,Customer 15771977,Savings,France,99010.67
15708710,Customer 15708710,Savings,Spain,0.00
15726676,Customer 15726676,Savings,Spain,0.00
15587421,Customer 15587421,Savings,Germany,111388.18
15726931,Customer 15726931,Savings,France,56214.85
15771086,Customer 15771086,Savings,France,84327.77
15756850,Customer 15756850,Savings,France,0.00
15702741,Customer 15702741,Savings,France,93012.89
15679200,Customer 15679200,Savings,Spain,61710.44
15594815,Customer 15594815,Savings,France,174790.15
15635905,Customer 15635905,Savings,Spain,0.00
15777892,Customer 15777892,Savings,Germany,107720.64
15656176,Customer 15656176,Savings,France,0.00
15811127,Customer 15811127,Savings,France,96423.84
15604482,Customer 15604482,Savings,Spain,141040.01
15622911,Customer 15622911,Savings,France,105420.18
15600974,Customer 15600974,Savings,Spain,0.00
15727868,Customer 15727868,Savings,France,129022.06
15627801,Customer 15627801,Savings,Spain,176666.62
15773039,Customer 15773039,Savings,France,0.00
15755262,Customer 15755262,Savings,Spain,89763.84
15679531,Customer 15679531,Savings,France,134954.53
15684181,Customer 15684181,Savings,France,0.00
15612087,Customer 15612087,Savings,France,106376.85
15752047,Customer 15752047,Savings,Germany,161814.64
15624592,Customer 15624592,Savings,France,0.00
15573152,Customer 15573152,Savings,France,0.00
15594917,Customer 15594917,Savings,France,63095.01
15785542,Customer 15785542,Savings,Germany,118287.01
15723488,Customer 15723488,Savings,Germany,106854.21
15680920,Customer 15680920,Savings,France,49512.55
15786308,Customer 15786308,Savings,Spain,0.00
15659366,Customer 15659366,Savings,France,105799.32
15774854,Customer 15774854,Savings,France,0.00
15725311,Customer 15725311,Savings,France,114722.05
15787155,Customer 15787155,Savings,Spain,0.00
15727829,Customer 15727829,Savings,France,0.00
15733247,Customer 15733247,Savings,France,0.00
15568748,Customer 15568748,Savings,Germany,99564.22
15699029,Customer 15699029,Savings,France,170557.91
15774393,Customer 15774393,Savings,France,0.00
15676895,Customer 15676895,Savings,Germany,74596.15
15637753,Customer 15637753,Savings,Germany,96888.39
15605461,Customer 15605461,Savings,Germany,130830.22
15808473,Customer 15808473,Savings,France,0.00
15627000,Customer 15627000,Savings,France,0.00
15787174,Customer 15787174,Savings,France,0.00
15723886,Customer 15723886,Savings,Germany,119714.25
15704769,Customer 15704769,Savings,France,113978.97
15772896,Customer 15772896,Savings,Germany,100160.75
15711540,Customer 15711540,Savings,France,0.00
15764866,Customer 15764866,Savings,Germany,116220.50
15794056,Customer 15794056,Savings,France,0.00
15795149,Customer 15795149,Savings,France,81173.83
15812009,Customer 15812009,Savings,Spain,0.00
15651001,Customer 15651001,Savings,Germany,116803.80
15813844,Customer 15813844,Savings,France,105961.68
15596175,Customer 15596175,Savings,Germany,117411.60
15576269,Customer 15576269,Savings,Spain,0.00
15797219,Customer 15797219,Savings,France,123497.58
15685500,Customer 15685500,Savings,Germany,152400.51
15599792,Customer 15599792,Savings,France,0.00
15657566,Customer 15657566,Savings,Germany,103097.85
15772423,Customer 15772423,Savings,Germany,126418.14
15628112,Customer 15628112,Savings,Germany,77846.90
15753754,Customer 15753754,Savings,Spain,0.00
15793726,Customer 15793726,Savings,France,0.00
15694717,Customer 15694717,Savings,Germany,79731.91
15665834,Customer 15665834,Savings,Spain,0.00
15765297,Customer 15765297,Savings,Spain,0.00
15636684,Customer 15636684,Savings,France,0.00
15592979,Customer 15592979,Savings,Germany,37266.67
15750803,Customer 15750803,Savings,France,127992.25
15607178,Customer 15607178,Savings,Germany,54901.01
15713853,Customer 15713853,Savings,Germany,108748.08
15673481,Customer 15673481,Savings,Spain,99906.19
15686776,Customer 15686776,Savings,France,184686.41
15673693,Customer 15673693,Savings,France,110654.02
15700696,Customer 15700696,Savings,Spain,79019.80
15813163,Customer 15813163,Savings,Spain,99240.51
15653857,Customer 15653857,Savings,France,0.00
15777076,Customer 15777076,Savings,France,0.00
15717398,Customer 15717398,Savings,Spain,0.00
15799217,Customer 15799217,Savings,Germany,52436.20
15787071,Customer 15787071,Savings,Spain,0.00
15619955,Customer 15619955,Savings,Germany,100337.96
15796505,Customer 15796505,Savings,Germany,149297.19
15725166,Customer 15725166,Savings,France,0.00
15800116,Customer 15800116,Savings,Germany,145605.44
15758685,Customer 15758685,Savings,Spain,0.00
15694456,Customer 15694456,Savings,France,0.00
15767339,Customer 15767339,Savings,France,0.00
15683562,Customer 15683562,Savings,France,84026.86
15782210,Customer 15782210,Savings,France,0.00
15668893,Customer 15668893,Savings,France,0.00
15669169,Customer 15669169,Savings,Spain,0.00
15643024,Customer 15643024,Savings,Germany,138718.92
15699389,Customer 15699389,Savings,France,118274.71
15708608,Customer 15708608,Savings,France,174185.98
15626144,Customer 15626144,Savings,France,113208.86
15573112,Customer 15573112,Savings,Spain,103907.28
15790678,Customer 15790678,Savings,France,119023.28
15727556,Customer 15727556,Savings,Spain,166297.89
15697307,Customer 15697307,Savings,Spain,0.00
15652266,Customer 15652266,Savings,Germany,63227.00
15607098,Customer 15607098,Savings,Spain,94521.17
15655774,Customer 15655774,Savings,France,0.00
15590241,Customer 15590241,Savings,Spain,112822.26
15785819,Customer 15785819,Savings,France,0.00
15723654,Customer 15723654,Savings,France,135903.33
15774510,Customer 15774510,Savings,France,125169.26
15684173,Customer 15684173,Savings,Spain,0.00
15650068,Customer 15650068,Savings,France,149117.31
15811490,Customer 15811490,Savings,France,0.00
15803976,Customer 15803976,Savings,France,0.00
15682541,Customer 15682541,Savings,Spain,132311.71
15695699,Customer 15695699,Savings,France,0.00
15624188,Customer 15624188,Savings,France,0.00
15812191,Customer 15812191,Savings,France,118082.89
15636673,Customer 15636673,Savings,France,119266.69
15594898,Customer 15594898,Savings,France,0.00
15660211,Customer 15660211,Savings,Germany,156847.29
15773972,Customer 15773972,Savings,France,137104.47
15746726,Customer 15746726,Savings,Germany,78398.69
15712287,Customer 15712287,Savings,France,0.00
15702919,Customer 15702919,Savings,Germany,63669.42
15674398,Customer 15674398,Savings,France,0.00
15797960,Customer 15797960,Savings,Germany,135296.33
15631868,Customer 15631868,Savings,Spain,153804.44
15581539,Customer 15581539,Savings,Spain,0.00
15662736,Customer 15662736,Savings,France,147069.78
15666252,Customer 15666252,Savings,Spain,0.00
15677512,Customer 15677512,Savings,Spain,0.00
15626114,Customer 15626114,Savings,France,95741.75
15810834,Customer 15810834,Savings,Spain,145965.33
15678910,Customer 15678910,Savings,France,141441.75
15694408,Customer 15694408,Savings,France,139290.41
15585215,Customer 15585215,Savings,France,0.00
15682757,Customer 15682757,Savings,France,0.00
15736601,Customer 15736601,Savings,France,144428.87
15601848,Customer 15601848,Savings,France,0.00
15736008,Customer 15736008,Savings,France,95441.27
15669064,Customer 15669064,Savings,Germany,144848.74
15624528,Customer 15624528,Savings,Germany,116244.14
15598493,Customer 15598493,Savings,France,0.00
15601274,Customer 15601274,Savings,Spain,146502.07
15702669,Customer 15702669,Savings,Germany,117028.60
15728669,Customer 15728669,Savings,Germany,112013.81
15742668,Customer 15742668,Savings,Spain,108269.37
15697441,Customer 15697441,Savings,France,182123.79
15740476,Customer 15740476,Savings,Germany,150923.74
15648064,Customer 15648064,Savings,France,0.00
15636624,Customer 15636624,Savings,Spain,165272.13
15807923,Customer 15807923,Savings,Germany,115301.31
15745844,Customer 15745844,Savings,Germany,129502.49
15786170,Customer 15786170,Savings,France,118342.26
15681081,Customer 15681081,Savings,Spain,0.00
15684484,Customer 15684484,Savings,France,0.00
15785869,Customer 15785869,Savings,France,0.00
15763859,Customer 15763859,Savings,France,0.00
15658935,Customer 15658935,Savings,Germany,106937.05
15747358,Customer 15747358,Savings,Germany,170331.37
15735203,Customer 15735203,Savings,Germany,114510.85
15576256,Customer 15576256,Savings,France,0.00
15659420,Customer 15659420,Savings,Spain,107594.11
15593365,Customer 15593365,Savings,Spain,81273.13
15777352,Customer 15777352,Savings,Spain,169399.60
15812007,Customer 15812007,Savings,Spain,0.00
15625461,Customer 15625461,Savings,France,187841.99
15739438,Customer 15739438,Savings,France,0.00
15611759,Customer 15611759,Savings,Spain,126776.30
15661629,Customer 15661629,Savings,Spain,126436.29
15633950,Customer 15633950,Savings,France,101960.74
15592386,Customer 15592386,Savings,France,0.00
15803716,Customer 15803716,Savings,Spain,0.00
15696674,Customer 15696674,Savings,Germany,150842.93
15706365,Customer 15706365,Savings,France,102535.57
15745088,Customer 15745088,Savings,Germany,99027.61
15676715,Customer 15676715,Savings,France,0.00
15613085,Customer 15613085,Savings,Spain,0.00
15633537,Customer 15633537,Savings,Germany,87271.41
15594720,Customer 15594720,Savings,Germany,102742.91
15684042,Customer 15684042,Savings,Germany,40105.51
15583303,Customer 15583303,Savings,France,152265.43
15611579,Customer 15611579,Savings,Spain,141947.67
15774696,Customer 15774696,Savings,Germany,106307.91
15694506,Customer 15694506,Savings,Germany,107884.81
15688074,Customer 15688074,Savings,Germany,125013.72
15759537,Customer 15759537,Savings,Germany,58469.37
15758449,Customer 15758449,Savings,France,0.00
15583456,Customer 15583456,Savings,Germany,117231.63
15667871,Customer 15667871,Savings,Spain,152390.26
15677371,Customer 15677371,Savings,Spain,34013.63
15629677,Customer 15629677,Savings,Spain,0.00
15713578,Customer 15713578,Savings,France,0.00
15591509,Customer 15591509,Savings,France,101583.11
15568240,Customer 15568240,Savings,Germany,77168.87
15622993,Customer 15622993,Savings,Germany,124695.72
15689294,Customer 15689294,Savings,Germany,105934.96
15720910,Customer 15720910,Savings,France,0.00
15721181,Customer 15721181,Savings,Spain,0.00
15776433,Customer 15776433,Savings,Spain,0.00
15748936,Customer 15748936,Savings,Spain,0.00
15717225,Customer 15717225,Savings,France,161525.96
15685226,Customer 15685226,Savings,Germany,147199.07
15785611,Customer 15785611,Savings,Germany,183102.29
15573456,Customer 15573456,Savings,Spain,127209.00
15684548,Customer 15684548,Savings,Spain,0.00
15620505,Customer 15620505,Savings,Spain,97378.54
15807432,Customer 15807432,Savings,Germany,136925.09
15584766,Customer 15584766,Savings,France,54503.55
15612187,Customer 15612187,Savings,Germany,155726.85
15762218,Customer 15762218,Savings,France,0.00
15646372,Customer 15646372,Savings,France,135842.41
15690452,Customer 15690452,Savings,France,63349.75
15747795,Customer 15747795,Savings,Germany,129499.42
15781589,Customer 15781589,Savings,Spain,0.00
15732674,Customer 15732674,Savings,Spain,70438.01
15642291,Customer 15642291,Savings,France,0.00
15692761,Customer 15692761,Savings,France,0.00
15578045,Customer 15578045,Savings,Spain,141434.04
15745354,Customer 15745354,Savings,Spain,0.00
15701376,Customer 15701376,Savings,Germany,152958.29
15691625,Customer 15691625,Savings,Germany,138306.34
15566594,Customer 15566594,Savings,Spain,0.00
15760431,Customer 15760431,Savings,France,0.00
15686302,Customer 15686302,Savings,Spain,124328.84
15801559,Customer 15801559,Savings,Germany,181461.48
15810432,Customer 15810432,Savings,Spain,0.00
15809616,Customer 15809616,Savings,Spain,0.00
15720559,Customer 15720559,Savings,Germany,110368.03
15695632,Customer 15695632,Savings,France,89588.35
15659843,Customer 15659843,Savings,France,0.00
15615624,Customer 15615624,Savings,France,0.00
15810418,Customer 15810418,Savings,Germany,115924.89
15716186,Customer 15716186,Savings,France,0.00
15674551,Customer 15674551,Savings,Germany,111756.50
15622834,Customer 15622834,Savings,France,0.00
15566111,Customer 15566111,Savings,France,0.00
15784597,Customer 15784597,Savings,France,162923.85
15652883,Customer 15652883,Savings,Germany,124576.65
15806964,Customer 15806964,Savings,France,80793.58
15576313,Customer 15576313,Savings,Germany,71340.09
15806467,Customer 15806467,Savings,Germany,99282.63
15597602,Customer 15597602,Savings,Germany,137946.39
15743040,Customer 15743040,Savings,Germany,127892.57
15705521,Customer 15705521,Savings,Germany,101084.36
15595039,Customer 15595039,Savings,Germany,114754.08
15799384,Customer 15799384,Savings,France,0.00
15581197,Customer 15581197,Savings,France,99286.98
15693737,Customer 15693737,Savings,Germany,79871.02
15624623,Customer 15624623,Savings,France,104088.59
15783501,Customer 15783501,Savings,France,168190.33
15690134,Customer 15690134,Savings,Germany,85679.25
15782735,Customer 15782735,Savings,France,0.00
15611088,Customer 15611088,Savings,France,0.00
15672145,Customer 15672145,Savings,France,121551.58
15732628,Customer 15732628,Savings,France,122220.19
15787470,Customer 15787470,Savings,Spain,116528.15
15803406,Customer 15803406,Savings,France,77780.29
15730460,Customer 15730460,Savings,France,0.00
15644572,Customer 15644572,Savings,France,125832.20
15694860,Customer 15694860,Savings,France,68065.80
15658169,Customer 15658169,Savings,Spain,127299.34
15794396,Customer 15794396,Savings,Germany,174937.64
15785798,Customer 15785798,Savings,France,0.00
15710825,Customer 15710825,Savings,Spain,110071.10
15668444,Customer 15668444,Savings,Spain,139432.37
15726631,Customer 15726631,Savings,France,127357.76
15733797,Customer 15733797,Savings,France,0.00
15747960,Customer 15747960,Savings,France,0.00
15634632,Customer 15634632,Savings,France,0.00
15707362,Customer 15707362,Savings,Germany,95556.31
15662976,Customer 15662976,Savings,Spain,0.00
15732778,Customer 15732778,Savings,Germany,111681.98
15718443,Customer 15718443,Savings,France,0.00
15670039,Customer 15670039,Savings,Spain,108738.71
15773792,Customer 15773792,Savings,France,133950.37
15613786,Customer 15613786,Savings,Spain,0.00
15726032,Customer 15726032,Savings,France,89968.69
15663252,Customer 15663252,Savings,Spain,0.00
15593782,Customer 15593782,Savings,Germany,130878.75
15633283,Customer 15633283,Savings,France,0.00
15749167,Customer 15749167,Savings,France,0.00
15759298,Customer 15759298,Savings,Spain,134169.62
15683625,Customer 15683625,Savings,France,149762.08
15635367,Customer 15635367,Savings,France,93844.69
15681705,Customer 15681705,Savings,France,0.00
15603156,Customer 15603156,Savings,France,0.00
15591986,Customer 15591986,Savings,Germany,141078.37
15798888,Customer 15798888,Savings,Germany,117992.59
15809722,Customer 15809722,Savings,France,100812.33
15677538,Customer 15677538,Savings,France,0.00
15797736,Customer 15797736,Savings,France,80262.60
15695585,Customer 15695585,Savings,Spain,156478.62
15744398,Customer 15744398,Savings,France,0.00
15750658,Customer 15750658,Savings,France,0.00
15578186,Customer 15578186,Savings,Germany,115217.99
15676519,Customer 15676519,Savings,Spain,0.00
15637954,Customer 15637954,Savings,France,155470.55
15758639,Customer 15758639,Savings,France,0.00
15613772,Customer 15613772,Savings,France,135096.77
15731744,Customer 15731744,Savings,France,0.00
15807709,Customer 15807709,Savings,Germany,180075.22
15714689,Customer 15714689,Savings,Spain,97541.24
15699005,Customer 15699005,Savings,France,156067.05
15624170,Customer 15624170,Savings,France,81550.94
15725679,Customer 15725679,Savings,France,0.00
15585865,Customer 15585865,Savings,France,170061.92
15804256,Customer 15804256,Savings,Germany,92310.54
15662403,Customer 15662403,Savings,France,169089.38
15733616,Customer 15733616,Savings,France,80613.93
15591995,Customer 15591995,Savings,Germany,121581.56
15677020,Customer 15677020,Savings,France,0.00
15727688,Customer 15727688,Savings,Spain,0.00
15715941,Customer 15715941,Savings,France,0.00
15714485,Customer 15714485,Savings,France,85891.55
15730059,Customer 15730059,Savings,Spain,77637.35
15715527,Customer 15715527,Savings,Spain,0.00
15576623,Customer 15576623,Savings,France,0.00
15805565,Customer 15805565,Savings,Germany,116927.89
15677307,Customer 15677307,Savings,Germany,137326.65
15773890,Customer 15773890,Savings,France,0.00
15598883,Customer 15598883,Savings,Spain,0.00
15568506,Customer 15568506,Savings,Germany,67238.98
15761043,Customer 15761043,Savings,Germany,86569.76
15782236,Customer 15782236,Savings,Spain,0.00
15593601,Customer 15593601,Savings,France,133598.40
15682048,Customer 15682048,Savings,France,136188.78
15746902,Customer 15746902,Savings,Spain,0.00
15752081,Customer 15752081,Savings,France,0.00
15781307,Customer 15781307,Savings,Germany,120092.52
15775912,Customer 15775912,Savings,France,101238.24
15745417,Customer 15745417,Savings,France,89685.92
15671256,Customer 15671256,Savings,France,211774.31
15653547,Customer 15653547,Savings,France,131317.48
15595766,Customer 15595766,Savings,Spain,93722.73
15742358,Customer 15742358,Savings,Germany,101160.99
15763274,Customer 15763274,Savings,France,120320.54
15786063,Customer 15786063,Savings,France,0.00
15600258,Customer 15600258,Savings,France,0.00
15573318,Customer 15573318,Savings,France,0.00
15653849,Customer 15653849,Savings,Germany,152827.99
15694272,Customer 15694272,Savings,France,64097.75
15736112,Customer 15736112,Savings,Spain,119035.35
15749851,Customer 15749851,Savings,Spain,135219.57
15663478,Customer 15663478,Savings,France,93694.42
15592300,Customer 15592300,Savings,Spain,59408.63
15567832,Customer 15567832,Savings,France,114354.95
15776780,Customer 15776780,Savings,France,0.00
15592846,Customer 15592846,Savings,Germany,128173.90
15739803,Customer 15739803,Savings,Spain,0.00
15794142,Customer 15794142,Savings,Germany,114931.35
15762729,Customer 15762729,Savings,Germany,111071.36
15667896,Customer 15667896,Savings,France,151226.18
15626578,Customer 15626578,Savings,France,0.00
15776223,Customer 15776223,Savings,France,64740.12
15705953,Customer 15705953,Savings,Spain,169312.13
15802593,Customer 15802593,Savings,France,0.00
15615457,Customer 15615457,Savings,Spain,112652.08
15708916,Customer 15708916,Savings,France,0.00
15720187,Customer 15720187,Savings,Germany,143964.36
15595440,Customer 15595440,Savings,France,122451.46
15600651,Customer 15600651,Savings,France,0.00
15750141,Customer 15750141,Savings,Germany,65253.07
15657284,Customer 15657284,Savings,Germany,106901.94
15763063,Customer 15763063,Savings,Spain,128509.63
15709324,Customer 15709324,Savings,France,0.00
15711309,Customer 15711309,Savings,Germany,129834.67
15775318,Customer 15775318,Savings,Spain,154962.99
15705515,Customer 15705515,Savings,Germany,138241.90
15634844,Customer 15634844,Savings,Germany,91536.93
15717046,Customer 15717046,Savings,Spain,0.00
15571816,Customer 15571816,Savings,Spain,0.00
15670080,Customer 15670080,Savings,Germany,105204.01
15800440,Customer 15800440,Savings,Spain,152968.73
15665678,Customer 15665678,Savings,Spain,158261.68
15665956,Customer 15665956,Savings,France,0.00
15788126,Customer 15788126,Savings,Spain,121021.05
15811773,Customer 15811773,Savings,France,0.00
15651674,Customer 15651674,Savings,Spain,0.00
15689614,Customer 15689614,Savings,Spain,137715.66
15795564,Customer 15795564,Savings,Germany,121192.22
15706647,Customer 15706647,Savings,France,0.00
15728505,Customer 15728505,Savings,France,100486.18
15730076,Customer 15730076,Savings,France,0.00
15622003,Customer 15622003,Savings,France,92566.53
15607312,Customer 15607312,Savings,Spain,0.00
15644753,Customer 15644753,Savings,Spain,110929.96
15653620,Customer 15653620,Savings,France,0.00
15761986,Customer 15761986,Savings,Spain,138901.61
15633922,Customer 15633922,Savings,France,123217.66
15734674,Customer 15734674,Savings,France,0.00
15658032,Customer 15658032,Savings,France,0.00
15692671,Customer 15692671,Savings,Spain,0.00
15737741,Customer 15737741,Savings,Spain,108431.87
15576352,Customer 15576352,Savings,Spain,0.00
15753719,Customer 15753719,Savings,Germany,72392.41
15803689,Customer 15803689,Savings,Germany,119741.77
15718057,Customer 15718057,Savings,France,100946.71
15722010,Customer 15722010,Savings,Spain,170491.84
15680998,Customer 15680998,Savings,France,0.00
15614782,Customer 15614782,Savings,France,0.00
15591047,Customer 15591047,Savings,Spain,157296.02
15788291,Customer 15788291,Savings,Germany,144606.22
15604044,Customer 15604044,Savings,France,134811.30
15679587,Customer 15679587,Savings,France,115897.12
15775153,Customer 15775153,Savings,Spain,82034.00
15603925,Customer 15603925,Savings,Spain,174318.13
15680970,Customer 15680970,Savings,Germany,114206.84
15697183,Customer 15697183,Savings,Spain,0.00
15567446,Customer 15567446,Savings,Germany,111574.41
15637476,Customer 15637476,Savings,Germany,162448.69
15714939,Customer 15714939,Savings,Germany,148249.54
15683503,Customer 15683503,Savings,France,0.00
15645569,Customer 15645569,Savings,Spain,123709.46
15782569,Customer 15782569,Savings,France,0.00
15592387,Customer 15592387,Savings,France,0.00
15609286,Customer 15609286,Savings,France,150525.80
15814035,Customer 15814035,Savings,France,0.00
15661249,Customer 15661249,Savings,France,0.00
15629117,Customer 15629117,Savings,France,0.00
15607170,Customer 15607170,Savings,France,0.00
15586585,Customer 15586585,Savings,Germany,111018.98
15686611,Customer 15686611,Savings,France,129755.99
15603203,Customer 15603203,Savings,France,0.00
15619857,Customer 15619857,Savings,France,129555.70
15805062,Customer 15805062,Savings,Spain,87202.38
15660271,Customer 15660271,Savings,Germany,146133.39
15745295,Customer 15745295,Savings,Spain,0.00
15719352,Customer 15719352,Savings,Spain,170184.99
15766575,Customer 15766575,Savings,Germany,140745.33
15594594,Customer 15594594,Savings,Spain,139070.51
15646161,Customer 15646161,Savings,Spain,0.00
15682585,Customer 15682585,Savings,France,114193.24
15603134,Customer 15603134,Savings,Spain,167878.50
15636444,Customer 15636444,Savings,Germany,141616.55
15773456,Customer 15773456,Savings,Germany,145747.67
15745307,Customer 15745307,Savings,Spain,129120.64
15604119,Customer 15604119,Savings,Spain,110349.82
15626900,Customer 15626900,Savings,France,141325.56
15605447,Customer 15605447,Savings,France,78653.84
15589030,Customer 15589030,Savings,France,0.00
15692463,Customer 15692463,Savings,Spain,142253.65
15712403,Customer 15712403,Savings,France,0.00
15811762,Customer 15811762,Savings,Germany,115988.86
15718673,Customer 15718673,Savings,Spain,75592.43
15724282,Customer 15724282,Savings,Germany,164113.04
15738181,Customer 15738181,Savings,France,67996.23
15633648,Customer 15633648,Savings,Spain,0.00
15603323,Customer 15603323,Savings,Spain,0.00
15583725,Customer 15583725,Savings,France,138778.15
15588350,Customer 15588350,Savings,France,147832.15
15798398,Customer 15798398,Savings,France,135438.40
15784844,Customer 15784844,Savings,Spain,116060.08
15580684,Customer 15580684,Savings,France,112564.62
15809663,Customer 15809663,Savings,France,125406.58
15640078,Customer 15640078,Savings,Germany,135134.99
15698786,Customer 15698786,Savings,France,133102.92
15569807,Customer 15569807,Savings,France,42157.08
15730830,Customer 15730830,Savings,France,0.00
15805112,Customer 15805112,Savings,France,82259.29
15633064,Customer 15633064,Savings,France,0.00
15703119,Customer 15703119,Savings,France,0.00
15730447,Customer 15730447,Savings,France,0.00
15813850,Customer 15813850,Savings,France,0.00
15711889,Customer 15711889,Savings,France,150461.07
15664610,Customer 15664610,Savings,Germany,133994.52
15751710,Customer 15751710,Savings,Spain,164870.81
15692926,Customer 15692926,Savings,Germany,121702.73
15813741,Customer 15813741,Savings,Spain,193858.20
15698474,Customer 15698474,Savings,Germany,131039.97
15568595,Customer 15568595,Savings,France,113829.45
15603065,Customer 15603065,Savings,France,0.00
15592937,Customer 15592937,Savings,Germany,81877.38
15699637,Customer 15699637,Savings,Spain,116326.07
15667215,Customer 15667215,Savings,France,0.00
15788659,Customer 15788659,Savings,France,0.00
15763218,Customer 15763218,Savings,France,0.00
15645772,Customer 15645772,Savings,France,0.00
15725511,Customer 15725511,Savings,France,127070.73
15575024,Customer 15575024,Savings,France,0.00
15640825,Customer 15640825,Savings,Spain,122549.64
15662397,Customer 15662397,Savings,France,176099.13
15576368,Customer 15576368,Savings,Germany,122388.38
15674991,Customer 15674991,Savings,France,0.00
15721024,Customer 15721024,Savings,France,0.00
15745621,Customer 15745621,Savings,Spain,118879.35
15642394,Customer 15642394,Savings,Spain,0.00
15754605,Customer 15754605,Savings,France,0.00
15607040,Customer 15607040,Savings,Spain,88736.44
15715142,Customer 15715142,Savings,Germany,102703.62
15810978,Customer 15810978,Savings,Spain,0.00
15668886,Customer 15668886,Savings,Spain,0.00
15780804,Customer 15780804,Savings,France,97318.25
15613880,Customer 15613880,Savings,Spain,128468.69
15775238,Customer 15775238,Savings,Germany,133432.59
15786905,Customer 15786905,Savings,Germany,141782.57
15747867,Customer 15747867,Savings,France,135125.28
15600337,Customer 15600337,Savings,Spain,178820.91
15801277,Customer 15801277,Savings,France,112212.14
15579334,Customer 15579334,Savings,Germany,126674.81
15802741,Customer 15802741,Savings,France,136294.97
15720649,Customer 15720649,Savings,France,66392.64
15589493,Customer 15589493,Savings,Germany,122552.34
15688251,Customer 15688251,Savings,France,76408.85
15665238,Customer 15665238,Savings,Germany,145071.24
15740900,Customer 15740900,Savings,France,0.00
15681068,Customer 15681068,Savings,France,109730.22
15748625,Customer 15748625,Savings,France,0.00
15727299,Customer 15727299,Savings,Spain,64119.38
15620204,Customer 15620204,Savings,Germany,106138.33
15669516,Customer 15669516,Savings,Spain,0.00
15736534,Customer 15736534,Savings,Germany,181656.51
15803457,Customer 15803457,Savings,France,0.00
15659098,Customer 15659098,Savings,France,95128.86
15603436,Customer 15603436,Savings,Spain,126615.94
15566292,Customer 15566292,Savings,Spain,0.00
15808621,Customer 15808621,Savings,Germany,76190.48
15580148,Customer 15580148,Savings,Germany,168286.81
15776231,Customer 15776231,Savings,Germany,88109.81
15773809,Customer 15773809,Savings,France,0.00
15649423,Customer 15649423,Savings,France,0.00
15734886,Customer 15734886,Savings,France,123971.51
15722548,Customer 15722548,Savings,France,148116.48
15650288,Customer 15650288,Savings,Germany,116269.01
15629448,Customer 15629448,Savings,Spain,120599.21
15716164,Customer 15716164,Savings,France,144260.50
15807609,Customer 15807609,Savings,Spain,86605.50
15578977,Customer 15578977,Savings,France,0.00
15677369,Customer 15677369,Savings,Germany,58629.97
15804072,Customer 15804072,Savings,Spain,0.00
15696859,Customer 15696859,Savings,France,0.00
15653780,Customer 15653780,Savings,France,0.00
15721658,Customer 15721658,Savings,Spain,209767.31
15578761,Customer 15578761,Savings,Spain,129634.25
15736879,Customer 15736879,Savings,France,0.00
15571973,Customer 15571973,Savings,France,169824.46
15626742,Customer 15626742,Savings,France,97530.25
15672692,Customer 15672692,Savings,France,145988.65
15673570,Customer 15673570,Savings,France,0.00
15767432,Customer 15767432,Savings,France,0.00
15654238,Customer 15654238,Savings,France,137494.28
15612525,Customer 15612525,Savings,France,0.00
15812750,Customer 15812750,Savings,France,147360.00
15790757,Customer 15790757,Savings,France,0.00
15723873,Customer 15723873,Savings,Spain,125167.02
15744607,Customer 15744607,Savings,Germany,121152.05
15612966,Customer 15612966,Savings,Germany,128981.07
15784209,Customer 15784209,Savings,France,0.00
15794278,Customer 15794278,Savings,Spain,151858.98
15766741,Customer 15766741,Savings,France,114628.40
15661036,Customer 15661036,Savings,France,0.00
15705639,Customer 15705639,Savings,France,95059.02
15637414,Customer 15637414,Savings,France,128736.39
15716835,Customer 15716835,Savings,France,156325.38
15696231,Customer 15696231,Savings,France,105405.97
15641675,Customer 15641675,Savings,France,88915.37
15670755,Customer 15670755,Savings,France,0.00
15640059,Customer 15640059,Savings,France,0.00
15787619,Customer 15787619,Savings,France,160980.03
15587535,Customer 15587535,Savings,Spain,177619.71
15813034,Customer 15813034,Savings,Spain,62276.99
15698839,Customer 15698839,Savings,Germany,127559.97
15790314,Customer 15790314,Savings,France,0.00
15634245,Customer 15634245,Savings,Germany,95523.16
15677305,Customer 15677305,Savings,France,107749.03
15661526,Customer 15661526,Savings,Germany,110777.26
15685997,Customer 15685997,Savings,Spain,166733.92
15660101,Customer 15660101,Savings,France,157120.86
15637979,Customer 15637979,Savings,Germany,127160.78
15815364,Customer 15815364,Savings,Spain,0.00
15647099,Customer 15647099,Savings,France,156091.97
15625944,Customer 15625944,Savings,France,98668.18
15583212,Customer 15583212,Savings,France,134022.06
15582741,Customer 15582741,Savings,France,124151.09
15637876,Customer 15637876,Savings,Germany,77253.50
15622750,Customer 15622750,Savings,Germany,114292.48
15672056,Customer 15672056,Savings,Germany,140080.32
15812351,Customer 15812351,Savings,Spain,135277.96
15810864,Customer 15810864,Savings,France,0.00
15677921,Customer 15677921,Savings,Germany,115920.62
15724296,Customer 15724296,Savings,Spain,119782.72
15685329,Customer 15685329,Savings,France,114715.71
15584091,Customer 15584091,Savings,Germany,129748.54
15640442,Customer 15640442,Savings,France,129722.57
15639314,Customer 15639314,Savings,France,0.00
15685320,Customer 15685320,Savings,France,139180.20
15789158,Customer 15789158,Savings,Germany,113599.74
15752137,Customer 15752137,Savings,France,134944.00
15712551,Customer 15712551,Savings,Germany,116922.25
15628936,Customer 15628936,Savings,Spain,118945.09
15797227,Customer 15797227,Savings,France,0.00
15769974,Customer 15769974,Savings,Spain,119182.73
15737051,Customer 15737051,Savings,France,0.00
15585595,Customer 15585595,Savings,France,71264.02
15654060,Customer 15654060,Savings,France,0.00
15745196,Customer 15745196,Savings,France,0.00
15571221,Customer 15571221,Savings,Germany,116313.57
15660155,Customer 15660155,Savings,Spain,92140.15
15605284,Customer 15605284,Savings,France,0.00
15694366,Customer 15694366,Savings,Germany,177640.09
15600739,Customer 15600739,Savings,Spain,0.00
15653253,Customer 15653253,Savings,Spain,167997.60
15763431,Customer 15763431,Savings,France,82275.35
15643696,Customer 15643696,Savings,France,0.00
15707473,Customer 15707473,Savings,Germany,111962.99
15769504,Customer 15769504,Savings,Germany,131736.88
15776807,Customer 15776807,Savings,France,0.00
15686870,Customer 15686870,Savings,Germany,108239.11
15668747,Customer 15668747,Savings,France,98444.19
15766908,Customer 15766908,Savings,Germany,114540.38
15570134,Customer 15570134,Savings,France,187530.66
15567367,Customer 15567367,Savings,Germany,133636.16
15747542,Customer 15747542,Savings,France,0.00
15762238,Customer 15762238,Savings,Germany,84745.03
15681554,Customer 15681554,Savings,Germany,120599.38
15712825,Customer 15712825,Savings,Spain,0.00
15640280,Customer 15640280,Savings,France,127771.35
15756026,Customer 15756026,Savings,Spain,0.00
15613319,Customer 15613319,Savings,France,0.00
15798906,Customer 15798906,Savings,France,0.00
15708917,Customer 15708917,Savings,Germany,167772.96
15778463,Customer 15778463,Savings,France,95845.60
15699430,Customer 15699430,Savings,France,0.00
15649992,Customer 15649992,Savings,Spain,134714.70
15578980,Customer 15578980,Savings,Spain,0.00
15775306,Customer 15775306,Savings,Germany,122384.22
15641655,Customer 15641655,Savings,France,0.00
15619708,Customer 15619708,Savings,France,157993.15
15734565,Customer 15734565,Savings,France,0.00
15806438,Customer 15806438,Savings,Germany,123331.36
15591969,Customer 15591969,Savings,Spain,75263.16
15747807,Customer 15747807,Savings,France,137824.03
15596939,Customer 15596939,Savings,Germany,132578.92
15716155,Customer 15716155,Savings,France,156021.31
15765311,Customer 15765311,Savings,Spain,0.00
15757811,Customer 15757811,Savings,Spain,137453.43
15603830,Customer 15603830,Savings,Spain,0.00
15660602,Customer 15660602,Savings,Germany,164284.72
15660535,Customer 15660535,Savings,France,0.00
15666633,Customer 15666633,Savings,Spain,0.00
15596914,Customer 15596914,Savings,Germany,112373.49
15639788,Customer 15639788,Savings,France,0.00
15695846,Customer 15695846,Savings,France,0.00
15726234,Customer 15726234,Savings,Spain,0.00
15797964,Customer 15797964,Savings,Germany,154333.82
15625881,Customer 15625881,Savings,Germany,111432.77
15780628,Customer 15780628,Savings,France,0.00
15575883,Customer 15575883,Savings,France,137390.11
15585036,Customer 15585036,Savings,Spain,0.00
15589488,Customer 15589488,Savings,Germany,111642.08
15585888,Customer 15585888,Savings,Spain,0.00
15727915,Customer 15727915,Savings,France,83543.37
15707567,Customer 15707567,Savings,Germany,145338.76
15737792,Customer 15737792,Savings,France,186796.37
15599433,Customer 15599433,Savings,Germany,58641.43
15672012,Customer 15672012,Savings,Spain,0.00
15806983,Customer 15806983,Savings,France,137148.68
15592222,Customer 15592222,Savings,France,80001.23
15608968,Customer 15608968,Savings,Germany,86402.52
15586959,Customer 15586959,Savings,France,0.00
15646558,Customer 15646558,Savings,Spain,122874.74
15725811,Customer 15725811,Savings,France,97544.29
15572265,Customer 15572265,Savings,Germany,170826.55
15794048,Customer 15794048,Savings,Germany,97133.92
15677610,Customer 15677610,Savings,Germany,153895.65
15745012,Customer 15745012,Savings,France,0.00
15601589,Customer 15601589,Savings,France,0.00
15686436,Customer 15686436,Savings,Spain,0.00
15693864,Customer 15693864,Savings,Germany,134956.02
15760550,Customer 15760550,Savings,Spain,143637.58
15686137,Customer 15686137,Savings,Spain,147506.25
15809087,Customer 15809087,Savings,France,0.00
15807663,Customer 15807663,Savings,France,190227.46
15809100,Customer 15809100,Savings,France,172448.77
15794916,Customer 15794916,Savings,France,113980.21
15614215,Customer 15614215,Savings,France,0.00
15805449,Customer 15805449,Savings,France,0.00
15686983,Customer 15686983,Savings,Germany,76968.12
15808017,Customer 15808017,Savings,France,88293.13
15756804,Customer 15756804,Savings,France,170833.46
15646810,Customer 15646810,Savings,Germany,108122.39
15710424,Customer 15710424,Savings,France,0.00
15799422,Customer 15799422,Savings,France,0.00
15692750,Customer 15692750,Savings,Germany,129818.39
15794549,Customer 15794549,Savings,France,163943.89
15803764,Customer 15803764,Savings,France,0.00
15674840,Customer 15674840,Savings,France,101430.30
15653762,Customer 15653762,Savings,France,117301.66
15581229,Customer 15581229,Savings,Germany,173340.83
15800228,Customer 15800228,Savings,Spain,0.00
15656333,Customer 15656333,Savings,France,134348.57
15697497,Customer 15697497,Savings,France,105525.65
15585362,Customer 15585362,Savings,France,0.00
15571928,Customer 15571928,Savings,France,0.00
15785519,Customer 15785519,Savings,France,106192.10
15743007,Customer 15743007,Savings,France,45144.43
15777211,Customer 15777211,Savings,France,92113.61
15721935,Customer 15721935,Savings,France,0.00
15591711,Customer 15591711,Savings,Spain,128366.44
15625021,Customer 15625021,Savings,France,0.00
15702968,Customer 15702968,Savings,Germany,106545.53
15600462,Customer 15600462,Savings,France,145618.37
15768104,Customer 15768104,Savings,Spain,141541.25
15780140,Customer 15780140,Savings,Germany,57017.06
15585255,Customer 15585255,Savings,France,0.00
15772781,Customer 15772781,Savings,France,0.00
15669987,Customer 15669987,Savings,Germany,125884.95
15697000,Customer 15697000,Savings,Germany,61825.50
15733119,Customer 15733119,Savings,France,0.00
15782390,Customer 15782390,Savings,France,0.00
15654700,Customer 15654700,Savings,France,102967.41
15632210,Customer 15632210,Savings,Germany,171770.55
15642041,Customer 15642041,Savings,Germany,93051.64
15709737,Customer 15709737,Savings,France,161064.64
15792388,Customer 15792388,Savings,France,90612.34
15786014,Customer 15786014,Savings,France,145105.64
15794580,Customer 15794580,Savings,France,0.00
15675964,Customer 15675964,Savings,France,0.00
15814275,Customer 15814275,Savings,France,174912.72
15724848,Customer 15724848,Savings,France,104947.72
15754713,Customer 15754713,Savings,Spain,135213.71
15693814,Customer 15693814,Savings,Spain,0.00
15599660,Customer 15599660,Savings,France,116229.85
15746490,Customer 15746490,Savings,Spain,111201.41
15566091,Customer 15566091,Savings,Spain,0.00
15655961,Customer 15655961,Savings,Germany,131899.00
15710404,Customer 15710404,Savings,France,124525.52
15775625,Customer 15775625,Savings,France,0.00
15792328,Customer 15792328,Savings,France,0.00
15719856,Customer 15719856,Savings,France,47134.75
15593773,Customer 15593773,Savings,Spain,0.00
15733114,Customer 15733114,Savings,Spain,0.00
15797748,Customer 15797748,Savings,France,0.00
15743411,Customer 15743411,Savings,Spain,0.00
15753337,Customer 15753337,Savings,France,0.00
15601026,Customer 15601026,Savings,Germany,138657.08
15658485,Customer 15658485,Savings,France,70302.48
15636731,Customer 15636731,Savings,Germany,101609.01
15628303,Customer 15628303,Savings,Spain,0.00
15633461,Customer 15633461,Savings,Germany,130170.82
15677135,Customer 15677135,Savings,Germany,133802.29
15590876,Customer 15590876,Savings,France,106234.02
15790782,Customer 15790782,Savings,Spain,132628.98
15700476,Customer 15700476,Savings,Germany,103522.75
15634141,Customer 15634141,Savings,Germany,192390.52
15737795,Customer 15737795,Savings,Spain,0.00
15790299,Customer 15790299,Savings,Spain,0.00
15675316,Customer 15675316,Savings,France,0.00
15613630,Customer 15613630,Savings,France,109922.61
15662100,Customer 15662100,Savings,Germany,128605.32
15668032,Customer 15668032,Savings,France,0.00
15599289,Customer 15599289,Savings,France,68598.56
15754084,Customer 15754084,Savings,Spain,106518.52
15676521,Customer 15676521,Savings,France,0.00
15804586,Customer 15804586,Savings,France,0.00
15781465,Customer 15781465,Savings,Germany,121326.42
15729362,Customer 15729362,Savings,France,67226.37
15709295,Customer 15709295,Savings,Spain,82931.85
15745324,Customer 15745324,Savings,Spain,0.00
15741336,Customer 15741336,Savings,France,118590.41
15783659,Customer 15783659,Savings,France,145981.87
15620981,Customer 15620981,Savings,France,73309.38
15630328,Customer 15630328,Savings,France,130796.33
15785899,Customer 15785899,Savings,Germany,151607.56
15606149,Customer 15606149,Savings,Germany,111577.01
15671139,Customer 15671139,Savings,Spain,107042.74
15660429,Customer 15660429,Savings,Spain,156371.61
15571002,Customer 15571002,Savings,France,129605.99
15631681,Customer 15631681,Savings,Spain,0.00
15731522,Customer 15731522,Savings,Spain,0.00
15619529,Customer 15619529,Savings,Spain,132576.25
15628034,Customer 15628034,Savings,France,129101.30
15686164,Customer 15686164,Savings,Germany,108822.40
15582797,Customer 15582797,Savings,Spain,137948.51
15753831,Customer 15753831,Savings,Spain,100433.80
15731815,Customer 15731815,Savings,Spain,96134.11
15580956,Customer 15580956,Savings,Germany,115888.04
15602084,Customer 15602084,Savings,France,124626.07
15589805,Customer 15589805,Savings,France,139810.34
15720893,Customer 15720893,Savings,Spain,0.00
15641009,Customer 15641009,Savings,France,84496.71
15605926,Customer 15605926,Savings,Germany,116854.71
15805955,Customer 15805955,Savings,France,138333.03
15801488,Customer 15801488,Savings,France,0.00
15605918,Customer 15605918,Savings,Germany,78992.75
15779711,Customer 15779711,Savings,Spain,97257.41
15705620,Customer 15705620,Savings,France,122453.37
15685357,Customer 15685357,Savings,Spain,112940.07
15570060,Customer 15570060,Savings,France,132558.26
15582616,Customer 15582616,Savings,France,0.00
15799515,Customer 15799515,Savings,France,133297.24
15642937,Customer 15642937,Savings,France,0.00
15624729,Customer 15624729,Savings,France,197041.80
15566156,Customer 15566156,Savings,Germany,71497.79
15792360,Customer 15792360,Savings,France,0.00
15807008,Customer 15807008,Savings,Germany,128100.28
15704770,Customer 15704770,Savings,France,124532.78
15756475,Customer 15756475,Savings,Germany,82293.82
15655339,Customer 15655339,Savings,France,142120.91
15613749,Customer 15613749,Savings,Spain,151839.26
15664521,Customer 15664521,Savings,Spain,149620.88
15681206,Customer 15681206,Savings,France,168197.66
15745527,Customer 15745527,Savings,France,93147.00
15806926,Customer 15806926,Savings,France,97440.02
15724563,Customer 15724563,Savings,Germany,65046.08
15782899,Customer 15782899,Savings,Spain,95357.49
15623521,Customer 15623521,Savings,Spain,123105.88
15810218,Customer 15810218,Savings,Spain,0.00
15645621,Customer 15645621,Savings,Spain,0.00
15608114,Customer 15608114,Savings,Spain,121286.27
15659557,Customer 15659557,Savings,Germany,167738.82
15787772,Customer 15787772,Savings,France,104091.29
15691111,Customer 15691111,Savings,Germany,121980.56
15592089,Customer 15592089,Savings,France,0.00
15633897,Customer 15633897,Savings,Germany,50880.98
15701301,Customer 15701301,Savings,France,175159.90
15723685,Customer 15723685,Savings,Germany,105514.69
15701602,Customer 15701602,Savings,Germany,116497.31
15739189,Customer 15739189,Savings,Spain,0.00
15573086,Customer 15573086,Savings,France,99824.45
15569050,Customer 15569050,Savings,France,0.00
15750765,Customer 15750765,Savings,Spain,0.00
15799811,Customer 15799811,Savings,France,0.00
15698442,Customer 15698442,Savings,Spain,122964.88
15655274,Customer 15655274,Savings,France,0.00
15603594,Customer 15603594,Savings,Spain,0.00
15585961,Customer 15585961,Savings,Spain,0.00
15686936,Customer 15686936,Savings,France,89634.69
15770424,Customer 15770424,Savings,Germany,95710.11
15587451,Customer 15587451,Savings,Germany,139706.31
15602010,Customer 15602010,Savings,Germany,103909.86
15600583,Customer 15600583,Savings,France,0.00
15654673,Customer 15654673,Savings,France,173434.90
15717164,Customer 15717164,Savings,Spain,102238.01
15765014,Customer 15765014,Savings,France,179380.74
15682639,Customer 15682639,Savings,France,0.00
15729279,Customer 15729279,Savings,France,108691.95
15759805,Customer 15759805,Savings,France,0.00
15767864,Customer 15767864,Savings,France,0.00
15769948,Customer 15769948,Savings,Germany,133377.80
15686345,Customer 15686345,Savings,Spain,0.00
15688071,Customer 15688071,Savings,Spain,0.00
15681174,Customer 15681174,Savings,France,116537.60
15667521,Customer 15667521,Savings,France,0.00
15750243,Customer 15750243,Savings,Spain,0.00
15695475,Customer 15695475,Savings,France,130131.08
15689176,Customer 15689176,Savings,France,0.00
15652955,Customer 15652955,Savings,Spain,0.00
15668958,Customer 15668958,Savings,France,107316.09
15631054,Customer 15631054,Savings,France,0.00
15581479,Customer 15581479,Savings,France,83181.29
15577478,Customer 15577478,Savings,France,0.00
15780870,Customer 15780870,Savings,Spain,153946.14
15692317,Customer 15692317,Savings,France,0.00
15593969,Customer 15593969,Savings,Spain,135483.17
15570417,Customer 15570417,Savings,France,0.00
15779059,Customer 15779059,Savings,France,119624.54
15785980,Customer 15785980,Savings,Spain,121132.26
15644200,Customer 15644200,Savings,Spain,0.00
15793949,Customer 15793949,Savings,France,0.00
15645103,Customer 15645103,Savings,Germany,54817.55
15705860,Customer 15705860,Savings,Germany,107949.45
15623828,Customer 15623828,Savings,France,0.00
15715003,Customer 15715003,Savings,Spain,80816.45
15623471,Customer 15623471,Savings,Germany,98205.77
15798348,Customer 15798348,Savings,Spain,94684.27
15743016,Customer 15743016,Savings,Spain,141604.76
15769499,Customer 15769499,Savings,Spain,0.00
15798521,Customer 15798521,Savings,Spain,0.00
15706534,Customer 15706534,Savings,France,122949.14
15706186,Customer 15706186,Savings,Germany,81677.22
15812197,Customer 15812197,Savings,France,80293.98
15650933,Customer 15650933,Savings,Spain,155413.06
15692991,Customer 15692991,Savings,Spain,0.00
15631189,Customer 15631189,Savings,Germany,67111.65
15762198,Customer 15762198,Savings,France,103818.43
15699598,Customer 15699598,Savings,France,0.00
15692744,Customer 15692744,Savings,France,152169.12
15688963,Customer 15688963,Savings,France,0.00
15599131,Customer 15599131,Savings,Germany,214346.96
15680303,Customer 15680303,Savings,France,0.00
15628674,Customer 15628674,Savings,France,113348.14
15648075,Customer 15648075,Savings,Germany,170935.94
15586970,Customer 15586970,Savings,Germany,103023.26
15625698,Customer 15625698,Savings,Spain,0.00
15790497,Customer 15790497,Savings,Spain,0.00
15682618,Customer 15682618,Savings,France,111855.04
15762937,Customer 15762937,Savings,Germany,140348.56
15750929,Customer 15750929,Savings,Spain,0.00
15729832,Customer 15729832,Savings,France,145512.84
15633650,Customer 15633650,Savings,Germany,146720.98
15748856,Customer 15748856,Savings,France,107209.73
15589195,Customer 15589195,Savings,Germany,130933.74
15699911,Customer 15699911,Savings,Spain,0.00
15663438,Customer 15663438,Savings,Spain,89772.30
15692583,Customer 15692583,Savings,France,0.00
15591257,Customer 15591257,Savings,France,0.00
15646513,Customer 15646513,Savings,France,0.00
15708063,Customer 15708063,Savings,France,100749.50
15696098,Customer 15696098,Savings,France,0.00
15645517,Customer 15645517,Savings,Spain,0.00
15649744,Customer 15649744,Savings,France,123981.31
15604304,Customer 15604304,Savings,Germany,91622.42
15784092,Customer 15784092,Savings,France,126195.81
15585198,Customer 15585198,Savings,France,94267.90
15624347,Customer 15624347,Savings,France,0.00
15621687,Customer 15621687,Savings,France,0.00
15689081,Customer 15689081,Savings,France,0.00
15813168,Customer 15813168,Savings,Germany,100717.85
15604295,Customer 15604295,Savings,France,0.00
15724127,Customer 15724127,Savings,France,141581.71
15673055,Customer 15673055,Savings,Spain,0.00
15768201,Customer 15768201,Savings,France,148586.64
15782219,Customer 15782219,Savings,Spain,0.00
15746410,Customer 15746410,Savings,Spain,0.00
15780144,Customer 15780144,Savings,Germany,123403.85
15590476,Customer 15590476,Savings,France,0.00
15624293,Customer 15624293,Savings,France,106511.85
15618182,Customer 15618182,Savings,France,0.00
15660316,Customer 15660316,Savings,Germany,135549.90
15678886,Customer 15678886,Savings,Germany,110555.37
15616330,Customer 15616330,Savings,France,0.00
15592229,Customer 15592229,Savings,France,185891.54
15798424,Customer 15798424,Savings,Germany,130854.59
15714750,Customer 15714750,Savings,France,92578.14
15648800,Customer 15648800,Savings,Germany,132312.06
15626147,Customer 15626147,Savings,France,144976.50
15626608,Customer 15626608,Savings,Spain,87070.23
15723250,Customer 15723250,Savings,France,0.00
15592583,Customer 15592583,Savings,France,115414.19
15759381,Customer 15759381,Savings,Spain,91070.43
15585241,Customer 15585241,Savings,Spain,117412.19
15589358,Customer 15589358,Savings,Germany,90018.45
15672704,Customer 15672704,Savings,France,0.00
15789955,Customer 15789955,Savings,Germany,112414.81
15596800,Customer 15596800,Savings,Germany,158456.76
15627305,Customer 15627305,Savings,Spain,0.00
15645316,Customer 15645316,Savings,Germany,149641.53
15593973,Customer 15593973,Savings,Spain,122528.18
15647301,Customer 15647301,Savings,Germany,143734.01
15750258,Customer 15750258,Savings,France,155663.31
15685309,Customer 15685309,Savings,France,0.00
15628205,Customer 15628205,Savings,Germany,101736.66
15733974,Customer 15733974,Savings,Spain,125822.21
15762110,Customer 15762110,Savings,France,0.00
15706899,Customer 15706899,Savings,France,0.00
15732660,Customer 15732660,Savings,France,0.00
15656121,Customer 15656121,Savings,Germany,157791.07
15614220,Customer 15614220,Savings,France,0.00
15645269,Customer 15645269,Savings,France,0.00
15698510,Customer 15698510,Savings,Germany,181627.14
15569247,Customer 15569247,Savings,Spain,109679.72
15566251,Customer 15566251,Savings,France,96652.86
15716134,Customer 15716134,Savings,France,190008.32
15763625,Customer 15763625,Savings,Spain,0.00
15605965,Customer 15605965,Savings,France,0.00
15694821,Customer 15694821,Savings,Germany,148962.76
15601688,Customer 15601688,Savings,France,0.00
15575581,Customer 15575581,Savings,Germany,131344.52
15671209,Customer 15671209,Savings,Germany,101713.84
15616529,Customer 15616529,Savings,Spain,0.00
15773906,Customer 15773906,Savings,France,0.00
15722993,Customer 15722993,Savings,France,137963.07
15752463,Customer 15752463,Savings,Spain,129938.07
15589754,Customer 15589754,Savings,Germany,151421.44
15669899,Customer 15669899,Savings,Germany,135643.00
15766887,Customer 15766887,Savings,Spain,122773.50
15768006,Customer 15768006,Savings,France,152303.80
15741295,Customer 15741295,Savings,France,0.00
15811327,Customer 15811327,Savings,Spain,79415.67
15690007,Customer 15690007,Savings,Germany,125801.03
15690664,Customer 15690664,Savings,Spain,0.00
15719348,Customer 15719348,Savings,France,0.00
15781802,Customer 15781802,Savings,France,104817.41
15752731,Customer 15752731,Savings,France,0.00
15600997,Customer 15600997,Savings,Germany,67495.04
15750776,Customer 15750776,Savings,France,164850.54
15723907,Customer 15723907,Savings,Germany,154776.42
15633419,Customer 15633419,Savings,Germany,143124.63
15702430,Customer 15702430,Savings,France,0.00
15710456,Customer 15710456,Savings,France,0.00
15650351,Customer 15650351,Savings,France,102133.38
15590820,Customer 15590820,Savings,Spain,79932.41
15640454,Customer 15640454,Savings,Germany,120711.73
15697789,Customer 15697789,Savings,Germany,122717.53
15808182,Customer 15808182,Savings,Spain,92363.30
15588670,Customer 15588670,Savings,Spain,203715.15
15721292,Customer 15721292,Savings,Spain,0.00
15604217,Customer 15604217,Savings,France,0.00
15651369,Customer 15651369,Savings,France,0.00
15782454,Customer 15782454,Savings,France,0.00
15814032,Customer 15814032,Savings,Germany,93460.47
15570326,Customer 15570326,Savings,France,0.00
15624428,Customer 15624428,Savings,Germany,40224.70
15755638,Customer 15755638,Savings,France,168069.73
15600992,Customer 15600992,Savings,France,0.00
15755649,Customer 15755649,Savings,Germany,130538.77
15795228,Customer 15795228,Savings,France,132623.60
15589257,Customer 15589257,Savings,France,103465.02
15719302,Customer 15719302,Savings,France,126547.80
15639882,Customer 15639882,Savings,France,128262.72
15791279,Customer 15791279,Savings,France,169742.64
15636935,Customer 15636935,Savings,France,0.00
15686909,Customer 15686909,Savings,Germany,150795.81
15589572,Customer 15589572,Savings,Spain,129855.72
15779947,Customer 15779947,Savings,Spain,146098.43
15573769,Customer 15573769,Savings,France,0.00
15578866,Customer 15578866,Savings,France,0.00
15739131,Customer 15739131,Savings,Germany,65643.30
15813444,Customer 15813444,Savings,Spain,0.00
15678058,Customer 15678058,Savings,France,104584.16
15769169,Customer 15769169,Savings,France,0.00
15804602,Customer 15804602,Savings,Germany,99785.28
15651052,Customer 15651052,Savings,Germany,127655.22
15724334,Customer 15724334,Savings,France,0.00
15569451,Customer 15569451,Savings,France,101257.16
15650098,Customer 15650098,Savings,France,0.00
15724307,Customer 15724307,Savings,France,121313.88
15599268,Customer 15599268,Savings,Spain,0.00
15594864,Customer 15594864,Savings,Germany,81523.38
15616451,Customer 15616451,Savings,France,128252.66
15715667,Customer 15715667,Savings,France,0.00
15658969,Customer 15658969,Savings,France,0.00
15738174,Customer 15738174,Savings,France,0.00
15813590,Customer 15813590,Savings,Spain,0.00
15624229,Customer 15624229,Savings,France,0.00
15674148,Customer 15674148,Savings,Spain,0.00
15625080,Customer 15625080,Savings,Spain,0.00
15682528,Customer 15682528,Savings,France,0.00
15696900,Customer 15696900,Savings,Germany,145541.56
15730038,Customer 15730038,Savings,France,0.00
15812272,Customer 15812272,Savings,Germany,124601.58
15654654,Customer 15654654,Savings,Germany,115182.84
15697625,Customer 15697625,Savings,France,163789.49
15616280,Customer 15616280,Savings,France,65733.41
15654229,Customer 15654229,Savings,Spain,0.00
15628298,Customer 15628298,Savings,Spain,128486.11
15733387,Customer 15733387,Savings,Spain,109663.47
15775572,Customer 15775572,Savings,Germany,88324.31
15613844,Customer 15613844,Savings,France,146445.24
15578515,Customer 15578515,Savings,France,0.00
15607598,Customer 15607598,Savings,Spain,0.00
15742480,Customer 15742480,Savings,Germany,109949.05
15749482,Customer 15749482,Savings,Spain,78653.05
15607537,Customer 15607537,Savings,Germany,107850.82
15575410,Customer 15575410,Savings,Germany,83765.35
15684865,Customer 15684865,Savings,France,143773.07
15600700,Customer 15600700,Savings,Germany,116227.27
15774155,Customer 15774155,Savings,Germany,103471.52
15634267,Customer 15634267,Savings,France,0.00
15619626,Customer 15619626,Savings,France,137492.35
15660422,Customer 15660422,Savings,France,0.00
15617934,Customer 15617934,Savings,France,129829.59
15760774,Customer 15760774,Savings,France,146329.57
15813132,Customer 15813132,Savings,Germany,114027.70
15593331,Customer 15593331,Savings,Germany,146580.69
15616709,Customer 15616709,Savings,Germany,132122.42
15658052,Customer 15658052,Savings,France,81553.93
15721189,Customer 15721189,Savings,France,0.00
15711288,Customer 15711288,Savings,France,0.00
15770030,Customer 15770030,Savings,Spain,0.00
15803681,Customer 15803681,Savings,France,0.00
15702789,Customer 15702789,Savings,Germany,175214.71
15814930,Customer 15814930,Savings,Germany,125534.51
15658306,Customer 15658306,Savings,France,97705.99
15699523,Customer 15699523,Savings,Germany,126817.65
15610383,Customer 15610383,Savings,France,46870.43
15615032,Customer 15615032,Savings,Spain,0.00
15781989,Customer 15781989,Savings,France,120094.93
15647402,Customer 15647402,Savings,France,0.00
15740494,Customer 15740494,Savings,France,0.00
15701265,Customer 15701265,Savings,Germany,104356.94
15743532,Customer 15743532,Savings,Germany,147004.34
15794870,Customer 15794870,Savings,Germany,73023.17
15747591,Customer 15747591,Savings,Spain,173432.55
15726557,Customer 15726557,Savings,France,165679.92
15732199,Customer 15732199,Savings,Spain,104678.62
15662291,Customer 15662291,Savings,France,116973.26
15749050,Customer 15749050,Savings,France,0.00
15781586,Customer 15781586,Savings,Germany,126732.85
15617078,Customer 15617078,Savings,France,148481.09
15723339,Customer 15723339,Savings,France,137654.05
15671322,Customer 15671322,Savings,Germany,115315.04
15793854,Customer 15793854,Savings,France,99095.73
15756539,Customer 15756539,Savings,Germany,165610.41
15612064,Customer 15612064,Savings,France,0.00
15625916,Customer 15625916,Savings,Spain,161628.66
15683195,Customer 15683195,Savings,France,146605.27
15690182,Customer 15690182,Savings,Germany,113488.68
15721719,Customer 15721719,Savings,France,77002.20
15641690,Customer 15641690,Savings,Spain,0.00
15634896,Customer 15634896,Savings,France,0.00
15671590,Customer 15671590,Savings,Spain,0.00
15779182,Customer 15779182,Savings,Spain,182364.53
15778287,Customer 15778287,Savings,France,0.00
15609510,Customer 15609510,Savings,France,149364.58
15742229,Customer 15742229,Savings,France,127450.14
15658532,Customer 15658532,Savings,Spain,162278.32
15590993,Customer 15590993,Savings,Spain,152212.88
15565701,Customer 15565701,Savings,Spain,161993.89
15597239,Customer 15597239,Savings,Spain,131468.44
15688880,Customer 15688880,Savings,Germany,102980.44
15813917,Customer 15813917,Savings,Germany,143321.97
15679611,Customer 15679611,Savings,Spain,130404.92
15636589,Customer 15636589,Savings,France,0.00
15687752,Customer 15687752,Savings,France,87505.47
15584363,Customer 15584363,Savings,France,133634.02
15737748,Customer 15737748,Savings,Spain,151233.62
15803365,Customer 15803365,Savings,Spain,70263.83
15793247,Customer 15793247,Savings,France,0.00
15572360,Customer 15572360,Savings,France,57657.49
15795166,Customer 15795166,Savings,Germany,153572.31
15724620,Customer 15724620,Savings,France,134752.08
15800856,Customer 15800856,Savings,Spain,83132.09
15671097,Customer 15671097,Savings,France,0.00
15683930,Customer 15683930,Savings,Germany,134096.53
15749004,Customer 15749004,Savings,France,118100.59
15800434,Customer 15800434,Savings,Germany,76915.40
15709117,Customer 15709117,Savings,Spain,81576.75
15638806,Customer 15638806,Savings,Spain,0.00
15662294,Customer 15662294,Savings,France,118327.17
15690079,Customer 15690079,Savings,Spain,124857.69
15759317,Customer 15759317,Savings,Germany,90971.85
15750497,Customer 15750497,Savings,France,153147.75
15596181,Customer 15596181,Savings,France,65942.26
15576602,Customer 15576602,Savings,France,0.00
15644833,Customer 15644833,Savings,France,0.00
15734634,Customer 15734634,Savings,Spain,100912.19
15808689,Customer 15808689,Savings,France,0.00
15720702,Customer 15720702,Savings,France,0.00
15665077,Customer 15665077,Savings,France,0.00
15763612,Customer 15763612,Savings,Germany,124439.49
15596493,Customer 15596493,Savings,France,0.00
15704483,Customer 15704483,Savings,France,0.00
15598846,Customer 15598846,Savings,France,58781.76
15629244,Customer 15629244,Savings,Spain,159453.64
15765537,Customer 15765537,Savings,Germany,142721.52
15729975,Customer 15729975,Savings,France,167795.60
15682773,Customer 15682773,Savings,France,128345.69
15688007,Customer 15688007,Savings,Spain,165260.98
15574331,Customer 15574331,Savings,Germany,118233.81
15645572,Customer 15645572,Savings,France,0.00
15742854,Customer 15742854,Savings,Spain,0.00
15575417,Customer 15575417,Savings,Germany,143452.74
15796721,Customer 15796721,Savings,France,145018.49
15734942,Customer 15734942,Savings,Germany,82407.51
15664772,Customer 15664772,Savings,Germany,79460.98
15576683,Customer 15576683,Savings,Spain,0.00
15682563,Customer 15682563,Savings,Spain,126473.99
15650889,Customer 15650889,Savings,Germany,133537.10
15612108,Customer 15612108,Savings,France,164978.01
15761132,Customer 15761132,Savings,Spain,128029.72
15645511,Customer 15645511,Savings,Spain,97403.18
15609824,Customer 15609824,Savings,France,176845.41
15640268,Customer 15640268,Savings,Spain,0.00
15645778,Customer 15645778,Savings,Spain,81589.04
15691104,Customer 15691104,Savings,Germany,119507.58
15714567,Customer 15714567,Savings,Spain,0.00
15777826,Customer 15777826,Savings,France,94443.77
15668445,Customer 15668445,Savings,France,0.00
15576162,Customer 15576162,Savings,France,92199.84
15778135,Customer 15778135,Savings,Spain,0.00
15613141,Customer 15613141,Savings,France,135756.96
15635435,Customer 15635435,Savings,France,120633.42
15596552,Customer 15596552,Savings,Germany,134542.73
15623644,Customer 15623644,Savings,Spain,0.00
15683403,Customer 15683403,Savings,Spain,0.00
15615029,Customer 15615029,Savings,Spain,0.00
15769005,Customer 15769005,Savings,France,154344.49
15746326,Customer 15746326,Savings,France,0.00
15722364,Customer 15722364,Savings,France,189026.53
15704954,Customer 15704954,Savings,France,120764.08
15694409,Customer 15694409,Savings,Germany,97975.82
15754068,Customer 15754068,Savings,France,0.00
15683841,Customer 15683841,Savings,Germany,113270.20
15789095,Customer 15789095,Savings,Spain,0.00
15719958,Customer 15719958,Savings,Germany,124548.99
15689514,Customer 15689514,Savings,France,201696.07
15621353,Customer 15621353,Savings,Spain,0.00
15627232,Customer 15627232,Savings,Germany,114203.47
15745843,Customer 15745843,Savings,Spain,0.00
15722902,Customer 15722902,Savings,Germany,125437.64
15791767,Customer 15791767,Savings,France,0.00
15792722,Customer 15792722,Savings,France,64897.75
15723006,Customer 15723006,Savings,France,0.00
15771942,Customer 15771942,Savings,Germany,135555.66
15774738,Customer 15774738,Savings,France,107764.75
15574004,Customer 15574004,Savings,France,117307.44
15587233,Customer 15587233,Savings,France,73700.12
15808228,Customer 15808228,Savings,Spain,60603.40
15682834,Customer 15682834,Savings,Spain,40169.88
15571752,Customer 15571752,Savings,Germany,92041.87
15743067,Customer 15743067,Savings,Germany,130483.95
15714466,Customer 15714466,Savings,France,0.00
15617982,Customer 15617982,Savings,Spain,0.00
15696637,Customer 15696637,Savings,France,151097.28
15690647,Customer 15690647,Savings,Spain,67563.31
15672756,Customer 15672756,Savings,France,112808.18
15704586,Customer 15704586,Savings,France,0.00
15674526,Customer 15674526,Savings,France,86459.80
15775295,Customer 15775295,Savings,France,118633.08
15684196,Customer 15684196,Savings,France,159441.27
15727281,Customer 15727281,Savings,France,0.00
15787835,Customer 15787835,Savings,Germany,125212.65
15730540,Customer 15730540,Savings,Spain,88656.37
15646276,Customer 15646276,Savings,France,146033.62
15582180,Customer 15582180,Savings,France,120268.13
15697095,Customer 15697095,Savings,Spain,0.00
15748797,Customer 15748797,Savings,Spain,0.00
15754796,Customer 15754796,Savings,Germany,135070.58
15628947,Customer 15628947,Savings,France,0.00
15775546,Customer 15775546,Savings,Spain,0.00
15670481,Customer 15670481,Savings,France,122550.05
15619029,Customer 15619029,Savings,Spain,0.00
15613282,Customer 15613282,Savings,France,130306.49
15721487,Customer 15721487,Savings,France,0.00
15797276,Customer 15797276,Savings,Spain,90350.77
15612494,Customer 15612494,Savings,France,128747.69
15629617,Customer 15629617,Savings,Spain,126873.52
15600821,Customer 15600821,Savings,France,108424.19
15579062,Customer 15579062,Savings,France,0.00
15814268,Customer 15814268,Savings,France,84350.07
15710164,Customer 15710164,Savings,France,0.00
15693904,Customer 15693904,Savings,Germany,84958.60
15588986,Customer 15588986,Savings,Germany,99097.36
15797733,Customer 15797733,Savings,Germany,136622.55
15620507,Customer 15620507,Savings,Germany,156771.68
15685150,Customer 15685150,Savings,Germany,167658.33
15667651,Customer 15667651,Savings,Spain,0.00
15774166,Customer 15774166,Savings,Germany,109483.54
15649280,Customer 15649280,Savings,Germany,134504.78
15705657,Customer 15705657,Savings,France,114427.86
15753969,Customer 15753969,Savings,Spain,83888.54
15742378,Customer 15742378,Savings,Germany,110029.77
15794874,Customer 15794874,Savings,Spain,127523.75
15589221,Customer 15589221,Savings,Germany,139762.13
15596671,Customer 15596671,Savings,Spain,91611.12
15583668,Customer 15583668,Savings,France,109471.79
15710206,Customer 15710206,Savings,France,150500.64
15799966,Customer 15799966,Savings,Germany,101609.77
15794560,Customer 15794560,Savings,France,0.00
15626485,Customer 15626485,Savings,France,78892.23
15703143,Customer 15703143,Savings,France,82344.84
15809772,Customer 15809772,Savings,France,0.00
15687959,Customer 15687959,Savings,Spain,0.00
15585282,Customer 15585282,Savings,France,127706.33
15714993,Customer 15714993,Savings,France,124349.34
15596021,Customer 15596021,Savings,Spain,0.00
15646615,Customer 15646615,Savings,Germany,119336.29
15742632,Customer 15742632,Savings,France,0.00
15574068,Customer 15574068,Savings,Germany,104217.30
15806967,Customer 15806967,Savings,France,0.00
15796334,Customer 15796334,Savings,Germany,144757.02
15688713,Customer 15688713,Savings,Spain,0.00
15796179,Customer 15796179,Savings,France,0.00
15598751,Customer 15598751,Savings,France,0.00
15703019,Customer 15703019,Savings,France,0.00
15646302,Customer 15646302,Savings,France,100169.51
15680855,Customer 15680855,Savings,France,145731.83
15697311,Customer 15697311,Savings,Spain,110802.03
15585367,Customer 15585367,Savings,Germany,120392.99
15726556,Customer 15726556,Savings,Germany,135067.52
15676242,Customer 15676242,Savings,Spain,136556.44
15684198,Customer 15684198,Savings,France,0.00
15774882,Customer 15774882,Savings,France,99587.43
15714227,Customer 15714227,Savings,France,0.00
15608653,Customer 15608653,Savings,Spain,70731.07
15784280,Customer 15784280,Savings,Germany,109342.82
15789546,Customer 15789546,Savings,Spain,0.00
15590320,Customer 15590320,Savings,France,0.00
15678385,Customer 15678385,Savings,France,78247.31
15571778,Customer 15571778,Savings,France,117561.49
15657085,Customer 15657085,Savings,France,88980.32
15640627,Customer 15640627,Savings,Spain,0.00
15566211,Customer 15566211,Savings,Germany,103560.57
15669293,Customer 15669293,Savings,France,113308.84
15595067,Customer 15595067,Savings,Spain,0.00
15753566,Customer 15753566,Savings,France,63763.49
15650391,Customer 15650391,Savings,France,169988.35
15681843,Customer 15681843,Savings,Germany,180303.24
15814846,Customer 15814846,Savings,France,0.00
15670374,Customer 15670374,Savings,Germany,120656.86
15762332,Customer 15762332,Savings,Germany,61592.14
15700223,Customer 15700223,Savings,France,164701.68
15729956,Customer 15729956,Savings,Spain,80780.16
15594862,Customer 15594862,Savings,France,0.00
15598782,Customer 15598782,Savings,Germany,154221.37
15745080,Customer 15745080,Savings,France,0.00
15703399,Customer 15703399,Savings,France,101641.14
15732175,Customer 15732175,Savings,France,0.00
15630725,Customer 15630725,Savings,France,92786.66
15640260,Customer 15640260,Savings,Germany,131081.66
15716822,Customer 15716822,Savings,France,98014.74
15583748,Customer 15583748,Savings,Spain,0.00
15605968,Customer 15605968,Savings,France,97460.10
15790683,Customer 15790683,Savings,France,104077.19
15607713,Customer 15607713,Savings,Spain,0.00
15700212,Customer 15700212,Savings,France,0.00
15626710,Customer 15626710,Savings,France,0.00
15716491,Customer 15716491,Savings,Spain,93656.95
15625824,Customer 15625824,Savings,Spain,121345.88
15617705,Customer 15617705,Savings,France,141675.23
15761976,Customer 15761976,Savings,Spain,0.00
15634891,Customer 15634891,Savings,Germany,102365.49
15744517,Customer 15744517,Savings,Spain,0.00
15686963,Customer 15686963,Savings,Spain,0.00
15808189,Customer 15808189,Savings,France,0.00
15580845,Customer 15580845,Savings,Germany,101868.51
15799156,Customer 15799156,Savings,Spain,0.00
15694296,Customer 15694296,Savings,France,112392.45
15677049,Customer 15677049,Savings,Germany,106570.34
15583595,Customer 15583595,Savings,France,0.00
15590146,Customer 15590146,Savings,France,81947.76
15801548,Customer 15801548,Savings,France,144162.30
15660833,Customer 15660833,Savings,Germany,86350.87
15762277,Customer 15762277,Savings,France,158623.14
15791302,Customer 15791302,Savings,France,0.00
15798975,Customer 15798975,Savings,Germany,132403.56
15599956,Customer 15599956,Savings,France,0.00
15577274,Customer 15577274,Savings,Germany,134985.66
15701200,Customer 15701200,Savings,France,0.00
15638149,Customer 15638149,Savings,France,103772.45
15786199,Customer 15786199,Savings,France,133040.32
15701765,Customer 15701765,Savings,Spain,0.00
15586974,Customer 15586974,Savings,France,0.00
15729040,Customer 15729040,Savings,France,0.00
15788676,Customer 15788676,Savings,Spain,71460.67
15602497,Customer 15602497,Savings,Spain,133214.13
15701333,Customer 15701333,Savings,France,96558.66
15812071,Customer 15812071,Savings,France,93806.31
15634375,Customer 15634375,Savings,Spain,0.00
15738267,Customer 15738267,Savings,France,124043.80
15786800,Customer 15786800,Savings,Germany,131694.97
15591130,Customer 15591130,Savings,Spain,0.00
15720662,Customer 15720662,Savings,France,106266.80
15751531,Customer 15751531,Savings,Spain,0.00
15653595,Customer 15653595,Savings,France,0.00
15568360,Customer 15568360,Savings,Spain,139840.36
15781210,Customer 15781210,Savings,France,0.00
15668058,Customer 15668058,Savings,Germany,124098.54
15597131,Customer 15597131,Savings,France,145807.59
15697283,Customer 15697283,Savings,Spain,0.00
15640953,Customer 15640953,Savings,France,107508.93
15715031,Customer 15715031,Savings,France,0.00
15589660,Customer 15589660,Savings,Germany,145980.23
15769818,Customer 15769818,Savings,France,212778.20
15782736,Customer 15782736,Savings,Germany,152522.47
15614818,Customer 15614818,Savings,Spain,168964.77
15794014,Customer 15794014,Savings,France,0.00
15732448,Customer 15732448,Savings,France,0.00
15723411,Customer 15723411,Savings,Spain,98266.30
15797686,Customer 15797686,Savings,France,113000.92
15605950,Customer 15605950,Savings,Germany,137060.88
15812497,Customer 15812497,Savings,Germany,112146.12
15690678,Customer 15690678,Savings,France,129307.32
15747677,Customer 15747677,Savings,Spain,163975.09
15618926,Customer 15618926,Savings,Spain,0.00
15673908,Customer 15673908,Savings,Germany,158414.85
15727944,Customer 15727944,Savings,Germany,92072.68
15807294,Customer 15807294,Savings,Spain,88243.29
15618581,Customer 15618581,Savings,Spain,0.00
15584364,Customer 15584364,Savings,France,59486.31
15599552,Customer 15599552,Savings,Spain,0.00
15749177,Customer 15749177,Savings,Spain,0.00
15718779,Customer 15718779,Savings,France,0.00
15568106,Customer 15568106,Savings,France,119278.01
15779481,Customer 15779481,Savings,France,158741.43
15709994,Customer 15709994,Savings,France,140596.95
15772777,Customer 15772777,Savings,Spain,0.00
15706815,Customer 15706815,Savings,Germany,90432.92
15618018,Customer 15618018,Savings,France,104783.81
15671032,Customer 15671032,Savings,Germany,77992.97
15634281,Customer 15634281,Savings,Germany,110822.90
15766374,Customer 15766374,Savings,Germany,119624.60
15600991,Customer 15600991,Savings,Germany,109052.59
15777576,Customer 15777576,Savings,Spain,139129.44
15742613,Customer 15742613,Savings,Germany,152324.66
15649523,Customer 15649523,Savings,France,0.00
15651063,Customer 15651063,Savings,Germany,127480.58
15683124,Customer 15683124,Savings,France,115029.40
15618314,Customer 15618314,Savings,France,114005.78
15670823,Customer 15670823,Savings,Germany,116646.76
15607133,Customer 15607133,Savings,Spain,110864.38
15615012,Customer 15615012,Savings,France,156267.59
15725141,Customer 15725141,Savings,France,109528.28
15623560,Customer 15623560,Savings,France,102482.76
15693018,Customer 15693018,Savings,Germany,115563.71
15636756,Customer 15636756,Savings,France,0.00
15647474,Customer 15647474,Savings,France,95624.36
15576714,Customer 15576714,Savings,Spain,0.00
15585047,Customer 15585047,Savings,France,160376.61
15743976,Customer 15743976,Savings,Germany,37702.79
15793881,Customer 15793881,Savings,France,118273.83
15576517,Customer 15576517,Savings,Germany,131082.17
15631072,Customer 15631072,Savings,France,94456.00
15730394,Customer 15730394,Savings,France,0.00
15631460,Customer 15631460,Savings,Spain,0.00
15692002,Customer 15692002,Savings,France,93791.38
15595282,Customer 15595282,Savings,France,0.00
15789548,Customer 15789548,Savings,France,0.00
15758035,Customer 15758035,Savings,France,155973.13
15617518,Customer 15617518,Savings,Germany,89409.95
15651802,Customer 15651802,Savings,Spain,97854.37
15631813,Customer 15631813,Savings,France,0.00
15729668,Customer 15729668,Savings,Spain,60280.62
15741728,Customer 15741728,Savings,Spain,135216.80
15576676,Customer 15576676,Savings,Germany,124923.35
15711378,Customer 15711378,Savings,France,0.00
15765520,Customer 15765520,Savings,Germany,188614.07
15656726,Customer 15656726,Savings,France,62321.62
15647842,Customer 15647842,Savings,Germany,120782.70
15719309,Customer 15719309,Savings,France,115961.58
15748718,Customer 15748718,Savings,France,115062.61
15594404,Customer 15594404,Savings,France,160602.25
15751158,Customer 15751158,Savings,France,108825.34
15593470,Customer 15593470,Savings,Germany,166287.85
15695129,Customer 15695129,Savings,France,152663.77
15640865,Customer 15640865,Savings,Germany,80844.69
15714080,Customer 15714080,Savings,Germany,97001.36
15648721,Customer 15648721,Savings,France,0.00
15801466,Customer 15801466,Savings,France,122524.61
15750248,Customer 15750248,Savings,France,132292.63
15758726,Customer 15758726,Savings,France,0.00
15781553,Customer 15781553,Savings,Germany,91502.99
15649121,Customer 15649121,Savings,France,0.00
15674811,Customer 15674811,Savings,Germany,59385.98
15646037,Customer 15646037,Savings,France,0.00
15722578,Customer 15722578,Savings,Germany,97956.50
15665695,Customer 15665695,Savings,France,0.00
15801062,Customer 15801062,Savings,Spain,0.00
15662955,Customer 15662955,Savings,France,141223.68
15770309,Customer 15770309,Savings,France,151762.74
15657386,Customer 15657386,Savings,Germany,141749.74
15777797,Customer 15777797,Savings,Spain,75075.14
15783955,Customer 15783955,Savings,France,165686.11
15804516,Customer 15804516,Savings,France,0.00
15681758,Customer 15681758,Savings,Spain,0.00
15630321,Customer 15630321,Savings,France,0.00
15588248,Customer 15588248,Savings,France,0.00
15591932,Customer 15591932,Savings,France,92961.61
15810347,Customer 15810347,Savings,Spain,0.00
15595303,Customer 15595303,Savings,Germany,130812.91
15634950,Customer 15634950,Savings,Germany,107174.58
15685372,Customer 15685372,Savings,Spain,152677.48
15745827,Customer 15745827,Savings,France,132005.77
15755868,Customer 15755868,Savings,France,0.00
15735222,Customer 15735222,Savings,Spain,0.00
15604804,Customer 15604804,Savings,France,127305.50
15718944,Customer 15718944,Savings,France,0.00
15678626,Customer 15678626,Savings,Spain,0.00
15571550,Customer 15571550,Savings,France,0.00
15723053,Customer 15723053,Savings,Germany,170291.22
15661528,Customer 15661528,Savings,Spain,102562.23
15754177,Customer 15754177,Savings,Spain,111061.01
15683544,Customer 15683544,Savings,Spain,0.00
15708048,Customer 15708048,Savings,France,124379.14
15701109,Customer 15701109,Savings,France,0.00
15600110,Customer 15600110,Savings,Germany,57745.76
15651533,Customer 15651533,Savings,Germany,129293.74
15777904,Customer 15777904,Savings,France,0.00
15655574,Customer 15655574,Savings,Germany,150777.10
15569423,Customer 15569423,Savings,Spain,0.00
15718106,Customer 15718106,Savings,France,0.00
15585067,Customer 15585067,Savings,Spain,108632.48
15675501,Customer 15675501,Savings,France,153861.10
15633233,Customer 15633233,Savings,France,100374.58
15667134,Customer 15667134,Savings,France,0.00
15659105,Customer 15659105,Savings,France,61196.54
15575409,Customer 15575409,Savings,Germany,116891.72
15752342,Customer 15752342,Savings,Germany,133656.91
15654851,Customer 15654851,Savings,France,92911.52
15741429,Customer 15741429,Savings,Spain,119825.75
15682356,Customer 15682356,Savings,France,111852.84
15806447,Customer 15806447,Savings,Germany,106683.52
15800229,Customer 15800229,Savings,Germany,139022.24
15663441,Customer 15663441,Savings,Germany,148571.07
15791991,Customer 15791991,Savings,France,0.00
15775082,Customer 15775082,Savings,France,129776.72
15579706,Customer 15579706,Savings,France,0.00
15718247,Customer 15718247,Savings,Spain,0.00
15755722,Customer 15755722,Savings,France,0.00
15582259,Customer 15582259,Savings,France,0.00
15716994,Customer 15716994,Savings,Spain,114739.92
15586880,Customer 15586880,Savings,Germany,122545.65
15713854,Customer 15713854,Savings,France,0.00
15780835,Customer 15780835,Savings,Germany,131908.35
15675896,Customer 15675896,Savings,Germany,105722.69
15658459,Customer 15658459,Savings,Spain,0.00
15658057,Customer 15658057,Savings,Spain,0.00
15801767,Customer 15801767,Savings,Spain,0.00
15569178,Customer 15569178,Savings,France,82767.42
15731478,Customer 15731478,Savings,France,87842.98
15811236,Customer 15811236,Savings,Spain,133261.13
15746749,Customer 15746749,Savings,Spain,0.00
15662758,Customer 15662758,Savings,France,97925.11
15709387,Customer 15709387,Savings,France,0.00
15572093,Customer 15572093,Savings,France,140453.91
15713826,Customer 15713826,Savings,Germany,117356.19
15570205,Customer 15570205,Savings,Spain,0.00
15589348,Customer 15589348,Savings,Spain,137204.77
15804610,Customer 15804610,Savings,France,0.00
15700854,Customer 15700854,Savings,Spain,0.00
15758836,Customer 15758836,Savings,Spain,54098.18
15772933,Customer 15772933,Savings,Spain,0.00
15809006,Customer 15809006,Savings,France,113758.48
15689612,Customer 15689612,Savings,Spain,0.00
15744614,Customer 15744614,Savings,France,118636.92
15704250,Customer 15704250,Savings,France,0.00
15700255,Customer 15700255,Savings,Germany,95488.82
15669410,Customer 15669410,Savings,France,110829.52
15807595,Customer 15807595,Savings,Germany,144244.59
15664523,Customer 15664523,Savings,Germany,122021.92
15642833,Customer 15642833,Savings,France,0.00
15605279,Customer 15605279,Savings,France,0.00
15713644,Customer 15713644,Savings,Spain,0.00
15750466,Customer 15750466,Savings,Germany,85839.62
15739054,Customer 15739054,Savings,France,96974.97
15612771,Customer 15612771,Savings,France,148172.44
15788483,Customer 15788483,Savings,Spain,0.00
15732832,Customer 15732832,Savings,France,0.00
15772892,Customer 15772892,Savings,France,0.00
15713843,Customer 15713843,Savings,Spain,0.00
15567993,Customer 15567993,Savings,Spain,134766.85
15617603,Customer 15617603,Savings,Germany,123210.56
15744983,Customer 15744983,Savings,Spain,139887.01
15630419,Customer 15630419,Savings,France,149961.11
15738828,Customer 15738828,Savings,Germany,152880.97
15778025,Customer 15778025,Savings,Germany,108589.47
15799479,Customer 15799479,Savings,Spain,0.00
15684269,Customer 15684269,Savings,Spain,56674.48
15762745,Customer 15762745,Savings,Spain,0.00
15746970,Customer 15746970,Savings,Spain,0.00
15725024,Customer 15725024,Savings,Germany,105663.56
15592116,Customer 15592116,Savings,France,0.00
15624391,Customer 15624391,Savings,Spain,100683.54
15567422,Customer 15567422,Savings,France,0.00
15612627,Customer 15612627,Savings,Germany,139541.58
15574879,Customer 15574879,Savings,Germany,121801.72
15745107,Customer 15745107,Savings,Germany,112281.70
15734491,Customer 15734491,Savings,Spain,0.00
15675320,Customer 15675320,Savings,Spain,93499.82
15643824,Customer 15643824,Savings,France,132255.99
15643438,Customer 15643438,Savings,France,0.00
15721730,Customer 15721730,Savings,Spain,0.00
15680727,Customer 15680727,Savings,France,121973.28
15752508,Customer 15752508,Savings,Germany,99462.80
15808846,Customer 15808846,Savings,Germany,165878.76
15727251,Customer 15727251,Savings,France,117494.27
15663489,Customer 15663489,Savings,Germany,138577.34
15683677,Customer 15683677,Savings,Spain,0.00
15596414,Customer 15596414,Savings,Spain,107525.07
15730639,Customer 15730639,Savings,France,139224.92
15672132,Customer 15672132,Savings,France,121453.63
15742638,Customer 15742638,Savings,France,0.00
15578603,Customer 15578603,Savings,Germany,77354.37
15726088,Customer 15726088,Savings,France,0.00
15682533,Customer 15682533,Savings,France,79259.99
15772995,Customer 15772995,Savings,France,116295.29
15765694,Customer 15765694,Savings,Spain,0.00
15659486,Customer 15659486,Savings,Germany,74309.81
15568963,Customer 15568963,Savings,Germany,152797.90
15703820,Customer 15703820,Savings,France,133701.07
15569410,Customer 15569410,Savings,Germany,114430.18
15632256,Customer 15632256,Savings,France,127504.57
15724466,Customer 15724466,Savings,Germany,84113.41
15777639,Customer 15777639,Savings,Spain,101126.66
15802501,Customer 15802501,Savings,Germany,103564.83
15778410,Customer 15778410,Savings,Spain,0.00
15670702,Customer 15670702,Savings,France,168178.21
15704763,Customer 15704763,Savings,Germany,143903.11
15645544,Customer 15645544,Savings,Germany,129753.69
15757646,Customer 15757646,Savings,France,0.00
15701121,Customer 15701121,Savings,France,110641.18
15796313,Customer 15796313,Savings,France,166909.20
15815660,Customer 15815660,Savings,France,154139.45
15602844,Customer 15602844,Savings,France,97459.06
15636238,Customer 15636238,Savings,France,0.00
15770101,Customer 15770101,Savings,Germany,112088.04
15645543,Customer 15645543,Savings,France,0.00
15596397,Customer 15596397,Savings,France,0.00
15770525,Customer 15770525,Savings,Spain,141038.57
15684267,Customer 15684267,Savings,Germany,84468.67
15689980,Customer 15689980,Savings,Spain,118520.26
15633260,Customer 15633260,Savings,France,142663.46
15756471,Customer 15756471,Savings,Germany,118627.16
15721303,Customer 15721303,Savings,Spain,137523.02
15802256,Customer 15802256,Savings,France,110976.23
15725664,Customer 15725664,Savings,France,107283.40
15674851,Customer 15674851,Savings,France,0.00
15701946,Customer 15701946,Savings,France,124314.45
15748947,Customer 15748947,Savings,France,95858.37
15673342,Customer 15673342,Savings,France,0.00
15601008,Customer 15601008,Savings,France,0.00
15771636,Customer 15771636,Savings,Spain,0.00
15642002,Customer 15642002,Savings,France,117707.18
15693381,Customer 15693381,Savings,Spain,135289.33
15607691,Customer 15607691,Savings,France,174060.46
15589380,Customer 15589380,Savings,Germany,114446.84
15603846,Customer 15603846,Savings,Spain,0.00
15753549,Customer 15753549,Savings,France,157848.53
15725355,Customer 15725355,Savings,France,0.00
15773017,Customer 15773017,Savings,Spain,0.00
15625641,Customer 15625641,Savings,Germany,108071.36
15776467,Customer 15776467,Savings,Spain,14262.80
15746451,Customer 15746451,Savings,Spain,102749.72
15777922,Customer 15777922,Savings,Spain,161757.87
15606841,Customer 15606841,Savings,France,0.00
15757648,Customer 15757648,Savings,Germany,95698.79
15677173,Customer 15677173,Savings,France,124969.13
15764170,Customer 15764170,Savings,Germany,93960.35
15610446,Customer 15610446,Savings,France,88308.87
15612776,Customer 15612776,Savings,Spain,0.00
15794122,Customer 15794122,Savings,France,0.00
15774931,Customer 15774931,Savings,France,112935.87
15779247,Customer 15779247,Savings,Spain,98567.10
15707078,Customer 15707078,Savings,France,180530.51
15605263,Customer 15605263,Savings,France,140931.57
15607381,Customer 15607381,Savings,Germany,148913.72
15683471,Customer 15683471,Savings,France,0.00
15605037,Customer 15605037,Savings,France,0.00
15576085,Customer 15576085,Savings,France,0.00
15770435,Customer 15770435,Savings,France,115335.32
15592994,Customer 15592994,Savings,France,0.00
15624068,Customer 15624068,Savings,France,0.00
15595221,Customer 15595221,Savings,Germany,134678.13
15637131,Customer 15637131,Savings,France,0.00
15613471,Customer 15613471,Savings,Germany,90547.48
15583499,Customer 15583499,Savings,France,103324.78
15752816,Customer 15752816,Savings,France,114590.58
15804075,Customer 15804075,Savings,Germany,91286.51
15800517,Customer 15800517,Savings,Spain,163340.12
15712319,Customer 15712319,Savings,Spain,150900.29
15797389,Customer 15797389,Savings,Spain,124577.33
15621432,Customer 15621432,Savings,Spain,0.00
15779390,Customer 15779390,Savings,Spain,91292.70
15711219,Customer 15711219,Savings,Germany,93716.72
15770498,Customer 15770498,Savings,France,111723.08
15678727,Customer 15678727,Savings,Germany,110765.68
15573893,Customer 15573893,Savings,Germany,173459.45
15740104,Customer 15740104,Savings,Spain,169649.73
15792649,Customer 15792649,Savings,Spain,0.00
15605275,Customer 15605275,Savings,Germany,116917.07
15572467,Customer 15572467,Savings,France,0.00
15738219,Customer 15738219,Savings,France,0.00
15600710,Customer 15600710,Savings,France,0.00
15804394,Customer 15804394,Savings,Germany,130627.66
15694188,Customer 15694188,Savings,Spain,56580.95
15583718,Customer 15583718,Savings,Germany,142316.14
15802478,Customer 15802478,Savings,Spain,0.00
15619343,Customer 15619343,Savings,France,152759.00
15758813,Customer 15758813,Savings,Germany,109733.20
15761374,Customer 15761374,Savings,France,117444.51
15569209,Customer 15569209,Savings,Spain,76001.57
15788539,Customer 15788539,Savings,France,107747.57
15747222,Customer 15747222,Savings,Spain,0.00
15769346,Customer 15769346,Savings,France,134997.49
15699634,Customer 15699634,Savings,France,0.00
15589076,Customer 15589076,Savings,France,0.00
15812338,Customer 15812338,Savings,Spain,0.00
15758845,Customer 15758845,Savings,Spain,64345.21
15685844,Customer 15685844,Savings,Germany,141665.63
15583090,Customer 15583090,Savings,Spain,0.00
15587581,Customer 15587581,Savings,Germany,136624.60
15633640,Customer 15633640,Savings,France,161209.66
15573741,Customer 15573741,Savings,Spain,95010.92
15633574,Customer 15633574,Savings,France,167545.32
15711455,Customer 15711455,Savings,Germany,109044.60
15570601,Customer 15570601,Savings,France,122031.55
15690925,Customer 15690925,Savings,Spain,27755.97
15709338,Customer 15709338,Savings,France,118560.55
15780746,Customer 15780746,Savings,France,0.00
15681956,Customer 15681956,Savings,France,0.00
15778190,Customer 15778190,Savings,Spain,97840.72
15786852,Customer 15786852,Savings,Germany,158651.29
15726494,Customer 15726494,Savings,France,175303.06
15641183,Customer 15641183,Savings,Spain,96950.21
15805312,Customer 15805312,Savings,France,123859.60
15636572,Customer 15636572,Savings,France,0.00
15632575,Customer 15632575,Savings,France,0.00
15740164,Customer 15740164,Savings,France,85227.84
15574947,Customer 15574947,Savings,France,97786.08
15597909,Customer 15597909,Savings,Germany,128135.99
15782574,Customer 15782574,Savings,Spain,0.00
15734999,Customer 15734999,Savings,Spain,85996.19
15706593,Customer 15706593,Savings,Spain,0.00
15766686,Customer 15766686,Savings,Germany,104502.11
15590268,Customer 15590268,Savings,Spain,95772.97
15763055,Customer 15763055,Savings,Spain,98108.79
15664754,Customer 15664754,Savings,Germany,131607.28
15643630,Customer 15643630,Savings,Spain,63127.41
15641043,Customer 15641043,Savings,Spain,0.00
15768095,Customer 15768095,Savings,France,0.00
15811314,Customer 15811314,Savings,Germany,140355.56
15669922,Customer 15669922,Savings,Spain,0.00
15707114,Customer 15707114,Savings,France,0.00
15670602,Customer 15670602,Savings,Germany,107418.27
15713479,Customer 15713479,Savings,France,0.00
15663830,Customer 15663830,Savings,Spain,0.00
15566958,Customer 15566958,Savings,Spain,167557.12
15680918,Customer 15680918,Savings,Spain,117300.02
15663921,Customer 15663921,Savings,France,0.00
15716324,Customer 15716324,Savings,France,143672.90
15796969,Customer 15796969,Savings,France,0.00
15574783,Customer 15574783,Savings,France,0.00
15773487,Customer 15773487,Savings,Germany,76798.92
15802486,Customer 15802486,Savings,France,0.00
15783398,Customer 15783398,Savings,Spain,115309.75
15649418,Customer 15649418,Savings,France,178171.04
15604588,Customer 15604588,Savings,Spain,0.00
15735428,Customer 15735428,Savings,Spain,0.00
15629078,Customer 15629078,Savings,Germany,127258.79
15806880,Customer 15806880,Savings,Spain,0.00
15754999,Customer 15754999,Savings,France,0.00
15781034,Customer 15781034,Savings,Spain,0.00
15622017,Customer 15622017,Savings,Spain,0.00
15705885,Customer 15705885,Savings,Spain,0.00
15677382,Customer 15677382,Savings,Spain,107569.96
15566843,Customer 15566843,Savings,Germany,134874.40
15608387,Customer 15608387,Savings,France,0.00
15810786,Customer 15810786,Savings,France,0.00
15626983,Customer 15626983,Savings,Spain,0.00
15773605,Customer 15773605,Savings,Spain,0.00
15811261,Customer 15811261,Savings,Spain,70105.87
15590606,Customer 15590606,Savings,France,0.00
15576644,Customer 15576644,Savings,Germany,78939.15
15750264,Customer 15750264,Savings,Germany,105128.85
15741554,Customer 15741554,Savings,Spain,113836.27
15769051,Customer 15769051,Savings,Spain,0.00
15812198,Customer 15812198,Savings,Germany,100900.50
15699772,Customer 15699772,Savings,Germany,129248.11
15744105,Customer 15744105,Savings,France,109118.05
15739858,Customer 15739858,Savings,France,0.00
15723720,Customer 15723720,Savings,France,0.00
15638355,Customer 15638355,Savings,France,126397.66
15805637,Customer 15805637,Savings,France,108546.16
15629575,Customer 15629575,Savings,France,148061.89
15586243,Customer 15586243,Savings,France,122277.87
15757931,Customer 15757931,Savings,France,0.00
15716023,Customer 15716023,Savings,France,0.00
15647782,Customer 15647782,Savings,Germany,152899.24
15716609,Customer 15716609,Savings,Germany,134388.11
15623791,Customer 15623791,Savings,Spain,109740.62
15627262,Customer 15627262,Savings,Germany,92366.72
15652693,Customer 15652693,Savings,France,129109.02
15586993,Customer 15586993,Savings,Spain,0.00
15815560,Customer 15815560,Savings,Germany,105102.50
15584930,Customer 15584930,Savings,Germany,111375.32
15799031,Customer 15799031,Savings,France,0.00
15810457,Customer 15810457,Savings,Germany,150412.14
15697879,Customer 15697879,Savings,France,156660.72
15594902,Customer 15594902,Savings,France,90957.81
15799710,Customer 15799710,Savings,France,104960.46
15659651,Customer 15659651,Savings,Germany,117052.82
15645956,Customer 15645956,Savings,Spain,88915.85
15651713,Customer 15651713,Savings,France,148071.39
15737265,Customer 15737265,Savings,Germany,152182.83
15687310,Customer 15687310,Savings,Spain,0.00
15607347,Customer 15607347,Savings,France,130056.23
15698321,Customer 15698321,Savings,Germany,95039.73
15657812,Customer 15657812,Savings,France,0.00
15569187,Customer 15569187,Savings,Spain,0.00
15681562,Customer 15681562,Savings,France,112773.73
15615456,Customer 15615456,Savings,France,123806.28
15589793,Customer 15589793,Savings,France,144453.75
15781884,Customer 15781884,Savings,Germany,94667.29
15675190,Customer 15675190,Savings,France,0.00
15600734,Customer 15600734,Savings,Spain,174397.21
15779176,Customer 15779176,Savings,Germany,108888.24
15605286,Customer 15605286,Savings,France,118803.35
15674922,Customer 15674922,Savings,France,171137.62
15737506,Customer 15737506,Savings,France,0.00
15780514,Customer 15780514,Savings,France,136678.52
15623647,Customer 15623647,Savings,Spain,135515.76
15668472,Customer 15668472,Savings,Spain,177799.83
15692416,Customer 15692416,Savings,Spain,143542.36
15771139,Customer 15771139,Savings,Germany,147487.23
15738318,Customer 15738318,Savings,France,97764.41
15772243,Customer 15772243,Savings,France,0.00
15638463,Customer 15638463,Savings,Germany,139480.18
15598088,Customer 15598088,Savings,Spain,0.00
15693468,Customer 15693468,Savings,Spain,140553.46
15671930,Customer 15671930,Savings,France,0.00
15762268,Customer 15762268,Savings,France,141162.08
15780954,Customer 15780954,Savings,Spain,65848.36
15700174,Customer 15700174,Savings,Spain,83319.28
15635728,Customer 15635728,Savings,France,0.00
15679283,Customer 15679283,Savings,France,129731.64
15591386,Customer 15591386,Savings,France,0.00
15694192,Customer 15694192,Savings,Spain,0.00
15585901,Customer 15585901,Savings,Spain,0.00
15792329,Customer 15792329,Savings,Germany,107106.33
15635597,Customer 15635597,Savings,France,0.00
15775880,Customer 15775880,Savings,France,0.00
15630913,Customer 15630913,Savings,Spain,105303.73
15756680,Customer 15756680,Savings,France,165798.10
15587913,Customer 15587913,Savings,Spain,0.00
15737605,Customer 15737605,Savings,Spain,126495.57
15627876,Customer 15627876,Savings,Spain,116393.59
15772601,Customer 15772601,Savings,Germany,81733.74
15758606,Customer 15758606,Savings,France,0.00
15657107,Customer 15657107,Savings,Spain,106171.68
15622454,Customer 15622454,Savings,Spain,96020.86
15775803,Customer 15775803,Savings,Spain,0.00
15570859,Customer 15570859,Savings,Germany,181671.16
15748381,Customer 15748381,Savings,France,185709.28
15787189,Customer 15787189,Savings,Germany,134250.17
15666055,Customer 15666055,Savings,France,0.00
15617648,Customer 15617648,Savings,France,95671.75
15755678,Customer 15755678,Savings,France,0.00
15624781,Customer 15624781,Savings,France,142151.75
15779497,Customer 15779497,Savings,France,127823.93
15567399,Customer 15567399,Savings,Germany,144164.29
15613656,Customer 15613656,Savings,France,63492.94
15734311,Customer 15734311,Savings,France,0.00
15657214,Customer 15657214,Savings,France,0.00
15799350,Customer 15799350,Savings,France,106134.46
15729970,Customer 15729970,Savings,Germany,127269.75
15725835,Customer 15725835,Savings,Germany,124493.03
15745543,Customer 15745543,Savings,France,0.00
15727384,Customer 15727384,Savings,Germany,146547.78
15666916,Customer 15666916,Savings,France,99610.92
15732917,Customer 15732917,Savings,Germany,117837.43
15612050,Customer 15612050,Savings,Spain,168522.37
15726267,Customer 15726267,Savings,France,117337.54
15780124,Customer 15780124,Savings,France,108131.53
15742238,Customer 15742238,Savings,Germany,136496.12
15679024,Customer 15679024,Savings,France,116324.53
15715297,Customer 15715297,Savings,Germany,75470.23
15633612,Customer 15633612,Savings,France,172646.82
15602929,Customer 15602929,Savings,Spain,0.00
15696703,Customer 15696703,Savings,Germany,160358.68
15756668,Customer 15756668,Savings,France,98415.37
15565779,Customer 15565779,Savings,Germany,57809.32
15795519,Customer 15795519,Savings,Germany,128743.80
15761477,Customer 15761477,Savings,Germany,130806.42
15731890,Customer 15731890,Savings,France,123971.16
15633043,Customer 15633043,Savings,Spain,0.00
15752953,Customer 15752953,Savings,France,0.00
15603088,Customer 15603088,Savings,Spain,0.00
15606613,Customer 15606613,Savings,France,0.00
15635939,Customer 15635939,Savings,France,0.00
15666043,Customer 15666043,Savings,France,156297.58
15746190,Customer 15746190,Savings,Spain,0.00
15591357,Customer 15591357,Savings,France,123372.30
15658716,Customer 15658716,Savings,Germany,92171.35
15679909,Customer 15679909,Savings,Spain,0.00
15634262,Customer 15634262,Savings,Germany,148375.19
15799825,Customer 15799825,Savings,France,0.00
15756875,Customer 15756875,Savings,Spain,147422.44
15678146,Customer 15678146,Savings,Spain,173962.32
15710743,Customer 15710743,Savings,France,0.00
15595831,Customer 15595831,Savings,Germany,145215.43
15626684,Customer 15626684,Savings,France,167539.97
15709846,Customer 15709846,Savings,France,94968.97
15635459,Customer 15635459,Savings,Germany,106116.50
15642544,Customer 15642544,Savings,France,0.00
15566494,Customer 15566494,Savings,France,0.00
15655238,Customer 15655238,Savings,France,0.00
15733429,Customer 15733429,Savings,Germany,120018.86
15814536,Customer 15814536,Savings,France,112541.54
15771702,Customer 15771702,Savings,France,166118.45
15723008,Customer 15723008,Savings,France,102882.40
15797160,Customer 15797160,Savings,France,0.00
15792222,Customer 15792222,Savings,France,106881.50
15644765,Customer 15644765,Savings,Germany,120727.97
15610686,Customer 15610686,Savings,France,169832.57
15730868,Customer 15730868,Savings,France,0.00
15705991,Customer 15705991,Savings,Germany,113599.42
15577078,Customer 15577078,Savings,Spain,0.00
15679550,Customer 15679550,Savings,France,0.00
15787655,Customer 15787655,Savings,France,0.00
15668081,Customer 15668081,Savings,Spain,0.00
15747980,Customer 15747980,Savings,Spain,146282.79
15710295,Customer 15710295,Savings,Germany,119413.62
15724443,Customer 15724443,Savings,Germany,122084.63
15571305,Customer 15571305,Savings,Germany,103060.63
15569503,Customer 15569503,Savings,France,0.00
15581840,Customer 15581840,Savings,France,0.00
15772262,Customer 15772262,Savings,Germany,110483.86
15767794,Customer 15767794,Savings,France,120718.28
15629338,Customer 15629338,Savings,Spain,36566.96
15790379,Customer 15790379,Savings,Germany,108601.00
15750684,Customer 15750684,Savings,France,0.00
15697214,Customer 15697214,Savings,Spain,0.00
15711015,Customer 15711015,Savings,France,0.00
15573309,Customer 15573309,Savings,Spain,0.00
15805303,Customer 15805303,Savings,Germany,141136.62
15741385,Customer 15741385,Savings,Germany,108231.37
15780254,Customer 15780254,Savings,France,0.00
15744843,Customer 15744843,Savings,Spain,144855.34
15815626,Customer 15815626,Savings,France,68432.45
15784736,Customer 15784736,Savings,France,136855.24
15813412,Customer 15813412,Savings,France,44020.89
15809143,Customer 15809143,Savings,Germany,133060.63
15617617,Customer 15617617,Savings,Spain,0.00
15779738,Customer 15779738,Savings,France,0.00
15668669,Customer 15668669,Savings,France,97665.61
15687477,Customer 15687477,Savings,Germany,185013.02
15578908,Customer 15578908,Savings,Spain,0.00
15687658,Customer 15687658,Savings,France,65971.61
15615020,Customer 15615020,Savings,Germany,150463.11
15608886,Customer 15608886,Savings,France,0.00
15602551,Customer 15602551,Savings,Spain,0.00
15672945,Customer 15672945,Savings,France,136425.18
15757408,Customer 15757408,Savings,Spain,250898.09
15806132,Customer 15806132,Savings,France,146798.81
15813022,Customer 15813022,Savings,Spain,0.00
15673578,Customer 15673578,Savings,Germany,128486.91
15757916,Customer 15757916,Savings,France,0.00
15689168,Customer 15689168,Savings,Spain,143407.29
15769216,Customer 15769216,Savings,France,0.00
15593295,Customer 15593295,Savings,France,76165.65
15804814,Customer 15804814,Savings,France,0.00
15778934,Customer 15778934,Savings,Spain,0.00
15802351,Customer 15802351,Savings,Germany,90560.30
15630241,Customer 15630241,Savings,France,62391.22
15719561,Customer 15719561,Savings,France,0.00
15615096,Customer 15615096,Savings,France,0.00
15659931,Customer 15659931,Savings,Germany,123378.20
15714586,Customer 15714586,Savings,Spain,99836.47
15634949,Customer 15634949,Savings,Germany,161434.36
15589224,Customer 15589224,Savings,Spain,0.00
15795990,Customer 15795990,Savings,Germany,138311.76
15603216,Customer 15603216,Savings,France,0.00
15631201,Customer 15631201,Savings,Spain,0.00
15686255,Customer 15686255,Savings,Germany,101744.84
15746594,Customer 15746594,Savings,Spain,0.00
15718893,Customer 15718893,Savings,Germany,125456.07
15671609,Customer 15671609,Savings,France,0.00
15652540,Customer 15652540,Savings,France,0.00
15774857,Customer 15774857,Savings,France,0.00
15791836,Customer 15791836,Savings,France,0.00
15651554,Customer 15651554,Savings,Germany,118449.21
15583576,Customer 15583576,Savings,France,0.00
15732740,Customer 15732740,Savings,Spain,178095.55
15723320,Customer 15723320,Savings,Germany,109175.14
15603851,Customer 15603851,Savings,France,127785.17
15777923,Customer 15777923,Savings,France,0.00
15735719,Customer 15735719,Savings,France,0.00
15703482,Customer 15703482,Savings,Germany,134260.36
15605835,Customer 15605835,Savings,France,69143.91
15664881,Customer 15664881,Savings,France,100054.77
15757568,Customer 15757568,Savings,France,0.00
15792660,Customer 15792660,Savings,France,116248.88
15599722,Customer 15599722,Savings,Spain,86053.52
15726354,Customer 15726354,Savings,France,123157.95
15610355,Customer 15610355,Savings,France,63438.91
15704284,Customer 15704284,Savings,Germany,95295.39
15621893,Customer 15621893,Savings,France,133550.67
15588219,Customer 15588219,Savings,France,106871.81
15688619,Customer 15688619,Savings,Spain,105266.32
15765518,Customer 15765518,Savings,France,105229.53
15616931,Customer 15616931,Savings,France,102768.42
15758372,Customer 15758372,Savings,France,0.00
15782591,Customer 15782591,Savings,France,112689.95
15612109,Customer 15612109,Savings,France,122334.26
15613712,Customer 15613712,Savings,Spain,0.00
15639322,Customer 15639322,Savings,Spain,137847.41
15594349,Customer 15594349,Savings,France,122486.47
15574167,Customer 15574167,Savings,France,101286.11
15811842,Customer 15811842,Savings,Spain,0.00
15648794,Customer 15648794,Savings,Spain,101247.06
15771211,Customer 15771211,Savings,France,86977.96
15588614,Customer 15588614,Savings,France,0.00
15630698,Customer 15630698,Savings,France,110123.59
15694200,Customer 15694200,Savings,France,178111.82
15721426,Customer 15721426,Savings,Germany,126306.64
15725997,Customer 15725997,Savings,France,100768.77
15762138,Customer 15762138,Savings,France,0.00
15750649,Customer 15750649,Savings,France,0.00
15685706,Customer 15685706,Savings,France,118991.79
15641835,Customer 15641835,Savings,France,140997.26
15586821,Customer 15586821,Savings,France,0.00
15569678,Customer 15569678,Savings,Germany,166824.59
15793842,Customer 15793842,Savings,France,76322.69
15667554,Customer 15667554,Savings,France,0.00
15794479,Customer 15794479,Savings,Spain,149083.70
15585041,Customer 15585041,Savings,France,0.00
15780650,Customer 15780650,Savings,France,0.00
15780846,Customer 15780846,Savings,France,126588.81
15805260,Customer 15805260,Savings,Germany,143249.67
15621629,Customer 15621629,Savings,Germany,81844.91
15662151,Customer 15662151,Savings,France,0.00
15747174,Customer 15747174,Savings,Germany,190298.89
15651585,Customer 15651585,Savings,Germany,117212.18
15649738,Customer 15649738,Savings,France,0.00
15633108,Customer 15633108,Savings,France,139848.17
15769254,Customer 15769254,Savings,Germany,101861.36
15704746,Customer 15704746,Savings,Spain,167455.66
15637644,Customer 15637644,Savings,France,0.00
15609562,Customer 15609562,Savings,Spain,116360.07
15787459,Customer 15787459,Savings,Spain,88466.82
15762902,Customer 15762902,Savings,France,0.00
15738605,Customer 15738605,Savings,Germany,123642.36
15724889,Customer 15724889,Savings,Spain,0.00
15730735,Customer 15730735,Savings,France,72286.84
15689147,Customer 15689147,Savings,France,0.00
15730397,Customer 15730397,Savings,Spain,109681.61
15762169,Customer 15762169,Savings,Germany,145018.64
15589320,Customer 15589320,Savings,Spain,0.00
15799211,Customer 15799211,Savings,Spain,187487.63
15798310,Customer 15798310,Savings,France,165692.91
15609998,Customer 15609998,Savings,Germany,137648.41
15583548,Customer 15583548,Savings,Spain,118560.00
15761763,Customer 15761763,Savings,France,164385.53
15764409,Customer 15764409,Savings,France,108286.50
15710161,Customer 15710161,Savings,France,0.00
15735246,Customer 15735246,Savings,Spain,0.00
15791700,Customer 15791700,Savings,Germany,118079.47
15670753,Customer 15670753,Savings,Spain,127283.78
15573876,Customer 15573876,Savings,Spain,0.00
15770174,Customer 15770174,Savings,France,141389.06
15641114,Customer 15641114,Savings,France,130091.50
15682435,Customer 15682435,Savings,France,143744.77
15751788,Customer 15751788,Savings,Spain,97408.03
15672598,Customer 15672598,Savings,Spain,111927.45
15762803,Customer 15762803,Savings,France,0.00
15812982,Customer 15812982,Savings,Spain,0.00
15597901,Customer 15597901,Savings,France,0.00
15731507,Customer 15731507,Savings,France,188285.68
15809826,Customer 15809826,Savings,France,109705.52
15764237,Customer 15764237,Savings,Spain,0.00
15769917,Customer 15769917,Savings,Germany,127122.79
15641850,Customer 15641850,Savings,France,98241.04
15770974,Customer 15770974,Savings,Germany,170840.08
15803749,Customer 15803749,Savings,Germany,87541.06
15684999,Customer 15684999,Savings,France,62610.96
15770225,Customer 15770225,Savings,France,0.00
15627484,Customer 15627484,Savings,France,113328.93
15610337,Customer 15610337,Savings,Spain,104832.49
15752488,Customer 15752488,Savings,Spain,102289.85
15610056,Customer 15610056,Savings,Germany,125227.82
15806049,Customer 15806049,Savings,Germany,140510.89
15736069,Customer 15736069,Savings,Germany,132253.22
15763662,Customer 15763662,Savings,Germany,39043.29
15615575,Customer 15615575,Savings,France,0.00
15691723,Customer 15691723,Savings,Spain,99685.06
15774098,Customer 15774098,Savings,Germany,125385.49
15750808,Customer 15750808,Savings,Spain,131365.37
15744368,Customer 15744368,Savings,Spain,98308.51
15610594,Customer 15610594,Savings,France,0.00
15756125,Customer 15756125,Savings,Spain,140856.16
15623277,Customer 15623277,Savings,France,0.00
15795954,Customer 15795954,Savings,France,172274.01
15671969,Customer 15671969,Savings,Spain,0.00
15791268,Customer 15791268,Savings,Spain,122447.76
15713655,Customer 15713655,Savings,France,0.00
15633930,Customer 15633930,Savings,Spain,157559.59
15712849,Customer 15712849,Savings,Germany,126550.70
15639077,Customer 15639077,Savings,France,158584.82
15808784,Customer 15808784,Savings,France,163569.61
15648577,Customer 15648577,Savings,France,0.00
15670345,Customer 15670345,Savings,Germany,127211.45
15633112,Customer 15633112,Savings,Germany,118199.97
15714397,Customer 15714397,Savings,Germany,101014.08
15780038,Customer 15780038,Savings,Spain,119208.85
15756305,Customer 15756305,Savings,France,0.00
15578799,Customer 15578799,Savings,France,53772.73
15800326,Customer 15800326,Savings,Spain,0.00
15785485,Customer 15785485,Savings,Germany,138878.81
15783958,Customer 15783958,Savings,Spain,130922.81
15727546,Customer 15727546,Savings,France,0.00
15739576,Customer 15739576,Savings,Spain,0.00
15631333,Customer 15631333,Savings,Spain,130866.19
15604782,Customer 15604782,Savings,Germany,187257.94
15589643,Customer 15589643,Savings,Spain,0.00
15585533,Customer 15585533,Savings,France,147733.64
15681506,Customer 15681506,Savings,Spain,0.00
15630551,Customer 15630551,Savings,France,163139.27
15698349,Customer 15698349,Savings,Spain,0.00
15776631,Customer 15776631,Savings,France,119540.15
15762216,Customer 15762216,Savings,France,129553.76
15623927,Customer 15623927,Savings,France,0.00
15681402,Customer 15681402,Savings,Germany,66101.89
15586264,Customer 15586264,Savings,France,140431.98
15594685,Customer 15594685,Savings,France,0.00
15812945,Customer 15812945,Savings,France,0.00
15734628,Customer 15734628,Savings,France,0.00
15629323,Customer 15629323,Savings,Germany,116471.43
15666823,Customer 15666823,Savings,France,0.00
15777553,Customer 15777553,Savings,France,123785.24
15613097,Customer 15613097,Savings,France,0.00
15622217,Customer 15622217,Savings,France,88758.95
15703588,Customer 15703588,Savings,Germany,153611.83
15570835,Customer 15570835,Savings,Germany,112044.72
15679299,Customer 15679299,Savings,Spain,123826.07
15808044,Customer 15808044,Savings,France,106804.26
15579208,Customer 15579208,Savings,France,0.00
15684951,Customer 15684951,Savings,France,68892.77
15667620,Customer 15667620,Savings,France,0.00
15582960,Customer 15582960,Savings,France,125827.43
15590730,Customer 15590730,Savings,Spain,0.00
15763747,Customer 15763747,Savings,France,0.00
15778320,Customer 15778320,Savings,Germany,148495.64
15642787,Customer 15642787,Savings,France,133043.66
15624633,Customer 15624633,Savings,France,74989.58
15766765,Customer 15766765,Savings,Germany,60263.23
15783615,Customer 15783615,Savings,Germany,129370.91
15640161,Customer 15640161,Savings,Germany,157955.83
15619889,Customer 15619889,Savings,France,0.00
15579166,Customer 15579166,Savings,France,70729.17
15789097,Customer 15789097,Savings,France,0.00
15674880,Customer 15674880,Savings,Spain,0.00
15778157,Customer 15778157,Savings,Spain,90721.52
15779064,Customer 15779064,Savings,France,0.00
15801265,Customer 15801265,Savings,Spain,57784.22
15589204,Customer 15589204,Savings,France,131765.72
15664543,Customer 15664543,Savings,France,0.00
15582714,Customer 15582714,Savings,Germany,110022.74
15797595,Customer 15797595,Savings,France,131569.63
15614034,Customer 15614034,Savings,Germany,164523.50
15763171,Customer 15763171,Savings,Germany,114330.95
15647266,Customer 15647266,Savings,Spain,135923.16
15757577,Customer 15757577,Savings,France,0.00
15736656,Customer 15736656,Savings,France,0.00
15635078,Customer 15635078,Savings,Spain,124693.48
15680141,Customer 15680141,Savings,Spain,147936.42
15576945,Customer 15576945,Savings,France,0.00
15602034,Customer 15602034,Savings,France,126558.92
15732020,Customer 15732020,Savings,Germany,106938.11
15611029,Customer 15611029,Savings,Germany,140002.35
15621210,Customer 15621210,Savings,Germany,123444.72
15569222,Customer 15569222,Savings,France,147107.91
15664639,Customer 15664639,Savings,France,128514.84
15724223,Customer 15724223,Savings,France,0.00
15644621,Customer 15644621,Savings,Germany,106756.01
15756056,Customer 15756056,Savings,Spain,0.00
15700353,Customer 15700353,Savings,France,0.00
15624388,Customer 15624388,Savings,Germany,155393.32
15627212,Customer 15627212,Savings,France,110414.48
15648005,Customer 15648005,Savings,Spain,0.00
15681446,Customer 15681446,Savings,Germany,157098.52
15775888,Customer 15775888,Savings,Germany,85626.60
15749019,Customer 15749019,Savings,Germany,93796.42
15709928,Customer 15709928,Savings,Spain,0.00
15784676,Customer 15784676,Savings,France,125268.03
15748116,Customer 15748116,Savings,France,148143.84
15612193,Customer 15612193,Savings,Spain,115545.33
15762984,Customer 15762984,Savings,Spain,0.00
15613713,Customer 15613713,Savings,France,44928.88
15664204,Customer 15664204,Savings,Spain,0.00
15639415,Customer 15639415,Savings,France,162442.35
15806332,Customer 15806332,Savings,Spain,0.00
15614929,Customer 15614929,Savings,Germany,96213.82
15695492,Customer 15695492,Savings,France,156569.43
15635972,Customer 15635972,Savings,Spain,0.00
15616380,Customer 15616380,Savings,Spain,0.00
15581440,Customer 15581440,Savings,Germany,110463.25
15654390,Customer 15654390,Savings,France,154575.76
15660688,Customer 15660688,Savings,Spain,0.00
15806307,Customer 15806307,Savings,France,0.00
15647975,Customer 15647975,Savings,Germany,147037.32
15595728,Customer 15595728,Savings,Germany,119276.31
15735388,Customer 15735388,Savings,France,108664.85
15788535,Customer 15788535,Savings,Spain,0.00
15765902,Customer 15765902,Savings,Germany,163034.82
15642345,Customer 15642345,Savings,Germany,93059.34
15641250,Customer 15641250,Savings,Spain,179581.31
15706163,Customer 15706163,Savings,Germany,113625.93
15746708,Customer 15746708,Savings,Germany,119961.48
15775203,Customer 15775203,Savings,France,129209.48
15787907,Customer 15787907,Savings,Germany,137227.04
15646764,Customer 15646764,Savings,Germany,119024.75
15678284,Customer 15678284,Savings,France,74623.50
15726791,Customer 15726791,Savings,Spain,157929.45
15813144,Customer 15813144,Savings,France,92606.86
15669342,Customer 15669342,Savings,Germany,127862.93
15710366,Customer 15710366,Savings,Spain,0.00
15614934,Customer 15614934,Savings,Germany,142711.81
15588701,Customer 15588701,Savings,France,0.00
15665438,Customer 15665438,Savings,France,163159.85
15644896,Customer 15644896,Savings,Germany,108586.86
15670205,Customer 15670205,Savings,Germany,110624.99
15635776,Customer 15635776,Savings,Germany,154846.24
15791053,Customer 15791053,Savings,Germany,122917.71
15644005,Customer 15644005,Savings,France,0.00
15796343,Customer 15796343,Savings,France,82787.93
15751057,Customer 15751057,Savings,Germany,102500.34
15623430,Customer 15623430,Savings,France,0.00
15682600,Customer 15682600,Savings,Germany,159492.79
15769312,Customer 15769312,Savings,Spain,0.00
15708212,Customer 15708212,Savings,Spain,118241.02
15650258,Customer 15650258,Savings,France,113090.40
15604345,Customer 15604345,Savings,France,65763.57
15578297,Customer 15578297,Savings,Germany,125537.38
15671789,Customer 15671789,Savings,France,94263.91
15726186,Customer 15726186,Savings,Spain,133434.57
15764618,Customer 15764618,Savings,Spain,0.00
15730738,Customer 15730738,Savings,Spain,0.00
15637650,Customer 15637650,Savings,France,94748.76
15606267,Customer 15606267,Savings,France,98640.74
15625904,Customer 15625904,Savings,France,74681.90
15654463,Customer 15654463,Savings,France,0.00
15774151,Customer 15774151,Savings,Spain,179915.85
15693259,Customer 15693259,Savings,France,128207.23
15642468,Customer 15642468,Savings,France,132739.26
15758531,Customer 15758531,Savings,France,0.00
15728352,Customer 15728352,Savings,France,120509.81
15637240,Customer 15637240,Savings,France,124547.13
15595588,Customer 15595588,Savings,Spain,0.00
15778395,Customer 15778395,Savings,Germany,88815.56
15711825,Customer 15711825,Savings,Spain,82231.51
15599251,Customer 15599251,Savings,Germany,184715.86
15570004,Customer 15570004,Savings,France,0.00
15656912,Customer 15656912,Savings,Spain,0.00
15657342,Customer 15657342,Savings,Germany,147972.19
15716284,Customer 15716284,Savings,France,0.00
15672374,Customer 15672374,Savings,France,170008.84
15732476,Customer 15732476,Savings,France,0.00
15747724,Customer 15747724,Savings,Spain,0.00
15633877,Customer 15633877,Savings,Spain,95386.82
15672516,Customer 15672516,Savings,Germany,90373.28
15607827,Customer 15607827,Savings,Germany,133467.77
15751336,Customer 15751336,Savings,Spain,0.00
15646539,Customer 15646539,Savings,France,96288.26
15756901,Customer 15756901,Savings,France,91547.84
15809286,Customer 15809286,Savings,Germany,138292.64
15759021,Customer 15759021,Savings,France,0.00
15725039,Customer 15725039,Savings,Spain,71667.74
15579130,Customer 15579130,Savings,Germany,118994.84
15754112,Customer 15754112,Savings,Spain,0.00
15735522,Customer 15735522,Savings,Germany,145610.07
15613326,Customer 15613326,Savings,France,138162.81
15739502,Customer 15739502,Savings,Germany,135020.21
15670914,Customer 15670914,Savings,France,0.00
15604073,Customer 15604073,Savings,Germany,135161.67
15806027,Customer 15806027,Savings,France,0.00
15574886,Customer 15574886,Savings,France,94486.47
15707120,Customer 15707120,Savings,France,117640.39
15800845,Customer 15800845,Savings,Spain,111379.55
15603914,Customer 15603914,Savings,France,0.00
15722765,Customer 15722765,Savings,Spain,136820.99
15783305,Customer 15783305,Savings,France,98752.51
15574842,Customer 15574842,Savings,Germany,158266.42
15607837,Customer 15607837,Savings,France,105599.67
15714877,Customer 15714877,Savings,France,0.00
15782941,Customer 15782941,Savings,France,0.00
15630167,Customer 15630167,Savings,Spain,139723.90
15759038,Customer 15759038,Savings,France,141806.46
15661821,Customer 15661821,Savings,Germany,132571.67
15728006,Customer 15728006,Savings,France,180516.90
15712176,Customer 15712176,Savings,France,0.00
15689351,Customer 15689351,Savings,Germany,92805.72
15782247,Customer 15782247,Savings,France,0.00
15769064,Customer 15769064,Savings,Germany,135309.36
15718153,Customer 15718153,Savings,Spain,128917.84
15613189,Customer 15613189,Savings,France,56580.93
15661734,Customer 15661734,Savings,Germany,131390.75
15592645,Customer 15592645,Savings,Spain,0.00
15768387,Customer 15768387,Savings,France,0.00
15792525,Customer 15792525,Savings,Germany,97361.66
15586976,Customer 15586976,Savings,France,0.00
15790659,Customer 15790659,Savings,Spain,0.00
15691446,Customer 15691446,Savings,Spain,0.00
15772632,Customer 15772632,Savings,France,0.00
15706587,Customer 15706587,Savings,France,0.00
15572461,Customer 15572461,Savings,Germany,102714.65
15654409,Customer 15654409,Savings,France,67816.72
15568025,Customer 15568025,Savings,France,81710.46
15715769,Customer 15715769,Savings,France,75237.54
15667458,Customer 15667458,Savings,Germany,124023.18
15567980,Customer 15567980,Savings,Germany,100727.50
15679294,Customer 15679294,Savings,France,107238.85
15606507,Customer 15606507,Savings,France,0.00
15578825,Customer 15578825,Savings,France,139994.66
15619935,Customer 15619935,Savings,Spain,126224.87
15636089,Customer 15636089,Savings,Germany,145751.03
15727490,Customer 15727490,Savings,France,0.00
15591766,Customer 15591766,Savings,Spain,121166.89
15641629,Customer 15641629,Savings,Spain,0.00
15813303,Customer 15813303,Savings,Spain,0.00
15756920,Customer 15756920,Savings,France,70655.48
15726403,Customer 15726403,Savings,Germany,129901.21
15592765,Customer 15592765,Savings,France,125470.81
15704442,Customer 15704442,Savings,France,169406.33
15641136,Customer 15641136,Savings,France,0.00
15725818,Customer 15725818,Savings,Germany,107041.30
15612071,Customer 15612071,Savings,Spain,95153.77
15719809,Customer 15719809,Savings,Germany,145166.09
15716518,Customer 15716518,Savings,France,0.00
15742210,Customer 15742210,Savings,France,65962.63
15630617,Customer 15630617,Savings,Germany,140418.81
15720838,Customer 15720838,Savings,Spain,139799.63
15595537,Customer 15595537,Savings,Germany,171787.84
15623196,Customer 15623196,Savings,France,149238.97
15679249,Customer 15679249,Savings,Germany,163146.46
15693199,Customer 15693199,Savings,France,0.00
15661219,Customer 15661219,Savings,France,0.00
15617136,Customer 15617136,Savings,Germany,61482.47
15760294,Customer 15760294,Savings,France,145150.28
15652808,Customer 15652808,Savings,France,126670.37
15657139,Customer 15657139,Savings,France,84390.80
15803790,Customer 15803790,Savings,Germany,89728.86
15764105,Customer 15764105,Savings,France,0.00
15672610,Customer 15672610,Savings,Spain,118628.80
15766896,Customer 15766896,Savings,France,0.00
15587735,Customer 15587735,Savings,France,96863.13
15659501,Customer 15659501,Savings,France,142263.45
15745001,Customer 15745001,Savings,Spain,0.00
15651140,Customer 15651140,Savings,France,0.00
15571148,Customer 15571148,Savings,Spain,0.00
15776824,Customer 15776824,Savings,France,122724.37
15633141,Customer 15633141,Savings,Germany,174902.26
15764174,Customer 15764174,Savings,Spain,0.00
15778155,Customer 15778155,Savings,Germany,108914.17
15715920,Customer 15715920,Savings,Spain,98052.66
15671917,Customer 15671917,Savings,France,123873.19
15666548,Customer 15666548,Savings,Germany,111920.13
15625623,Customer 15625623,Savings,France,0.00
15748123,Customer 15748123,Savings,France,0.00
15648735,Customer 15648735,Savings,France,0.00
15634974,Customer 15634974,Savings,France,75150.34
15713378,Customer 15713378,Savings,France,0.00
15753370,Customer 15753370,Savings,Germany,114753.76
15782659,Customer 15782659,Savings,France,0.00
15583364,Customer 15583364,Savings,France,111871.93
15625942,Customer 15625942,Savings,Spain,0.00
15720284,Customer 15720284,Savings,Germany,135927.06
15679642,Customer 15679642,Savings,Spain,0.00
15628007,Customer 15628007,Savings,France,0.00
15661974,Customer 15661974,Savings,France,57037.74
15689341,Customer 15689341,Savings,France,0.00
15607993,Customer 15607993,Savings,France,79468.96
15693267,Customer 15693267,Savings,Germany,121063.85
15769522,Customer 15769522,Savings,France,118537.47
15755825,Customer 15755825,Savings,France,0.00
15598175,Customer 15598175,Savings,Germany,105082.07
15744327,Customer 15744327,Savings,France,0.00
15798666,Customer 15798666,Savings,France,0.00
15577064,Customer 15577064,Savings,Germany,104702.65
15759436,Customer 15759436,Savings,France,95813.76
15690231,Customer 15690231,Savings,Spain,167026.61
15751561,Customer 15751561,Savings,Germany,102453.26
15739068,Customer 15739068,Savings,Germany,148045.45
15758056,Customer 15758056,Savings,France,0.00
15742269,Customer 15742269,Savings,France,0.00
15726490,Customer 15726490,Savings,Spain,0.00
15738411,Customer 15738411,Savings,France,104498.79
15727919,Customer 15727919,Savings,Spain,0.00
15709396,Customer 15709396,Savings,France,0.00
15654106,Customer 15654106,Savings,France,149542.52
15621653,Customer 15621653,Savings,France,87946.39
15598086,Customer 15598086,Savings,France,68639.57
15752300,Customer 15752300,Savings,Germany,148826.32
15658693,Customer 15658693,Savings,France,0.00
15631838,Customer 15631838,Savings,France,108166.09
15803804,Customer 15803804,Savings,Germany,103214.71
15578809,Customer 15578809,Savings,Germany,134760.21
15752026,Customer 15752026,Savings,France,0.00
15723706,Customer 15723706,Savings,France,90124.64
15752838,Customer 15752838,Savings,Spain,0.00
15569571,Customer 15569571,Savings,Germany,87361.02
15769703,Customer 15769703,Savings,Germany,111257.59
15679770,Customer 15679770,Savings,France,131583.59
15791102,Customer 15791102,Savings,Germany,95020.80
15655192,Customer 15655192,Savings,Spain,0.00
15709487,Customer 15709487,Savings,Germany,80242.37
15687130,Customer 15687130,Savings,France,0.00
15755178,Customer 15755178,Savings,France,0.00
15634772,Customer 15634772,Savings,Spain,122661.39
15617197,Customer 15617197,Savings,France,0.00
15631240,Customer 15631240,Savings,France,0.00
15784301,Customer 15784301,Savings,France,0.00
15631310,Customer 15631310,Savings,France,0.00
15756560,Customer 15756560,Savings,Spain,81742.84
15732270,Customer 15732270,Savings,Spain,0.00
15739357,Customer 15739357,Savings,Spain,145127.85
15771540,Customer 15771540,Savings,France,148912.44
15567486,Customer 15567486,Savings,Spain,0.00
15714634,Customer 15714634,Savings,France,89900.24
15727021,Customer 15727021,Savings,Germany,119027.28
15650670,Customer 15650670,Savings,Germany,105222.86
15711834,Customer 15711834,Savings,Spain,0.00
15729763,Customer 15729763,Savings,Spain,116114.93
15646566,Customer 15646566,Savings,France,187911.55
15645463,Customer 15645463,Savings,France,0.00
15672144,Customer 15672144,Savings,France,144432.04
15596088,Customer 15596088,Savings,France,77065.90
15614878,Customer 15614878,Savings,Germany,180520.29
15635240,Customer 15635240,Savings,France,0.00
15775905,Customer 15775905,Savings,Germany,130024.87
15700657,Customer 15700657,Savings,Germany,110086.69
15611905,Customer 15611905,Savings,Spain,174853.46
15652527,Customer 15652527,Savings,France,108724.98
15785865,Customer 15785865,Savings,France,91285.13
15645942,Customer 15645942,Savings,Spain,0.00
15688691,Customer 15688691,Savings,Germany,110610.41
15592736,Customer 15592736,Savings,Germany,102994.04
15673529,Customer 15673529,Savings,Spain,59893.85
15724145,Customer 15724145,Savings,Germany,149318.55
15704629,Customer 15704629,Savings,France,116409.55
15597896,Customer 15597896,Savings,Germany,127760.07
15731790,Customer 15731790,Savings,Germany,132591.36
15634719,Customer 15634719,Savings,France,0.00
15703205,Customer 15703205,Savings,France,113402.14
15567333,Customer 15567333,Savings,France,0.00
15754537,Customer 15754537,Savings,France,0.00
15612030,Customer 15612030,Savings,France,0.00
15573242,Customer 15573242,Savings,France,136953.47
15601892,Customer 15601892,Savings,France,0.00
15663885,Customer 15663885,Savings,France,0.00
15701096,Customer 15701096,Savings,France,123863.64
15710450,Customer 15710450,Savings,Spain,120811.89
15790846,Customer 15790846,Savings,Germany,148430.55
15658956,Customer 15658956,Savings,Germany,47869.69
15755223,Customer 15755223,Savings,Germany,150926.99
15787318,Customer 15787318,Savings,Germany,103163.35
15737310,Customer 15737310,Savings,France,130206.28
15763665,Customer 15763665,Savings,France,136674.51
15668818,Customer 15668818,Savings,Spain,200322.45
15765812,Customer 15765812,Savings,Spain,0.00
15704844,Customer 15704844,Savings,Spain,80927.56
15744582,Customer 15744582,Savings,France,0.00
15616700,Customer 15616700,Savings,Spain,0.00
15683521,Customer 15683521,Savings,Germany,142574.71
15583049,Customer 15583049,Savings,Germany,160426.07
15643752,Customer 15643752,Savings,France,116160.23
15620398,Customer 15620398,Savings,Spain,98683.47
15715707,Customer 15715707,Savings,France,118829.03
15814209,Customer 15814209,Savings,France,118870.92
15733768,Customer 15733768,Savings,France,0.00
15755242,Customer 15755242,Savings,France,0.00
15729412,Customer 15729412,Savings,France,107192.38
15746564,Customer 15746564,Savings,France,108010.78
15588446,Customer 15588446,Savings,Spain,0.00
15665221,Customer 15665221,Savings,France,129837.72
15640846,Customer 15640846,Savings,Germany,106458.31
15700209,Customer 15700209,Savings,France,97009.15
15658360,Customer 15658360,Savings,Spain,122929.42
15602735,Customer 15602735,Savings,Germany,152296.83
15724834,Customer 15724834,Savings,France,0.00
15800062,Customer 15800062,Savings,Spain,0.00
15685300,Customer 15685300,Savings,France,128993.76
15760102,Customer 15760102,Savings,France,0.00
15787026,Customer 15787026,Savings,Germany,185267.45
15653696,Customer 15653696,Savings,France,0.00
15788946,Customer 15788946,Savings,Spain,116805.82
15600724,Customer 15600724,Savings,Germany,129750.68
15574324,Customer 15574324,Savings,Germany,129177.01
15707144,Customer 15707144,Savings,Germany,82506.72
15775891,Customer 15775891,Savings,Germany,107247.69
15711789,Customer 15711789,Savings,Spain,0.00
15600879,Customer 15600879,Savings,Germany,157780.93
15681196,Customer 15681196,Savings,France,172170.36
15716000,Customer 15716000,Savings,Spain,0.00
15766776,Customer 15766776,Savings,France,0.00
15680278,Customer 15680278,Savings,Spain,75361.44
15688637,Customer 15688637,Savings,France,0.00
15591179,Customer 15591179,Savings,Spain,0.00
15677435,Customer 15677435,Savings,France,98263.46
15698619,Customer 15698619,Savings,France,0.00
15581036,Customer 15581036,Savings,Germany,109308.79
15622117,Customer 15622117,Savings,Spain,0.00
15599301,Customer 15599301,Savings,Germany,164365.44
15581548,Customer 15581548,Savings,Spain,98800.00
15586870,Customer 15586870,Savings,France,193125.85
15735263,Customer 15735263,Savings,France,51522.75
15765322,Customer 15765322,Savings,France,84284.48
15582944,Customer 15582944,Savings,Spain,0.00
15687162,Customer 15687162,Savings,France,119889.84
15644962,Customer 15644962,Savings,France,137910.45
15612615,Customer 15612615,Savings,France,0.00
15813439,Customer 15813439,Savings,France,100116.82
15604544,Customer 15604544,Savings,Germany,166082.15
15761348,Customer 15761348,Savings,France,0.00
15785078,Customer 15785078,Savings,Spain,0.00
15759874,Customer 15759874,Savings,France,148595.55
15643658,Customer 15643658,Savings,Germany,94078.97
15713267,Customer 15713267,Savings,Spain,0.00
15737782,Customer 15737782,Savings,France,0.00
15815490,Customer 15815490,Savings,Germany,164948.98
15679410,Customer 15679410,Savings,France,140549.40
15756241,Customer 15756241,Savings,France,152509.25
15688409,Customer 15688409,Savings,France,191864.51
15742272,Customer 15742272,Savings,France,96418.09
15717898,Customer 15717898,Savings,Spain,131945.94
15769582,Customer 15769582,Savings,France,0.00
15635660,Customer 15635660,Savings,Germany,142910.15
15576723,Customer 15576723,Savings,France,0.00
15591577,Customer 15591577,Savings,France,146311.58
15582325,Customer 15582325,Savings,France,87894.26
15693947,Customer 15693947,Savings,France,97445.49
15760446,Customer 15760446,Savings,France,0.00
15611105,Customer 15611105,Savings,Spain,0.00
15630920,Customer 15630920,Savings,France,154485.74
15574910,Customer 15574910,Savings,France,115625.07
15756472,Customer 15756472,Savings,France,108396.67
15682890,Customer 15682890,Savings,Germany,65095.41
15641994,Customer 15641994,Savings,Germany,103018.45
15733297,Customer 15733297,Savings,France,84764.79
15767793,Customer 15767793,Savings,France,0.00
15725698,Customer 15725698,Savings,Spain,115680.81
15813532,Customer 15813532,Savings,France,0.00
15576760,Customer 15576760,Savings,Germany,73088.06
15732102,Customer 15732102,Savings,Germany,150905.03
15739046,Customer 15739046,Savings,Spain,143054.85
15631927,Customer 15631927,Savings,Spain,0.00
15672115,Customer 15672115,Savings,France,0.00
15618765,Customer 15618765,Savings,Germany,99948.45
15679148,Customer 15679148,Savings,France,115451.05
15728474,Customer 15728474,Savings,Germany,108235.91
15636999,Customer 15636999,Savings,France,0.00
15754261,Customer 15754261,Savings,Spain,98795.61
15629150,Customer 15629150,Savings,France,0.00
15736274,Customer 15736274,Savings,France,0.00
15627697,Customer 15627697,Savings,France,0.00
15721585,Customer 15721585,Savings,Germany,113146.98
15639946,Customer 15639946,Savings,Germany,162532.14
15792176,Customer 15792176,Savings,Spain,92053.44
15699450,Customer 15699450,Savings,France,0.00
15729954,Customer 15729954,Savings,France,0.00
15600103,Customer 15600103,Savings,Germany,104944.10
15786200,Customer 15786200,Savings,France,0.00
15797010,Customer 15797010,Savings,France,0.00
15670172,Customer 15670172,Savings,France,107879.04
15627352,Customer 15627352,Savings,Germany,110356.42
15622494,Customer 15622494,Savings,France,0.00
15585835,Customer 15585835,Savings,Spain,109783.69
15595071,Customer 15595071,Savings,France,149777.00
15628203,Customer 15628203,Savings,France,104339.56
15667190,Customer 15667190,Savings,Spain,85818.18
15780212,Customer 15780212,Savings,France,212692.97
15766869,Customer 15766869,Savings,Germany,89696.84
15775741,Customer 15775741,Savings,France,0.00
15628170,Customer 15628170,Savings,Germany,68067.24
15701318,Customer 15701318,Savings,Spain,148564.66
15710928,Customer 15710928,Savings,France,136354.16
15682547,Customer 15682547,Savings,France,122214.00
15631170,Customer 15631170,Savings,France,0.00
15648702,Customer 15648702,Savings,Germany,119684.88
15783444,Customer 15783444,Savings,France,135139.33
15809178,Customer 15809178,Savings,Germany,146100.75
15806688,Customer 15806688,Savings,Spain,123110.90
15576824,Customer 15576824,Savings,Germany,111760.40
15675422,Customer 15675422,Savings,France,110728.39
15681550,Customer 15681550,Savings,France,121558.46
15812628,Customer 15812628,Savings,Germany,120623.21
15597951,Customer 15597951,Savings,France,114713.57
15807045,Customer 15807045,Savings,Germany,103457.76
15581748,Customer 15581748,Savings,Germany,101134.87
15770420,Customer 15770420,Savings,Germany,78136.36
15608230,Customer 15608230,Savings,France,0.00
15730339,Customer 15730339,Savings,Spain,133446.34
15712584,Customer 15712584,Savings,France,0.00
15592816,Customer 15592816,Savings,Germany,108076.33
15641480,Customer 15641480,Savings,France,131354.25
15708505,Customer 15708505,Savings,Germany,62974.64
15791131,Customer 15791131,Savings,Germany,143340.44
15618225,Customer 15618225,Savings,Germany,116993.43
15644724,Customer 15644724,Savings,France,58662.92
15662098,Customer 15662098,Savings,Spain,128808.65
15723894,Customer 15723894,Savings,France,137555.44
15787699,Customer 15787699,Savings,Germany,142393.11
15687738,Customer 15687738,Savings,France,0.00
15576126,Customer 15576126,Savings,France,125785.23
15658889,Customer 15658889,Savings,France,136444.25
15667046,Customer 15667046,Savings,Spain,121527.40
15669957,Customer 15669957,Savings,Germany,144696.75
15655794,Customer 15655794,Savings,France,0.00
15599829,Customer 15599829,Savings,France,0.00
15753332,Customer 15753332,Savings,Germany,128140.17
15671124,Customer 15671124,Savings,France,120383.41
15767474,Customer 15767474,Savings,France,0.00
15720671,Customer 15720671,Savings,France,129735.30
15626787,Customer 15626787,Savings,Spain,185078.26
15774491,Customer 15774491,Savings,France,0.00
15579647,Customer 15579647,Savings,France,0.00
15625522,Customer 15625522,Savings,Spain,0.00
15765806,Customer 15765806,Savings,France,144591.96
15566708,Customer 15566708,Savings,France,0.00
15668347,Customer 15668347,Savings,France,0.00
15575214,Customer 15575214,Savings,France,0.00
15591123,Customer 15591123,Savings,Germany,100194.44
15573280,Customer 15573280,Savings,Germany,145295.31
15589018,Customer 15589018,Savings,Germany,106070.29
15654495,Customer 15654495,Savings,Germany,120621.89
15597265,Customer 15597265,Savings,France,0.00
15733876,Customer 15733876,Savings,France,0.00
15677217,Customer 15677217,Savings,France,0.00
15747265,Customer 15747265,Savings,Germany,171283.91
15713379,Customer 15713379,Savings,France,0.00
15730433,Customer 15730433,Savings,Germany,128218.47
15693347,Customer 15693347,Savings,France,0.00
15715465,Customer 15715465,Savings,Germany,77776.39
15680736,Customer 15680736,Savings,Germany,124978.19
15610765,Customer 15610765,Savings,France,0.00
15650034,Customer 15650034,Savings,France,0.00
15782468,Customer 15782468,Savings,Spain,109799.55
15685109,Customer 15685109,Savings,France,0.00
15776233,Customer 15776233,Savings,Germany,125397.21
15761141,Customer 15761141,Savings,Spain,0.00
15781702,Customer 15781702,Savings,Germany,111347.37
15790235,Customer 15790235,Savings,Spain,104291.41
15641416,Customer 15641416,Savings,Germany,94867.18
15775234,Customer 15775234,Savings,France,0.00
15659475,Customer 15659475,Savings,France,135703.59
15642202,Customer 15642202,Savings,Germany,106453.53
15771417,Customer 15771417,Savings,France,132412.38
15585100,Customer 15585100,Savings,Germany,124401.60
15700487,Customer 15700487,Savings,France,118022.06
15726589,Customer 15726589,Savings,Germany,82531.11
15747503,Customer 15747503,Savings,Spain,184552.12
15595883,Customer 15595883,Savings,Germany,127278.31
15663826,Customer 15663826,Savings,Spain,0.00
15742820,Customer 15742820,Savings,France,0.00
15624793,Customer 15624793,Savings,Germany,184244.86
15597930,Customer 15597930,Savings,France,59669.43
15665110,Customer 15665110,Savings,France,79543.59
15770719,Customer 15770719,Savings,France,151553.19
15731327,Customer 15731327,Savings,Germany,166527.88
15576044,Customer 15576044,Savings,Germany,150329.15
15775662,Customer 15775662,Savings,France,121911.59
15646817,Customer 15646817,Savings,France,156773.78
15596060,Customer 15596060,Savings,Spain,127864.26
15723299,Customer 15723299,Savings,France,113709.28
15636982,Customer 15636982,Savings,Germany,79974.55
15751175,Customer 15751175,Savings,France,0.00
15618936,Customer 15618936,Savings,France,0.00
15787529,Customer 15787529,Savings,Spain,0.00
15780128,Customer 15780128,Savings,France,144427.96
15615991,Customer 15615991,Savings,France,99263.09
15757001,Customer 15757001,Savings,France,79368.87
15595388,Customer 15595388,Savings,France,0.00
15699550,Customer 15699550,Savings,Spain,0.00
15581620,Customer 15581620,Savings,France,0.00
15600934,Customer 15600934,Savings,France,125095.94
15738672,Customer 15738672,Savings,Germany,162485.80
15721307,Customer 15721307,Savings,Germany,95668.82
15619280,Customer 15619280,Savings,France,0.00
15768244,Customer 15768244,Savings,Spain,0.00
15806837,Customer 15806837,Savings,France,0.00
15643496,Customer 15643496,Savings,France,74197.38
15813916,Customer 15813916,Savings,France,89688.94
15626385,Customer 15626385,Savings,Spain,103121.33
15603582,Customer 15603582,Savings,Spain,0.00
15764351,Customer 15764351,Savings,Germany,120170.07
15667938,Customer 15667938,Savings,France,149136.31
15576360,Customer 15576360,Savings,France,141136.79
15628813,Customer 15628813,Savings,France,152341.55
15584190,Customer 15584190,Savings,France,120026.98
15716449,Customer 15716449,Savings,Spain,132168.28
15759913,Customer 15759913,Savings,Germany,85200.82
15701555,Customer 15701555,Savings,Spain,84903.33
15758482,Customer 15758482,Savings,France,0.00
15758171,Customer 15758171,Savings,France,0.00
15680346,Customer 15680346,Savings,Spain,0.00
15649124,Customer 15649124,Savings,France,121535.18
15812917,Customer 15812917,Savings,Spain,116662.96
15768455,Customer 15768455,Savings,France,0.00
15703059,Customer 15703059,Savings,Germany,124829.16
15646196,Customer 15646196,Savings,Spain,155180.56
15585451,Customer 15585451,Savings,Germany,108262.87
15714057,Customer 15714057,Savings,Spain,0.00
15748473,Customer 15748473,Savings,France,0.00
15785782,Customer 15785782,Savings,Spain,0.00
15693233,Customer 15693233,Savings,Germany,99812.88
15757521,Customer 15757521,Savings,France,132164.26
15812513,Customer 15812513,Savings,Germany,103583.05
15674950,Customer 15674950,Savings,Germany,142406.43
15678572,Customer 15678572,Savings,Spain,99842.50
15713608,Customer 15713608,Savings,France,0.00
15579262,Customer 15579262,Savings,France,0.00
15610426,Customer 15610426,Savings,France,81042.42
15776454,Customer 15776454,Savings,France,0.00
15771483,Customer 15771483,Savings,France,0.00
15648489,Customer 15648489,Savings,France,199689.49
15646609,Customer 15646609,Savings,France,142645.43
15693203,Customer 15693203,Savings,Spain,0.00
15813067,Customer 15813067,Savings,Germany,110219.14
15769829,Customer 15769829,Savings,Spain,0.00
15662434,Customer 15662434,Savings,France,0.00
15773503,Customer 15773503,Savings,Spain,0.00
15705890,Customer 15705890,Savings,France,142072.02
15711398,Customer 15711398,Savings,France,0.00
15752375,Customer 15752375,Savings,Germany,149564.61
15659175,Customer 15659175,Savings,France,0.00
15597033,Customer 15597033,Savings,Germany,153366.13
15590228,Customer 15590228,Savings,France,76467.16
15631848,Customer 15631848,Savings,France,121508.28
15654211,Customer 15654211,Savings,Spain,0.00
15707968,Customer 15707968,Savings,Spain,73211.12
15594084,Customer 15594084,Savings,France,0.00
15651093,Customer 15651093,Savings,France,0.00
15798824,Customer 15798824,Savings,Spain,92674.94
15671591,Customer 15671591,Savings,Spain,96196.24
15707189,Customer 15707189,Savings,Germany,114391.62
15733581,Customer 15733581,Savings,Germany,80262.66
15641640,Customer 15641640,Savings,Spain,173331.52
15585284,Customer 15585284,Savings,Spain,147285.52
15617866,Customer 15617866,Savings,Spain,119785.47
15667751,Customer 15667751,Savings,Spain,140137.15
15669411,Customer 15669411,Savings,Germany,107467.56
15789425,Customer 15789425,Savings,Germany,98218.04
15570943,Customer 15570943,Savings,Germany,133607.75
15685829,Customer 15685829,Savings,France,0.00
15721917,Customer 15721917,Savings,France,95139.41
15776047,Customer 15776047,Savings,France,0.00
15716024,Customer 15716024,Savings,Spain,0.00
15675328,Customer 15675328,Savings,France,0.00
15604314,Customer 15604314,Savings,Germany,97331.19
15658339,Customer 15658339,Savings,Germany,139265.63
15630402,Customer 15630402,Savings,France,0.00
15689616,Customer 15689616,Savings,Spain,168094.01
15774224,Customer 15774224,Savings,Germany,131563.88
15701291,Customer 15701291,Savings,France,0.00
15719606,Customer 15719606,Savings,France,0.00
15644119,Customer 15644119,Savings,France,0.00
15646859,Customer 15646859,Savings,Germany,107363.29
15606836,Customer 15606836,Savings,France,94493.03
15664150,Customer 15664150,Savings,Germany,170214.23
15624510,Customer 15624510,Savings,France,139781.06
15810944,Customer 15810944,Savings,France,0.00
15668575,Customer 15668575,Savings,Spain,148610.41
15603246,Customer 15603246,Savings,France,170241.70
15804002,Customer 15804002,Savings,France,128306.83
15728773,Customer 15728773,Savings,France,0.00
15598044,Customer 15598044,Savings,France,0.00
15694829,Customer 15694829,Savings,Germany,175454.00
15600575,Customer 15600575,Savings,Spain,0.00
15727311,Customer 15727311,Savings,France,100885.93
15570769,Customer 15570769,Savings,France,93320.80
15606274,Customer 15606274,Savings,Germany,63176.44
15746139,Customer 15746139,Savings,France,139451.67
15704987,Customer 15704987,Savings,France,49113.75
15628972,Customer 15628972,Savings,Germany,123906.22
15697686,Customer 15697686,Savings,France,0.00
15733883,Customer 15733883,Savings,France,0.00
15617482,Customer 15617482,Savings,Germany,131441.51
15704583,Customer 15704583,Savings,France,0.00
15621083,Customer 15621083,Savings,France,136325.48
15649487,Customer 15649487,Savings,Germany,113150.44
15736760,Customer 15736760,Savings,Spain,0.00
15714658,Customer 15714658,Savings,France,0.00
15599081,Customer 15599081,Savings,Germany,102785.16
15705113,Customer 15705113,Savings,Spain,83264.28
15631159,Customer 15631159,Savings,Germany,72252.64
15792818,Customer 15792818,Savings,Germany,148051.52
15633531,Customer 15633531,Savings,France,138489.66
15744529,Customer 15744529,Savings,France,0.00
15669656,Customer 15669656,Savings,France,111589.33
15581198,Customer 15581198,Savings,Germany,122104.79
15729054,Customer 15729054,Savings,Germany,96106.83
15573452,Customer 15573452,Savings,Germany,115930.87
15776733,Customer 15776733,Savings,Germany,124513.66
15724858,Customer 15724858,Savings,France,0.00
15713144,Customer 15713144,Savings,Spain,0.00
15690188,Customer 15690188,Savings,France,0.00
15689425,Customer 15689425,Savings,Spain,100988.39
15671766,Customer 15671766,Savings,France,118577.24
15782806,Customer 15782806,Savings,Spain,0.00
15764419,Customer 15764419,Savings,France,0.00
15591915,Customer 15591915,Savings,France,0.00
15772798,Customer 15772798,Savings,Spain,0.00
15792008,Customer 15792008,Savings,Spain,0.00
15715541,Customer 15715541,Savings,France,113311.11
15639277,Customer 15639277,Savings,France,0.00
15798850,Customer 15798850,Savings,France,0.00
15776348,Customer 15776348,Savings,Germany,124365.42
15727696,Customer 15727696,Savings,France,147249.29
15793813,Customer 15793813,Savings,France,103688.19
15694395,Customer 15694395,Savings,France,138740.24
15764195,Customer 15764195,Savings,Spain,111900.14
15744919,Customer 15744919,Savings,Spain,152760.24
15671655,Customer 15671655,Savings,Germany,143966.30
15654901,Customer 15654901,Savings,France,141556.96
15649136,Customer 15649136,Savings,France,0.00
15775562,Customer 15775562,Savings,France,0.00
15807481,Customer 15807481,Savings,France,0.00
15642885,Customer 15642885,Savings,France,0.00
15789109,Customer 15789109,Savings,France,0.00
15814004,Customer 15814004,Savings,France,0.00
15673619,Customer 15673619,Savings,France,162560.32
15595135,Customer 15595135,Savings,Germany,123229.46
15583681,Customer 15583681,Savings,Spain,76665.71
15605000,Customer 15605000,Savings,France,140278.99
15718071,Customer 15718071,Savings,France,0.00
15679760,Customer 15679760,Savings,France,115764.32
15654574,Customer 15654574,Savings,Germany,131142.53
15577178,Customer 15577178,Savings,France,68375.27
15595324,Customer 15595324,Savings,Germany,117833.30
15756932,Customer 15756932,Savings,Spain,0.00
15726358,Customer 15726358,Savings,France,0.00
15595228,Customer 15595228,Savings,France,0.00
15782530,Customer 15782530,Savings,Spain,111093.01
15592877,Customer 15592877,Savings,Spain,132657.55
15651983,Customer 15651983,Savings,France,128882.49
15746737,Customer 15746737,Savings,Germany,69129.59
15774179,Customer 15774179,Savings,France,0.00
15667265,Customer 15667265,Savings,France,121404.64
15655123,Customer 15655123,Savings,Spain,131355.30
15595917,Customer 15595917,Savings,France,102097.33
15668385,Customer 15668385,Savings,France,154863.15
15709476,Customer 15709476,Savings,Spain,99945.93
15711218,Customer 15711218,Savings,Germany,121704.32
15798659,Customer 15798659,Savings,Spain,0.00
15663939,Customer 15663939,Savings,Germany,138782.76
15694946,Customer 15694946,Savings,France,0.00
15631912,Customer 15631912,Savings,France,136291.71
15768816,Customer 15768816,Savings,Germany,107856.57
15682268,Customer 15682268,Savings,Germany,108348.66
15684801,Customer 15684801,Savings,France,93871.95
15636428,Customer 15636428,Savings,Spain,0.00
15809823,Customer 15809823,Savings,Germany,125860.20
15699284,Customer 15699284,Savings,France,172713.44
15786993,Customer 15786993,Savings,France,0.00
15709441,Customer 15709441,Savings,Spain,0.00
15710257,Customer 15710257,Savings,France,130786.92
15582492,Customer 15582492,Savings,France,112367.34
15575694,Customer 15575694,Savings,Spain,91091.06
15756820,Customer 15756820,Savings,France,106198.50
15766289,Customer 15766289,Savings,France,142669.93
15593014,Customer 15593014,Savings,France,112833.35
15584545,Customer 15584545,Savings,France,0.00
15675949,Customer 15675949,Savings,Spain,0.00
15672091,Customer 15672091,Savings,Germany,104336.43
15801658,Customer 15801658,Savings,France,104305.74
15706185,Customer 15706185,Savings,Germany,140187.10
15789863,Customer 15789863,Savings,France,0.00
15720943,Customer 15720943,Savings,France,114959.12
15697997,Customer 15697997,Savings,France,164704.38
15665416,Customer 15665416,Savings,France,119096.55
15660200,Customer 15660200,Savings,France,0.00
15619653,Customer 15619653,Savings,France,0.00
15773447,Customer 15773447,Savings,Spain,0.00
15739160,Customer 15739160,Savings,France,115465.28
15689237,Customer 15689237,Savings,France,0.00
15679297,Customer 15679297,Savings,Spain,184926.61
15591433,Customer 15591433,Savings,Germany,85957.88
15642725,Customer 15642725,Savings,France,114084.60
15701962,Customer 15701962,Savings,Spain,166930.76
15811613,Customer 15811613,Savings,France,0.00
15741049,Customer 15741049,Savings,France,0.00
15724423,Customer 15724423,Savings,France,107193.82
15574305,Customer 15574305,Savings,France,116275.12
15678168,Customer 15678168,Savings,Spain,0.00
15697020,Customer 15697020,Savings,France,91068.56
15610801,Customer 15610801,Savings,Germany,123049.21
15745232,Customer 15745232,Savings,France,0.00
15722758,Customer 15722758,Savings,France,0.00
15792102,Customer 15792102,Savings,France,137781.65
15675185,Customer 15675185,Savings,Germany,108128.96
15801247,Customer 15801247,Savings,Spain,105317.73
15725660,Customer 15725660,Savings,France,80569.73
15638963,Customer 15638963,Savings,France,174852.89
15800061,Customer 15800061,Savings,Spain,89158.94
15578006,Customer 15578006,Savings,France,0.00
15668504,Customer 15668504,Savings,France,89800.14
15687491,Customer 15687491,Savings,Germany,101207.75
15610403,Customer 15610403,Savings,France,106086.42
15741094,Customer 15741094,Savings,France,0.00
15807909,Customer 15807909,Savings,France,0.00
15666141,Customer 15666141,Savings,Spain,101440.36
15617134,Customer 15617134,Savings,France,0.00
15783029,Customer 15783029,Savings,France,106603.74
15622833,Customer 15622833,Savings,Germany,130420.20
15746422,Customer 15746422,Savings,France,0.00
15750839,Customer 15750839,Savings,Spain,45022.23
15749130,Customer 15749130,Savings,Germany,74298.43
15779862,Customer 15779862,Savings,Germany,133003.03
15767871,Customer 15767871,Savings,Spain,0.00
15679651,Customer 15679651,Savings,Spain,136689.66
15576219,Customer 15576219,Savings,France,0.00
15699247,Customer 15699247,Savings,France,0.00
15619087,Customer 15619087,Savings,France,102520.37
15605327,Customer 15605327,Savings,France,0.00
15610140,Customer 15610140,Savings,France,0.00
15791174,Customer 15791174,Savings,Spain,88382.01
15602373,Customer 15602373,Savings,France,115049.15
15762605,Customer 15762605,Savings,France,104796.54
15598840,Customer 15598840,Savings,France,123082.08
15744279,Customer 15744279,Savings,Spain,0.00
15670619,Customer 15670619,Savings,France,0.00
15599533,Customer 15599533,Savings,France,0.00
15757837,Customer 15757837,Savings,Germany,88311.48
15697574,Customer 15697574,Savings,France,0.00
15578738,Customer 15578738,Savings,France,71872.19
15762228,Customer 15762228,Savings,Spain,110046.93
15614827,Customer 15614827,Savings,France,104430.08
15789815,Customer 15789815,Savings,France,0.00
15579781,Customer 15579781,Savings,Germany,138653.51
15587013,Customer 15587013,Savings,France,102575.04
15570932,Customer 15570932,Savings,France,137780.74
15794661,Customer 15794661,Savings,Spain,0.00
15581654,Customer 15581654,Savings,France,0.00
15644296,Customer 15644296,Savings,France,105209.54
15614420,Customer 15614420,Savings,Germany,109570.21
15609653,Customer 15609653,Savings,Germany,118715.86
15594577,Customer 15594577,Savings,France,0.00
15584114,Customer 15584114,Savings,Germany,153393.18
15673367,Customer 15673367,Savings,Germany,132603.36
15685576,Customer 15685576,Savings,Spain,0.00
15774727,Customer 15774727,Savings,Germany,129398.01
15694288,Customer 15694288,Savings,Spain,0.00
15603319,Customer 15603319,Savings,France,151352.74
15759066,Customer 15759066,Savings,France,136836.49
15814816,Customer 15814816,Savings,France,91592.06
15724402,Customer 15724402,Savings,France,0.00
15571059,Customer 15571059,Savings,France,0.00
15674206,Customer 15674206,Savings,France,0.00
15715160,Customer 15715160,Savings,France,165536.28
15730448,Customer 15730448,Savings,Germany,62482.95
15662067,Customer 15662067,Savings,France,68155.59
15779581,Customer 15779581,Savings,Spain,55853.33
15662901,Customer 15662901,Savings,France,0.00
15689751,Customer 15689751,Savings,France,79589.43
15667742,Customer 15667742,Savings,Spain,100880.76
15738448,Customer 15738448,Savings,Germany,174330.35
15680243,Customer 15680243,Savings,France,143390.51
15745083,Customer 15745083,Savings,Germany,91415.76
15708228,Customer 15708228,Savings,Germany,134366.42
15628523,Customer 15628523,Savings,France,0.00
15708196,Customer 15708196,Savings,Spain,88786.81
15735549,Customer 15735549,Savings,Germany,96814.46
15809347,Customer 15809347,Savings,Germany,160680.41
15660866,Customer 15660866,Savings,France,0.00
15766609,Customer 15766609,Savings,France,0.00
15654230,Customer 15654230,Savings,Germany,145537.21
15794566,Customer 15794566,Savings,France,0.00
15800890,Customer 15800890,Savings,France,0.00
15697424,Customer 15697424,Savings,Spain,119370.11
15724536,Customer 15724536,Savings,Spain,0.00
15735878,Customer 15735878,Savings,Germany,134381.52
15707596,Customer 15707596,Savings,Germany,114888.74
15657163,Customer 15657163,Savings,Germany,149332.48
15622478,Customer 15622478,Savings,France,105061.74
15779529,Customer 15779529,Savings,France,0.00
15636023,Customer 15636023,Savings,France,0.00
15582066,Customer 15582066,Savings,France,0.00
15666675,Customer 15666675,Savings,France,155062.80
15732987,Customer 15732987,Savings,Spain,88798.34
15789432,Customer 15789432,Savings,France,0.00
15663161,Customer 15663161,Savings,Germany,143139.87
15694879,Customer 15694879,Savings,Spain,0.00
15593715,Customer 15593715,Savings,Germany,107027.52
15575002,Customer 15575002,Savings,France,140720.93
15622171,Customer 15622171,Savings,France,80964.57
15795224,Customer 15795224,Savings,France,178585.46
15685346,Customer 15685346,Savings,Spain,135889.13
15691808,Customer 15691808,Savings,France,134919.85
15721007,Customer 15721007,Savings,Germany,115130.34
15794253,Customer 15794253,Savings,Spain,138190.13
15694453,Customer 15694453,Savings,Germany,131519.49
15813113,Customer 15813113,Savings,Spain,0.00
15614187,Customer 15614187,Savings,Germany,126935.98
15619407,Customer 15619407,Savings,France,133707.09
15646227,Customer 15646227,Savings,France,97893.20
15660541,Customer 15660541,Savings,France,127900.03
15753874,Customer 15753874,Savings,France,143835.47
15617877,Customer 15617877,Savings,France,0.00
15772073,Customer 15772073,Savings,France,0.00
15701537,Customer 15701537,Savings,France,0.00
15736228,Customer 15736228,Savings,France,129596.77
15780572,Customer 15780572,Savings,Spain,0.00
15769596,Customer 15769596,Savings,Germany,110407.44
15586996,Customer 15586996,Savings,France,0.00
15722061,Customer 15722061,Savings,Germany,142015.76
15638003,Customer 15638003,Savings,Spain,81370.07
15775590,Customer 15775590,Savings,Germany,69329.47
15730688,Customer 15730688,Savings,France,116755.50
15753102,Customer 15753102,Savings,Spain,83870.33
15810075,Customer 15810075,Savings,France,130694.89
15723373,Customer 15723373,Savings,Spain,117451.47
15795298,Customer 15795298,Savings,Germany,206868.78
15584320,Customer 15584320,Savings,France,111695.62
15724161,Customer 15724161,Savings,France,137285.26
15750056,Customer 15750056,Savings,France,149218.39
15609637,Customer 15609637,Savings,France,0.00
15794493,Customer 15794493,Savings,Spain,0.00
15569641,Customer 15569641,Savings,Germany,130701.29
15815236,Customer 15815236,Savings,Spain,0.00
15811177,Customer 15811177,Savings,France,167949.48
15680587,Customer 15680587,Savings,France,131254.81
15672821,Customer 15672821,Savings,France,0.00
15767681,Customer 15767681,Savings,Spain,0.00
15600379,Customer 15600379,Savings,Spain,86656.13
15801336,Customer 15801336,Savings,Germany,114737.26
15721592,Customer 15721592,Savings,France,0.00
15581282,Customer 15581282,Savings,France,0.00
15746203,Customer 15746203,Savings,Germany,119817.33
15583137,Customer 15583137,Savings,France,130806.99
15680752,Customer 15680752,Savings,France,0.00
15688172,Customer 15688172,Savings,Spain,0.00
15791373,Customer 15791373,Savings,Germany,80931.75
15589449,Customer 15589449,Savings,France,0.00
15692819,Customer 15692819,Savings,Germany,132178.67
15727467,Customer 15727467,Savings,France,0.00
15734312,Customer 15734312,Savings,Spain,0.00
15764604,Customer 15764604,Savings,France,164769.02
15613014,Customer 15613014,Savings,Germany,107233.85
15759684,Customer 15759684,Savings,France,176227.07
15609669,Customer 15609669,Savings,France,109949.39
15685536,Customer 15685536,Savings,France,0.00
15750447,Customer 15750447,Savings,France,117738.81
15663249,Customer 15663249,Savings,Spain,133292.45
15638646,Customer 15638646,Savings,France,160474.59
15734161,Customer 15734161,Savings,France,0.00
15631070,Customer 15631070,Savings,Germany,154393.43
15761950,Customer 15761950,Savings,Germany,110827.49
15649668,Customer 15649668,Savings,Germany,145750.45
15713912,Customer 15713912,Savings,Spain,109044.30
15586757,Customer 15586757,Savings,France,75170.54
15596522,Customer 15596522,Savings,France,0.00
15625395,Customer 15625395,Savings,France,105795.90
15760570,Customer 15760570,Savings,France,0.00
15566689,Customer 15566689,Savings,Spain,0.00
15725794,Customer 15725794,Savings,France,0.00
15673539,Customer 15673539,Savings,France,118097.87
15705298,Customer 15705298,Savings,Germany,172693.54
15675791,Customer 15675791,Savings,France,129440.30
15747043,Customer 15747043,Savings,Spain,0.00
15736397,Customer 15736397,Savings,France,96471.20
15678201,Customer 15678201,Savings,France,0.00
15720745,Customer 15720745,Savings,Spain,140197.18
15637593,Customer 15637593,Savings,France,0.00
15598070,Customer 15598070,Savings,France,135946.26
15787550,Customer 15787550,Savings,France,0.00
15603942,Customer 15603942,Savings,Germany,81290.02
15733973,Customer 15733973,Savings,France,0.00
15596761,Customer 15596761,Savings,Germany,113715.36
15652400,Customer 15652400,Savings,Spain,168883.08
15717893,Customer 15717893,Savings,Germany,143421.74
15622585,Customer 15622585,Savings,France,153644.39
15733964,Customer 15733964,Savings,Spain,109330.06
15753861,Customer 15753861,Savings,Germany,115095.88
15747097,Customer 15747097,Savings,France,0.00
15594762,Customer 15594762,Savings,Spain,183276.32
15667417,Customer 15667417,Savings,France,68193.72
15684861,Customer 15684861,Savings,France,0.00
15742204,Customer 15742204,Savings,Germany,139729.54
15623502,Customer 15623502,Savings,Spain,98365.33
15774872,Customer 15774872,Savings,France,0.00
15611191,Customer 15611191,Savings,Germany,122453.97
15674331,Customer 15674331,Savings,Germany,132174.41
15619465,Customer 15619465,Savings,Spain,0.00
15575247,Customer 15575247,Savings,France,0.00
15695679,Customer 15695679,Savings,Spain,104349.45
15713463,Customer 15713463,Savings,Germany,138881.04
15785170,Customer 15785170,Savings,Germany,116968.91
15796351,Customer 15796351,Savings,Germany,105346.03
15639576,Customer 15639576,Savings,France,136623.19
15693264,Customer 15693264,Savings,France,0.00
15589715,Customer 15589715,Savings,France,0.00
15769902,Customer 15769902,Savings,France,0.00
15587177,Customer 15587177,Savings,France,124445.52
15814553,Customer 15814553,Savings,France,68999.66
15601550,Customer 15601550,Savings,Spain,85768.42
15664907,Customer 15664907,Savings,France,0.00
15612465,Customer 15612465,Savings,Spain,100628.00
15810800,Customer 15810800,Savings,Spain,0.00
15665760,Customer 15665760,Savings,Spain,0.00
15588080,Customer 15588080,Savings,France,0.00
15776844,Customer 15776844,Savings,Spain,0.00
15717560,Customer 15717560,Savings,France,125647.36
15629739,Customer 15629739,Savings,Germany,100375.39
15729908,Customer 15729908,Savings,France,0.00
15716781,Customer 15716781,Savings,France,171922.72
15646936,Customer 15646936,Savings,Germany,146810.99
15768151,Customer 15768151,Savings,Germany,109032.23
15579212,Customer 15579212,Savings,France,0.00
15721835,Customer 15721835,Savings,Spain,0.00
15800515,Customer 15800515,Savings,France,128653.59
15591279,Customer 15591279,Savings,France,80387.81
15587419,Customer 15587419,Savings,France,0.00
15750335,Customer 15750335,Savings,Germany,108508.82
15699619,Customer 15699619,Savings,France,155978.17
15606472,Customer 15606472,Savings,France,0.00
15778368,Customer 15778368,Savings,Germany,121175.56
15671387,Customer 15671387,Savings,France,89349.47
15573926,Customer 15573926,Savings,Spain,86131.71
15709183,Customer 15709183,Savings,France,102346.86
15577514,Customer 15577514,Savings,Germany,121263.62
15778830,Customer 15778830,Savings,France,0.00
15768072,Customer 15768072,Savings,Spain,0.00
15768293,Customer 15768293,Savings,France,0.00
15654456,Customer 15654456,Savings,Germany,149726.08
15807525,Customer 15807525,Savings,France,0.00
15574372,Customer 15574372,Savings,France,161274.05
15671249,Customer 15671249,Savings,France,0.00
15779744,Customer 15779744,Savings,Spain,103138.17
15624755,Customer 15624755,Savings,Germany,109628.44
15611430,Customer 15611430,Savings,France,0.00
15774744,Customer 15774744,Savings,Germany,97286.16
15629885,Customer 15629885,Savings,France,118004.26
15708791,Customer 15708791,Savings,Spain,85534.83
15793890,Customer 15793890,Savings,France,0.00
15646091,Customer 15646091,Savings,Spain,95140.44
15596984,Customer 15596984,Savings,France,0.00
15800215,Customer 15800215,Savings,France,0.00
15577806,Customer 15577806,Savings,Germany,75900.84
15749381,Customer 15749381,Savings,France,126619.27
15683758,Customer 15683758,Savings,France,111833.47
15670615,Customer 15670615,Savings,Spain,0.00
15715622,Customer 15715622,Savings,France,238387.56
15707634,Customer 15707634,Savings,France,108698.96
15806901,Customer 15806901,Savings,France,112687.69
15775335,Customer 15775335,Savings,Germany,81556.89
15724150,Customer 15724150,Savings,France,136596.85
15627220,Customer 15627220,Savings,Germany,98807.45
15672330,Customer 15672330,Savings,France,0.00
15668521,Customer 15668521,Savings,France,0.00
15807837,Customer 15807837,Savings,France,107499.70
15592570,Customer 15592570,Savings,Spain,0.00
15748589,Customer 15748589,Savings,France,0.00
15635893,Customer 15635893,Savings,France,0.00
15757632,Customer 15757632,Savings,France,176024.05
15691863,Customer 15691863,Savings,France,0.00
15706071,Customer 15706071,Savings,Germany,127631.62
15654296,Customer 15654296,Savings,Spain,0.00
15755018,Customer 15755018,Savings,Germany,109819.16
15594041,Customer 15594041,Savings,Spain,138734.94
15670587,Customer 15670587,Savings,Germany,111363.10
15724527,Customer 15724527,Savings,France,0.00
15801904,Customer 15801904,Savings,Germany,143988.00
15658195,Customer 15658195,Savings,France,118838.75
15630113,Customer 15630113,Savings,Spain,161637.75
15784320,Customer 15784320,Savings,France,133793.89
15676513,Customer 15676513,Savings,Germany,71553.83
15574072,Customer 15574072,Savings,France,0.00
15633854,Customer 15633854,Savings,France,0.00
15618566,Customer 15618566,Savings,France,0.00
15733014,Customer 15733014,Savings,France,64667.95
15753343,Customer 15753343,Savings,France,121164.11
15746076,Customer 15746076,Savings,Spain,0.00
15608226,Customer 15608226,Savings,Spain,98903.06
15605684,Customer 15605684,Savings,France,104158.84
15638988,Customer 15638988,Savings,France,0.00
15628767,Customer 15628767,Savings,Spain,139529.93
15737977,Customer 15737977,Savings,France,0.00
15758116,Customer 15758116,Savings,France,64646.70
15575119,Customer 15575119,Savings,France,0.00
15625126,Customer 15625126,Savings,France,0.00
15567114,Customer 15567114,Savings,France,118894.22
15672242,Customer 15672242,Savings,France,0.00
15681327,Customer 15681327,Savings,France,0.00
15802585,Customer 15802585,Savings,France,68213.99
15740630,Customer 15740630,Savings,Spain,0.00
15815420,Customer 15815420,Savings,Spain,139196.00
15711468,Customer 15711468,Savings,France,0.00
15799626,Customer 15799626,Savings,Germany,126345.55
15659325,Customer 15659325,Savings,Spain,0.00
15651352,Customer 15651352,Savings,France,0.00
15684925,Customer 15684925,Savings,France,0.00
15657439,Customer 15657439,Savings,France,0.00
15574122,Customer 15574122,Savings,France,129278.43
15720508,Customer 15720508,Savings,France,119558.35
15599078,Customer 15599078,Savings,Germany,92467.58
15702300,Customer 15702300,Savings,France,0.00
15660735,Customer 15660735,Savings,Spain,0.00
15671390,Customer 15671390,Savings,Spain,0.00
15647385,Customer 15647385,Savings,Spain,99340.83
15739223,Customer 15739223,Savings,Spain,0.00
15631305,Customer 15631305,Savings,Spain,126833.79
15809263,Customer 15809263,Savings,Germany,109676.52
15640866,Customer 15640866,Savings,France,0.00
15775663,Customer 15775663,Savings,Germany,134729.99
15631800,Customer 15631800,Savings,France,98431.37
15654292,Customer 15654292,Savings,Germany,130368.31
15648320,Customer 15648320,Savings,France,123974.96
15726747,Customer 15726747,Savings,France,138082.16
15694510,Customer 15694510,Savings,France,129855.32
15572291,Customer 15572291,Savings,France,132308.22
15603465,Customer 15603465,Savings,Germany,155447.65
15685628,Customer 15685628,Savings,Spain,124268.64
15792729,Customer 15792729,Savings,Germany,176311.36
15767414,Customer 15767414,Savings,France,99886.42
15568044,Customer 15568044,Savings,France,0.00
15751333,Customer 15751333,Savings,France,0.00
15623062,Customer 15623062,Savings,Germany,85089.30
15713621,Customer 15713621,Savings,Germany,134318.21
15670668,Customer 15670668,Savings,Germany,75395.53
15750638,Customer 15750638,Savings,Germany,116765.70
15747878,Customer 15747878,Savings,Spain,0.00
15726796,Customer 15726796,Savings,France,111501.66
15754952,Customer 15754952,Savings,Germany,76595.08
15652192,Customer 15652192,Savings,France,160541.36
15681924,Customer 15681924,Savings,Germany,129728.60
15763544,Customer 15763544,Savings,France,0.00
15764431,Customer 15764431,Savings,Spain,130929.02
15684010,Customer 15684010,Savings,Germany,116800.25
15648881,Customer 15648881,Savings,Germany,101016.53
15733303,Customer 15733303,Savings,France,0.00
15643294,Customer 15643294,Savings,France,190566.65
15749905,Customer 15749905,Savings,Spain,0.00
15625175,Customer 15625175,Savings,Germany,97067.69
15643967,Customer 15643967,Savings,France,92208.54
15578251,Customer 15578251,Savings,France,186347.97
15772573,Customer 15772573,Savings,Spain,103176.62
15733234,Customer 15733234,Savings,France,0.00
15721582,Customer 15721582,Savings,Germany,77270.08
15628219,Customer 15628219,Savings,Germany,111911.63
15571302,Customer 15571302,Savings,Germany,94216.05
15637178,Customer 15637178,Savings,Spain,0.00
15601184,Customer 15601184,Savings,Spain,0.00
15629511,Customer 15629511,Savings,France,106770.82
15570629,Customer 15570629,Savings,Germany,138089.97
15665766,Customer 15665766,Savings,Germany,133191.19
15693732,Customer 15693732,Savings,France,0.00
15765982,Customer 15765982,Savings,France,74135.85
15582016,Customer 15582016,Savings,Spain,99208.46
15798024,Customer 15798024,Savings,Germany,92242.34
15588622,Customer 15588622,Savings,Germany,108380.72
15724863,Customer 15724863,Savings,Spain,91893.32
15618213,Customer 15618213,Savings,France,85757.93
15780411,Customer 15780411,Savings,France,0.00
15725429,Customer 15725429,Savings,Germany,96759.42
15600626,Customer 15600626,Savings,France,0.00
15668460,Customer 15668460,Savings,France,0.00
15576263,Customer 15576263,Savings,France,0.00
15720354,Customer 15720354,Savings,France,0.00
15691624,Customer 15691624,Savings,France,132150.26
15793196,Customer 15793196,Savings,France,0.00
15633352,Customer 15633352,Savings,France,175443.75
15750874,Customer 15750874,Savings,France,78990.15
15588923,Customer 15588923,Savings,France,113743.37
15715745,Customer 15715745,Savings,France,157624.84
15611800,Customer 15611800,Savings,France,125163.62
15576928,Customer 15576928,Savings,France,0.00
15793693,Customer 15793693,Savings,France,0.00
15581252,Customer 15581252,Savings,Spain,80922.75
15797760,Customer 15797760,Savings,France,193354.86
15790564,Customer 15790564,Savings,Germany,107648.94
15593736,Customer 15593736,Savings,Germany,131769.04
15595937,Customer 15595937,Savings,Germany,138992.48
15815628,Customer 15815628,Savings,France,113899.92
15782802,Customer 15782802,Savings,Germany,114450.32
15627412,Customer 15627412,Savings,France,0.00
15734609,Customer 15734609,Savings,France,0.00
15710689,Customer 15710689,Savings,Spain,63609.92
15565806,Customer 15565806,Savings,France,0.00
15815530,Customer 15815530,Savings,France,75497.51
15632272,Customer 15632272,Savings,France,0.00
15684103,Customer 15684103,Savings,France,0.00
15654519,Customer 15654519,Savings,France,0.00
15767722,Customer 15767722,Savings,France,117704.73
15654346,Customer 15654346,Savings,Germany,130463.55
15660147,Customer 15660147,Savings,Spain,46161.18
15814998,Customer 15814998,Savings,Spain,0.00
15802207,Customer 15802207,Savings,Germany,110182.54
15658668,Customer 15658668,Savings,Spain,0.00
15715079,Customer 15715079,Savings,France,117221.15
15570360,Customer 15570360,Savings,France,0.00
15674678,Customer 15674678,Savings,Germany,79120.27
15780925,Customer 15780925,Savings,France,177069.24
15688193,Customer 15688193,Savings,France,61636.97
15778219,Customer 15778219,Savings,France,0.00
15696514,Customer 15696514,Savings,Germany,104414.03
15712303,Customer 15712303,Savings,France,159732.02
15719090,Customer 15719090,Savings,Germany,89437.03
15735632,Customer 15735632,Savings,France,0.00
15619436,Customer 15619436,Savings,France,0.00
15722404,Customer 15722404,Savings,France,0.00
15662063,Customer 15662063,Savings,France,142400.77
15745605,Customer 15745605,Savings,France,88011.40
15636658,Customer 15636658,Savings,France,0.00
15784130,Customer 15784130,Savings,Germany,154870.28
15606755,Customer 15606755,Savings,Spain,0.00
15801699,Customer 15801699,Savings,Spain,0.00
15784097,Customer 15784097,Savings,Germany,118402.25
15764654,Customer 15764654,Savings,France,87374.88
15612092,Customer 15612092,Savings,Germany,105397.80
15610903,Customer 15610903,Savings,Spain,125341.69
15705777,Customer 15705777,Savings,Germany,129164.88
15661936,Customer 15661936,Savings,France,141004.46
15700864,Customer 15700864,Savings,France,0.00
15722965,Customer 15722965,Savings,France,89079.41
15737521,Customer 15737521,Savings,Germany,103604.31
15814465,Customer 15814465,Savings,France,182705.05
15580988,Customer 15580988,Savings,France,0.00
15789974,Customer 15789974,Savings,France,94598.48
15713370,Customer 15713370,Savings,Spain,188241.05
15748673,Customer 15748673,Savings,France,0.00
15754919,Customer 15754919,Savings,France,0.00
15641662,Customer 15641662,Savings,Germany,117469.91
15813422,Customer 15813422,Savings,Spain,80790.74
15713596,Customer 15713596,Savings,France,107735.93
15791216,Customer 15791216,Savings,Germany,133379.41
15689031,Customer 15689031,Savings,Spain,168066.87
15763704,Customer 15763704,Savings,Germany,69014.49
15631339,Customer 15631339,Savings,France,0.00
15771509,Customer 15771509,Savings,Germany,98548.62
15769586,Customer 15769586,Savings,France,0.00
15656096,Customer 15656096,Savings,Spain,76554.06
15585280,Customer 15585280,Savings,France,0.00
15743582,Customer 15743582,Savings,France,107375.82
15761692,Customer 15761692,Savings,France,122417.17
15627840,Customer 15627840,Savings,France,0.00
15778861,Customer 15778861,Savings,Spain,97188.62
15770554,Customer 15770554,Savings,France,61297.05
15806956,Customer 15806956,Savings,Spain,112666.67
15701908,Customer 15701908,Savings,Spain,0.00
15736990,Customer 15736990,Savings,France,157842.07
15743714,Customer 15743714,Savings,France,91443.75
15807993,Customer 15807993,Savings,Germany,110148.49
15644686,Customer 15644686,Savings,Spain,53299.96
15677377,Customer 15677377,Savings,Spain,0.00
15626412,Customer 15626412,Savings,Spain,0.00
15643679,Customer 15643679,Savings,Germany,70233.74
15728456,Customer 15728456,Savings,France,0.00
15630661,Customer 15630661,Savings,Spain,75212.28
15734044,Customer 15734044,Savings,France,41299.03
15705001,Customer 15705001,Savings,Spain,83286.56
15809817,Customer 15809817,Savings,Spain,0.00
15809137,Customer 15809137,Savings,France,0.00
15751593,Customer 15751593,Savings,Germany,85668.59
15626491,Customer 15626491,Savings,France,57327.04
15765461,Customer 15765461,Savings,Spain,0.00
15568120,Customer 15568120,Savings,France,69609.85
15787161,Customer 15787161,Savings,Germany,129269.27
15812324,Customer 15812324,Savings,France,0.00
15588944,Customer 15588944,Savings,France,165350.61
15694253,Customer 15694253,Savings,France,152105.57
15759566,Customer 15759566,Savings,France,0.00
15675675,Customer 15675675,Savings,France,106290.64
15802060,Customer 15802060,Savings,Germany,100548.67
15660505,Customer 15660505,Savings,Germany,106344.95
15782630,Customer 15782630,Savings,France,137482.19
15700710,Customer 15700710,Savings,France,116465.53
15742834,Customer 15742834,Savings,France,0.00
15806511,Customer 15806511,Savings,Spain,0.00
15608166,Customer 15608166,Savings,France,127637.92
15614230,Customer 15614230,Savings,France,0.00
15729958,Customer 15729958,Savings,France,0.00
15800814,Customer 15800814,Savings,France,81951.74
15674727,Customer 15674727,Savings,France,147531.82
15657779,Customer 15657779,Savings,Spain,0.00
15801395,Customer 15801395,Savings,France,135120.72
15757911,Customer 15757911,Savings,Spain,0.00
15665340,Customer 15665340,Savings,Spain,0.00
15787151,Customer 15787151,Savings,France,0.00
15757821,Customer 15757821,Savings,Spain,0.00
15600688,Customer 15600688,Savings,France,0.00
15594878,Customer 15594878,Savings,Spain,28082.95
15569248,Customer 15569248,Savings,France,0.00
15812706,Customer 15812706,Savings,Spain,111087.50
15645045,Customer 15645045,Savings,France,0.00
15766746,Customer 15766746,Savings,France,127120.07
15700383,Customer 15700383,Savings,France,115651.60
15632551,Customer 15632551,Savings,Germany,77743.01
15795129,Customer 15795129,Savings,France,0.00
15650545,Customer 15650545,Savings,France,71996.09
15612769,Customer 15612769,Savings,France,61581.97
15710853,Customer 15710853,Savings,France,0.00
15623712,Customer 15623712,Savings,Spain,0.00
15653251,Customer 15653251,Savings,France,87873.39
15755077,Customer 15755077,Savings,Germany,105617.73
15808557,Customer 15808557,Savings,France,0.00
15614687,Customer 15614687,Savings,Germany,148770.61
15626882,Customer 15626882,Savings,Spain,94901.09
15748034,Customer 15748034,Savings,France,174851.90
15632324,Customer 15632324,Savings,France,0.00
15761023,Customer 15761023,Savings,Germany,120847.11
15761453,Customer 15761453,Savings,France,0.00
15646726,Customer 15646726,Savings,France,0.00
15637169,Customer 15637169,Savings,Spain,103267.80
15636024,Customer 15636024,Savings,Spain,109699.08
15801218,Customer 15801218,Savings,France,135133.39
15642655,Customer 15642655,Savings,Spain,0.00
15690130,Customer 15690130,Savings,France,137649.47
15653753,Customer 15653753,Savings,Spain,113567.94
15641359,Customer 15641359,Savings,Spain,0.00
15776827,Customer 15776827,Savings,Germany,141547.26
15647725,Customer 15647725,Savings,France,62055.17
15648455,Customer 15648455,Savings,Germany,131156.76
15580629,Customer 15580629,Savings,France,134837.58
15730161,Customer 15730161,Savings,France,0.00
15626612,Customer 15626612,Savings,Spain,104784.23
15662865,Customer 15662865,Savings,Spain,0.00
15629094,Customer 15629094,Savings,France,156948.41
15651823,Customer 15651823,Savings,France,147751.75
15594827,Customer 15594827,Savings,France,124619.33
15786392,Customer 15786392,Savings,France,124182.21
15727353,Customer 15727353,Savings,France,142028.36
15733777,Customer 15733777,Savings,France,0.00
15614302,Customer 15614302,Savings,Germany,125837.86
15723263,Customer 15723263,Savings,Germany,117160.32
15687270,Customer 15687270,Savings,Spain,0.00
15803121,Customer 15803121,Savings,France,97565.74
15598700,Customer 15598700,Savings,Spain,0.00
15741875,Customer 15741875,Savings,Spain,104833.79
15631709,Customer 15631709,Savings,Spain,101675.22
15672970,Customer 15672970,Savings,Spain,0.00
15761670,Customer 15761670,Savings,France,0.00
15706005,Customer 15706005,Savings,France,174701.05
15790336,Customer 15790336,Savings,Germany,71142.77
15754267,Customer 15754267,Savings,Germany,108805.42
15791988,Customer 15791988,Savings,France,0.00
15683375,Customer 15683375,Savings,France,0.00
15625151,Customer 15625151,Savings,France,116037.76
15635285,Customer 15635285,Savings,France,0.00
15574296,Customer 15574296,Savings,France,80673.96
15711618,Customer 15711618,Savings,Germany,124640.51
15670943,Customer 15670943,Savings,Germany,182275.23
15634359,Customer 15634359,Savings,Germany,98635.77
15586629,Customer 15586629,Savings,France,0.00
15588461,Customer 15588461,Savings,France,0.00
15773221,Customer 15773221,Savings,Spain,79757.21
15664227,Customer 15664227,Savings,Germany,53053.76
15741745,Customer 15741745,Savings,France,120911.75
15652626,Customer 15652626,Savings,France,115285.85
15599410,Customer 15599410,Savings,France,0.00
15571958,Customer 15571958,Savings,Spain,221532.80
15785406,Customer 15785406,Savings,France,105056.13
15687884,Customer 15687884,Savings,France,88363.03
15621685,Customer 15621685,Savings,France,123757.52
15628886,Customer 15628886,Savings,Spain,123959.97
15699325,Customer 15699325,Savings,Germany,114822.64
15578369,Customer 15578369,Savings,Germany,145219.30
15654156,Customer 15654156,Savings,Germany,106807.64
15707199,Customer 15707199,Savings,France,148159.71
15671630,Customer 15671630,Savings,Germany,99745.95
15632079,Customer 15632079,Savings,Germany,156282.79
15767921,Customer 15767921,Savings,France,0.00
15573599,Customer 15573599,Savings,France,0.00
15747208,Customer 15747208,Savings,France,0.00
15582762,Customer 15582762,Savings,Spain,0.00
15772528,Customer 15772528,Savings,France,121376.15
15755798,Customer 15755798,Savings,France,111582.11
15788683,Customer 15788683,Savings,Germany,129417.82
15616922,Customer 15616922,Savings,France,0.00
15771855,Customer 15771855,Savings,France,0.00
15601873,Customer 15601873,Savings,France,0.00
15657868,Customer 15657868,Savings,Germany,94607.08
15711716,Customer 15711716,Savings,France,131368.30
15734246,Customer 15734246,Savings,France,166883.07
15792151,Customer 15792151,Savings,Spain,0.00
15770159,Customer 15770159,Savings,Germany,172812.72
15747649,Customer 15747649,Savings,Germany,126606.63
15639357,Customer 15639357,Savings,France,134950.19
15738907,Customer 15738907,Savings,France,96956.10
15663446,Customer 15663446,Savings,Germany,107601.79
15750867,Customer 15750867,Savings,Germany,92060.06
15715939,Customer 15715939,Savings,France,0.00
15763806,Customer 15763806,Savings,France,0.00
15637993,Customer 15637993,Savings,France,137688.71
15720338,Customer 15720338,Savings,Spain,85845.43
15627162,Customer 15627162,Savings,Germany,125552.96
15596710,Customer 15596710,Savings,France,167298.42
15781678,Customer 15781678,Savings,Spain,55732.92
15634968,Customer 15634968,Savings,Germany,110689.07
15609475,Customer 15609475,Savings,Spain,98544.11
15573319,Customer 15573319,Savings,Germany,178317.60
15738291,Customer 15738291,Savings,France,115713.84
15782456,Customer 15782456,Savings,France,143267.14
15794841,Customer 15794841,Savings,Spain,89750.21
15684696,Customer 15684696,Savings,Spain,116576.45
15629846,Customer 15629846,Savings,Germany,143001.50
15674442,Customer 15674442,Savings,France,157761.56
15571689,Customer 15571689,Savings,France,0.00
15730469,Customer 15730469,Savings,Spain,103430.11
15809320,Customer 15809320,Savings,Spain,0.00
15684367,Customer 15684367,Savings,Spain,0.00
15793049,Customer 15793049,Savings,Germany,115115.38
15603665,Customer 15603665,Savings,Germany,122501.28
15613623,Customer 15613623,Savings,Spain,0.00
15569572,Customer 15569572,Savings,France,0.00
15698791,Customer 15698791,Savings,France,146758.24
15626233,Customer 15626233,Savings,France,0.00
15607263,Customer 15607263,Savings,France,0.00
15610900,Customer 15610900,Savings,France,110738.89
15624775,Customer 15624775,Savings,France,94203.80
15691703,Customer 15691703,Savings,France,105792.49
15745355,Customer 15745355,Savings,France,153198.23
15724955,Customer 15724955,Savings,France,0.00
15628999,Customer 15628999,Savings,France,61811.23
15654341,Customer 15654341,Savings,France,101116.06
15744240,Customer 15744240,Savings,Germany,74458.25
15632365,Customer 15632365,Savings,Germany,142871.27
15729689,Customer 15729689,Savings,Germany,98585.94
15759284,Customer 15759284,Savings,France,0.00
15602124,Customer 15602124,Savings,France,0.00
15661903,Customer 15661903,Savings,France,80764.03
15664668,Customer 15664668,Savings,France,144801.97
15736431,Customer 15736431,Savings,Spain,0.00
15748639,Customer 15748639,Savings,Germany,110053.62
15628123,Customer 15628123,Savings,France,118890.81
15602731,Customer 15602731,Savings,France,0.00
15794137,Customer 15794137,Savings,Germany,151218.98
15748696,Customer 15748696,Savings,France,150507.21
15725068,Customer 15725068,Savings,Spain,0.00
15807340,Customer 15807340,Savings,Germany,131023.76
15586133,Customer 15586133,Savings,Germany,122314.50
15576185,Customer 15576185,Savings,France,0.00
15660809,Customer 15660809,Savings,France,0.00
15616666,Customer 15616666,Savings,Germany,111739.40
15706904,Customer 15706904,Savings,France,113882.31
15606915,Customer 15606915,Savings,France,98148.61
15749693,Customer 15749693,Savings,France,0.00
15791743,Customer 15791743,Savings,France,59271.82
15796480,Customer 15796480,Savings,France,0.00
15790442,Customer 15790442,Savings,Spain,0.00
15609458,Customer 15609458,Savings,France,69413.44
15593897,Customer 15593897,Savings,Spain,160599.06
15604576,Customer 15604576,Savings,Spain,0.00
15666270,Customer 15666270,Savings,France,147803.48
15572626,Customer 15572626,Savings,Spain,0.00
15727197,Customer 15727197,Savings,France,170228.59
15714006,Customer 15714006,Savings,France,133111.73
15642137,Customer 15642137,Savings,Spain,0.00
15665327,Customer 15665327,Savings,France,176139.50
15626806,Customer 15626806,Savings,France,0.00
15662578,Customer 15662578,Savings,Germany,110245.13
15790829,Customer 15790829,Savings,France,0.00
15654959,Customer 15654959,Savings,Spain,158719.57
15760244,Customer 15760244,Savings,France,160979.68
15715394,Customer 15715394,Savings,Spain,123557.65
15722246,Customer 15722246,Savings,France,0.00
15609704,Customer 15609704,Savings,France,0.00
15757628,Customer 15757628,Savings,France,112896.86
15633586,Customer 15633586,Savings,France,120962.13
15565796,Customer 15565796,Savings,Germany,96048.55
15717935,Customer 15717935,Savings,France,0.00
15577700,Customer 15577700,Savings,France,185063.70
15747345,Customer 15747345,Savings,France,118064.93
15678317,Customer 15678317,Savings,France,0.00
15698335,Customer 15698335,Savings,France,0.00
15768451,Customer 15768451,Savings,Germany,149131.03
15753213,Customer 15753213,Savings,France,0.00
15769645,Customer 15769645,Savings,France,0.00
15657565,Customer 15657565,Savings,Spain,125512.98
15620323,Customer 15620323,Savings,Spain,83492.07
15679983,Customer 15679983,Savings,France,0.00
15812616,Customer 15812616,Savings,France,0.00
15601796,Customer 15601796,Savings,France,125739.26
15729489,Customer 15729489,Savings,Germany,98592.88
15613216,Customer 15613216,Savings,Spain,141789.15
15657937,Customer 15657937,Savings,Germany,112949.71
15815428,Customer 15815428,Savings,France,105057.33
15640409,Customer 15640409,Savings,Germany,89087.89
15699492,Customer 15699492,Savings,Germany,147435.96
15623536,Customer 15623536,Savings,Germany,154439.86
15707551,Customer 15707551,Savings,France,73054.37
15577999,Customer 15577999,Savings,France,124678.35
15788775,Customer 15788775,Savings,Germany,152576.25
15758362,Customer 15758362,Savings,France,152243.57
15807961,Customer 15807961,Savings,France,0.00
15710978,Customer 15710978,Savings,Germany,88120.97
15703541,Customer 15703541,Savings,Germany,143930.92
15626474,Customer 15626474,Savings,France,0.00
15608344,Customer 15608344,Savings,Germany,137059.05
15768367,Customer 15768367,Savings,France,186558.55
15806210,Customer 15806210,Savings,Spain,115654.47
15697702,Customer 15697702,Savings,Spain,0.00
15689152,Customer 15689152,Savings,Spain,126152.84
15568573,Customer 15568573,Savings,Germany,105701.91
15689598,Customer 15689598,Savings,France,0.00
15713374,Customer 15713374,Savings,Germany,157094.78
15679733,Customer 15679733,Savings,Germany,113228.38
15759274,Customer 15759274,Savings,France,0.00
15607748,Customer 15607748,Savings,Germany,108432.88
15607577,Customer 15607577,Savings,Spain,0.00
15813697,Customer 15813697,Savings,Germany,120702.67
15801125,Customer 15801125,Savings,France,0.00
15777855,Customer 15777855,Savings,France,0.00
15635396,Customer 15635396,Savings,Germany,139106.19
15698031,Customer 15698031,Savings,Germany,101851.80
15678944,Customer 15678944,Savings,Germany,130935.56
15718507,Customer 15718507,Savings,Germany,116509.99
15808334,Customer 15808334,Savings,Germany,93124.04
15804709,Customer 15804709,Savings,Germany,111578.18
15645835,Customer 15645835,Savings,France,0.00
15738166,Customer 15738166,Savings,France,86546.29
15675360,Customer 15675360,Savings,France,0.00
15793042,Customer 15793042,Savings,France,129669.32
15630106,Customer 15630106,Savings,Spain,0.00
15810385,Customer 15810385,Savings,Spain,164557.95
15578211,Customer 15578211,Savings,France,0.00
15572792,Customer 15572792,Savings,Spain,118989.92
15620030,Customer 15620030,Savings,France,0.00
15783541,Customer 15783541,Savings,France,0.00
15679284,Customer 15679284,Savings,Spain,79259.75
15582910,Customer 15582910,Savings,France,112230.38
15688337,Customer 15688337,Savings,France,118129.87
15734970,Customer 15734970,Savings,Spain,86824.09
15759140,Customer 15759140,Savings,France,128306.70
15643042,Customer 15643042,Savings,Germany,117641.43
15773868,Customer 15773868,Savings,Germany,125734.20
15615820,Customer 15615820,Savings,France,103302.37
15730273,Customer 15730273,Savings,France,0.00
15724890,Customer 15724890,Savings,Spain,82696.09
15765952,Customer 15765952,Savings,France,145471.37
15685920,Customer 15685920,Savings,Spain,101506.66
15663263,Customer 15663263,Savings,France,156265.31
15568953,Customer 15568953,Savings,France,128554.98
15643361,Customer 15643361,Savings,Germany,139959.55
15699486,Customer 15699486,Savings,Spain,132944.53
15747854,Customer 15747854,Savings,France,0.00
15691785,Customer 15691785,Savings,France,0.00
15709004,Customer 15709004,Savings,Germany,93547.23
15652218,Customer 15652218,Savings,France,152302.72
15697127,Customer 15697127,Savings,France,147674.26
15658486,Customer 15658486,Savings,Spain,148021.12
15694160,Customer 15694160,Savings,France,0.00
15685290,Customer 15685290,Savings,Germany,142360.62
15701042,Customer 15701042,Savings,Germany,151027.56
15680449,Customer 15680449,Savings,Germany,138843.70
15599860,Customer 15599860,Savings,Spain,109958.15
15723169,Customer 15723169,Savings,France,138857.59
15803842,Customer 15803842,Savings,Germany,105426.50
15728224,Customer 15728224,Savings,Germany,149155.53
15644174,Customer 15644174,Savings,Germany,135096.05
15707110,Customer 15707110,Savings,Germany,170890.05
15765415,Customer 15765415,Savings,Spain,89122.30
15756751,Customer 15756751,Savings,Spain,78126.28
15795151,Customer 15795151,Savings,France,123894.43
15632859,Customer 15632859,Savings,France,0.00
15584037,Customer 15584037,Savings,Germany,106913.43
15621409,Customer 15621409,Savings,France,127845.83
15581102,Customer 15581102,Savings,France,0.00
15578096,Customer 15578096,Savings,France,106397.75
15669887,Customer 15669887,Savings,France,0.00
15621834,Customer 15621834,Savings,Spain,0.00
15655341,Customer 15655341,Savings,Spain,166492.48
15685314,Customer 15685314,Savings,France,0.00
15653997,Customer 15653997,Savings,Spain,114493.68
15629551,Customer 15629551,Savings,Germany,126104.98
15651264,Customer 15651264,Savings,Germany,124425.99
15760825,Customer 15760825,Savings,France,0.00
15597394,Customer 15597394,Savings,Spain,0.00
15740383,Customer 15740383,Savings,Spain,0.00
15670562,Customer 15670562,Savings,France,101140.76
15698117,Customer 15698117,Savings,Germany,150844.94
15694805,Customer 15694805,Savings,Spain,115024.50
15746802,Customer 15746802,Savings,France,131286.46
15589428,Customer 15589428,Savings,France,0.00
15790267,Customer 15790267,Savings,France,141267.67
15665402,Customer 15665402,Savings,Spain,137761.55
15642093,Customer 15642093,Savings,France,0.00
15666181,Customer 15666181,Savings,France,98064.97
15602554,Customer 15602554,Savings,France,114519.57
15724251,Customer 15724251,Savings,Germany,101012.77
15740147,Customer 15740147,Savings,France,0.00
15718289,Customer 15718289,Savings,Germany,82291.10
15763148,Customer 15763148,Savings,France,84719.98
15685245,Customer 15685245,Savings,Spain,0.00
15626985,Customer 15626985,Savings,France,104386.53
15585823,Customer 15585823,Savings,France,128131.73
15728167,Customer 15728167,Savings,France,122806.95
15762928,Customer 15762928,Savings,Spain,0.00
15751774,Customer 15751774,Savings,France,112510.89
15654733,Customer 15654733,Savings,Germany,117056.46
15809777,Customer 15809777,Savings,Germany,131778.66
15744200,Customer 15744200,Savings,France,70784.27
15720713,Customer 15720713,Savings,France,0.00
15695356,Customer 15695356,Savings,France,0.00
15653315,Customer 15653315,Savings,Spain,0.00
15604792,Customer 15604792,Savings,Germany,140752.06
15704819,Customer 15704819,Savings,Spain,92126.26
15670859,Customer 15670859,Savings,Germany,93148.74
15602797,Customer 15602797,Savings,Spain,110132.55
15662533,Customer 15662533,Savings,Spain,0.00
15778154,Customer 15778154,Savings,Germany,122227.71
15806230,Customer 15806230,Savings,Germany,121647.54
15662884,Customer 15662884,Savings,Germany,110597.76
15750778,Customer 15750778,Savings,France,120731.39
15717185,Customer 15717185,Savings,France,0.00
15677804,Customer 15677804,Savings,Spain,0.00
15568915,Customer 15568915,Savings,France,153722.47
15736495,Customer 15736495,Savings,France,114088.32
15737354,Customer 15737354,Savings,France,0.00
15667889,Customer 15667889,Savings,France,0.00
15577831,Customer 15577831,Savings,Germany,152532.30
15729836,Customer 15729836,Savings,Spain,0.00
15775293,Customer 15775293,Savings,France,143292.95
15697597,Customer 15697597,Savings,France,149144.61
15639669,Customer 15639669,Savings,France,127157.04
15631392,Customer 15631392,Savings,Germany,84673.17
15580935,Customer 15580935,Savings,Germany,135962.40
15590344,Customer 15590344,Savings,Germany,151691.44
15653306,Customer 15653306,Savings,Germany,88335.05
15805025,Customer 15805025,Savings,France,139859.23
15658449,Customer 15658449,Savings,France,43134.65
15694450,Customer 15694450,Savings,France,99580.13
15605666,Customer 15605666,Savings,France,110717.38
15615126,Customer 15615126,Savings,France,0.00
15726588,Customer 15726588,Savings,Spain,0.00
15645095,Customer 15645095,Savings,France,0.00
15808960,Customer 15808960,Savings,Germany,108197.11
15729435,Customer 15729435,Savings,France,0.00
15656840,Customer 15656840,Savings,France,104450.86
15659149,Customer 15659149,Savings,France,0.00
15585490,Customer 15585490,Savings,France,0.00
15674929,Customer 15674929,Savings,France,0.00
15746341,Customer 15746341,Savings,France,0.00
15662091,Customer 15662091,Savings,Spain,116099.82
15620123,Customer 15620123,Savings,France,111169.91
15616240,Customer 15616240,Savings,Spain,0.00
15624186,Customer 15624186,Savings,Germany,123616.43
15605036,Customer 15605036,Savings,Spain,155619.58
15805151,Customer 15805151,Savings,Germany,89558.39
15753847,Customer 15753847,Savings,Spain,0.00
15653222,Customer 15653222,Savings,Germany,131938.92
15757541,Customer 15757541,Savings,France,151772.63
15726945,Customer 15726945,Savings,France,0.00
15794276,Customer 15794276,Savings,France,0.00
15568328,Customer 15568328,Savings,France,0.00
15604355,Customer 15604355,Savings,France,97700.02
15735788,Customer 15735788,Savings,France,0.00
15618255,Customer 15618255,Savings,Germany,103244.86
15720941,Customer 15720941,Savings,Germany,147833.30
15769110,Customer 15769110,Savings,France,0.00
15576094,Customer 15576094,Savings,France,0.00
15756150,Customer 15756150,Savings,France,0.00
15719579,Customer 15719579,Savings,Germany,84521.48
15748854,Customer 15748854,Savings,Germany,91938.31
15612455,Customer 15612455,Savings,Germany,124240.93
15664802,Customer 15664802,Savings,France,0.00
15735687,Customer 15735687,Savings,Spain,157084.99
15664734,Customer 15664734,Savings,Germany,108244.82
15767894,Customer 15767894,Savings,France,0.00
15666884,Customer 15666884,Savings,Germany,82161.70
15750156,Customer 15750156,Savings,Germany,104568.41
15751120,Customer 15751120,Savings,France,119912.46
15575748,Customer 15575748,Savings,France,68881.59
15714610,Customer 15714610,Savings,Spain,0.00
15720305,Customer 15720305,Savings,Spain,86376.29
15678129,Customer 15678129,Savings,Spain,150840.03
15566633,Customer 15566633,Savings,Germany,155059.10
15680436,Customer 15680436,Savings,France,0.00
15674343,Customer 15674343,Savings,France,78128.13
15658890,Customer 15658890,Savings,Germany,98899.76
15599004,Customer 15599004,Savings,Spain,0.00
15726487,Customer 15726487,Savings,France,160982.89
15698716,Customer 15698716,Savings,France,87926.24
15710527,Customer 15710527,Savings,France,0.00
15655590,Customer 15655590,Savings,Spain,79385.21
15732266,Customer 15732266,Savings,Germany,127997.83
15669326,Customer 15669326,Savings,France,168396.34
15672246,Customer 15672246,Savings,Germany,134896.03
15620276,Customer 15620276,Savings,Spain,0.00
15640258,Customer 15640258,Savings,France,94238.75
15740283,Customer 15740283,Savings,France,0.00
15759717,Customer 15759717,Savings,Spain,0.00
15620268,Customer 15620268,Savings,Germany,212696.32
15743871,Customer 15743871,Savings,France,0.00
15614491,Customer 15614491,Savings,France,139153.68
15595047,Customer 15595047,Savings,France,0.00
15732334,Customer 15732334,Savings,France,0.00
15701206,Customer 15701206,Savings,Spain,0.00
15581280,Customer 15581280,Savings,Germany,92887.13
15651943,Customer 15651943,Savings,Spain,0.00
15609545,Customer 15609545,Savings,France,83442.98
15658548,Customer 15658548,Savings,Germany,144773.29
15626008,Customer 15626008,Savings,Germany,111973.97
15774133,Customer 15774133,Savings,France,178032.53
15763798,Customer 15763798,Savings,France,140007.19
15758013,Customer 15758013,Savings,France,98400.61
15705765,Customer 15705765,Savings,Spain,0.00
15648362,Customer 15648362,Savings,Germany,108924.33
15761102,Customer 15761102,Savings,Spain,132835.56
15610165,Customer 15610165,Savings,France,0.00
15723717,Customer 15723717,Savings,Germany,118334.44
15654611,Customer 15654611,Savings,Germany,81732.88
15659736,Customer 15659736,Savings,Germany,121411.90
15603170,Customer 15603170,Savings,France,121455.65
15786167,Customer 15786167,Savings,Spain,0.00
15671915,Customer 15671915,Savings,France,0.00
15794792,Customer 15794792,Savings,France,117989.76
15652789,Customer 15652789,Savings,Spain,0.00
15739168,Customer 15739168,Savings,France,137411.29
15719950,Customer 15719950,Savings,France,73688.20
15743818,Customer 15743818,Savings,Spain,122330.70
15717937,Customer 15717937,Savings,Germany,99906.89
15602841,Customer 15602841,Savings,Spain,0.00
15619972,Customer 15619972,Savings,France,167664.83
15796114,Customer 15796114,Savings,France,141525.55
15633546,Customer 15633546,Savings,Spain,124832.51
15758755,Customer 15758755,Savings,France,132121.71
15695168,Customer 15695168,Savings,France,0.00
15754342,Customer 15754342,Savings,Germany,78539.84
15756610,Customer 15756610,Savings,Germany,123770.46
15640917,Customer 15640917,Savings,France,0.00
15663164,Customer 15663164,Savings,Germany,116150.65
15616811,Customer 15616811,Savings,France,160729.10
15610781,Customer 15610781,Savings,France,88378.60
15600911,Customer 15600911,Savings,France,182888.08
15629603,Customer 15629603,Savings,France,0.00
15714981,Customer 15714981,Savings,France,0.00
15775892,Customer 15775892,Savings,Spain,85600.08
15782778,Customer 15782778,Savings,France,0.00
15786643,Customer 15786643,Savings,France,0.00
15595657,Customer 15595657,Savings,Germany,95001.33
15743673,Customer 15743673,Savings,Spain,113873.22
15634310,Customer 15634310,Savings,France,0.00
15790809,Customer 15790809,Savings,Spain,74896.92
15668695,Customer 15668695,Savings,France,89492.62
15669281,Customer 15669281,Savings,Spain,128718.78
15621031,Customer 15621031,Savings,Spain,0.00
15720071,Customer 15720071,Savings,France,0.00
15792180,Customer 15792180,Savings,Germany,144954.75
15813894,Customer 15813894,Savings,Spain,0.00
15669490,Customer 15669490,Savings,Germany,94001.61
15783030,Customer 15783030,Savings,France,0.00
15695792,Customer 15695792,Savings,France,0.00
15575676,Customer 15575676,Savings,France,0.00
15627665,Customer 15627665,Savings,France,0.00
15814092,Customer 15814092,Savings,France,0.00
15695225,Customer 15695225,Savings,Spain,0.00
15615091,Customer 15615091,Savings,France,0.00
15794345,Customer 15794345,Savings,Spain,0.00
15726484,Customer 15726484,Savings,France,141546.35
15650442,Customer 15650442,Savings,Germany,141528.88
15714256,Customer 15714256,Savings,France,109805.30
15778752,Customer 15778752,Savings,France,86614.06
15601659,Customer 15601659,Savings,Germany,91680.10
15602811,Customer 15602811,Savings,Germany,38848.19
15779414,Customer 15779414,Savings,Spain,153639.11
15763097,Customer 15763097,Savings,Spain,0.00
15633666,Customer 15633666,Savings,Spain,123870.07
15718789,Customer 15718789,Savings,France,0.00
15690620,Customer 15690620,Savings,France,46323.57
15737071,Customer 15737071,Savings,France,162039.78
15665062,Customer 15665062,Savings,France,110928.51
15600692,Customer 15600692,Savings,France,0.00
15792064,Customer 15792064,Savings,Germany,114421.55
15811486,Customer 15811486,Savings,Germany,130036.21
15626141,Customer 15626141,Savings,France,151510.17
15738546,Customer 15738546,Savings,Spain,0.00
15677052,Customer 15677052,Savings,France,0.00
15656454,Customer 15656454,Savings,France,83568.55
15645496,Customer 15645496,Savings,France,139972.18
15612505,Customer 15612505,Savings,Spain,100212.13
15708513,Customer 15708513,Savings,France,90217.07
15685654,Customer 15685654,Savings,Spain,0.00
15732307,Customer 15732307,Savings,Germany,124067.32
15726814,Customer 15726814,Savings,Spain,0.00
15653776,Customer 15653776,Savings,Germany,162082.31
15597914,Customer 15597914,Savings,Germany,117306.69
15631603,Customer 15631603,Savings,France,122889.88
15789753,Customer 15789753,Savings,France,148790.61
15678034,Customer 15678034,Savings,France,180226.24
15690209,Customer 15690209,Savings,Germany,104857.19
15592091,Customer 15592091,Savings,Spain,166833.86
15647453,Customer 15647453,Savings,France,102936.72
15697100,Customer 15697100,Savings,Germany,108736.52
15811290,Customer 15811290,Savings,Germany,129974.79
15629187,Customer 15629187,Savings,France,85982.07
15758073,Customer 15758073,Savings,France,134397.61
15640769,Customer 15640769,Savings,France,137841.53
15606641,Customer 15606641,Savings,Germany,100260.88
15718280,Customer 15718280,Savings,Germany,139822.11
15764335,Customer 15764335,Savings,Germany,123151.51
15634218,Customer 15634218,Savings,Germany,95331.83
15808760,Customer 15808760,Savings,Spain,0.00
15648461,Customer 15648461,Savings,Spain,138162.41
15593555,Customer 15593555,Savings,France,0.00
15569079,Customer 15569079,Savings,Germany,126066.26
15800736,Customer 15800736,Savings,Spain,96763.89
15792607,Customer 15792607,Savings,France,0.00
15640034,Customer 15640034,Savings,France,139561.46
15807563,Customer 15807563,Savings,France,0.00
15684461,Customer 15684461,Savings,Spain,0.00
15580134,Customer 15580134,Savings,Spain,172463.45
15679075,Customer 15679075,Savings,France,107798.85
15742504,Customer 15742504,Savings,France,70181.48
15567328,Customer 15567328,Savings,Spain,177997.07
15698294,Customer 15698294,Savings,Spain,0.00
15607142,Customer 15607142,Savings,France,0.00
15738516,Customer 15738516,Savings,Spain,0.00
15806403,Customer 15806403,Savings,France,0.00
15656707,Customer 15656707,Savings,Spain,123200.78
15653715,Customer 15653715,Savings,France,0.00
15806184,Customer 15806184,Savings,Spain,0.00
15585734,Customer 15585734,Savings,Germany,137742.90
15725639,Customer 15725639,Savings,France,116270.72
15618401,Customer 15618401,Savings,Germany,113220.20
15785385,Customer 15785385,Savings,Spain,0.00
15734762,Customer 15734762,Savings,France,115895.22
15767129,Customer 15767129,Savings,France,121730.49
15797204,Customer 15797204,Savings,Spain,113811.85
15769272,Customer 15769272,Savings,France,136214.08
15771966,Customer 15771966,Savings,France,146200.01
15691952,Customer 15691952,Savings,France,106242.67
15593250,Customer 15593250,Savings,France,0.00
15605333,Customer 15605333,Savings,Spain,0.00
15800083,Customer 15800083,Savings,France,24043.45
15575691,Customer 15575691,Savings,France,0.00
15689886,Customer 15689886,Savings,Germany,132287.92
15809838,Customer 15809838,Savings,Spain,0.00
15736154,Customer 15736154,Savings,France,0.00
15767391,Customer 15767391,Savings,Germany,90322.99
15704910,Customer 15704910,Savings,Spain,0.00
15656613,Customer 15656613,Savings,France,131283.11
15611551,Customer 15611551,Savings,Spain,131659.59
15732430,Customer 15732430,Savings,Spain,120952.74
15741865,Customer 15741865,Savings,France,153166.17
15634143,Customer 15634143,Savings,Spain,53291.86
15609676,Customer 15609676,Savings,France,167924.95
15761600,Customer 15761600,Savings,France,86394.14
15676404,Customer 15676404,Savings,France,0.00
15659236,Customer 15659236,Savings,Spain,0.00
15690440,Customer 15690440,Savings,Spain,0.00
15694601,Customer 15694601,Savings,France,158978.79
15812262,Customer 15812262,Savings,Germany,100431.84
15762821,Customer 15762821,Savings,Spain,0.00
15669301,Customer 15669301,Savings,Germany,150358.97
15672640,Customer 15672640,Savings,Spain,114347.85
15750458,Customer 15750458,Savings,France,0.00
15627251,Customer 15627251,Savings,France,134007.90
15764294,Customer 15764294,Savings,Germany,98899.91
15659962,Customer 15659962,Savings,France,0.00
15788536,Customer 15788536,Savings,Germany,137430.82
15596979,Customer 15596979,Savings,France,0.00
15681220,Customer 15681220,Savings,France,0.00
15635097,Customer 15635097,Savings,Germany,188976.89
15780779,Customer 15780779,Savings,Spain,0.00
15798470,Customer 15798470,Savings,Spain,75990.97
15760880,Customer 15760880,Savings,France,0.00
15616929,Customer 15616929,Savings,Spain,112181.08
15758775,Customer 15758775,Savings,Spain,97208.46
15663386,Customer 15663386,Savings,Spain,0.00
15621267,Customer 15621267,Savings,France,0.00
15720509,Customer 15720509,Savings,France,150856.79
15693322,Customer 15693322,Savings,Germany,146748.07
15589544,Customer 15589544,Savings,Spain,0.00
15772030,Customer 15772030,Savings,Spain,0.00
15693337,Customer 15693337,Savings,Spain,148863.17
15676571,Customer 15676571,Savings,France,0.00
15701392,Customer 15701392,Savings,Spain,0.00
15741092,Customer 15741092,Savings,Spain,153360.02
15643865,Customer 15643865,Savings,France,92055.36
15769389,Customer 15769389,Savings,Germany,124723.92
15807768,Customer 15807768,Savings,Germany,103033.83
15801630,Customer 15801630,Savings,France,0.00
15705034,Customer 15705034,Savings,Spain,0.00
15763107,Customer 15763107,Savings,France,0.00
15667085,Customer 15667085,Savings,France,0.00
15647008,Customer 15647008,Savings,Germany,116726.22
15584505,Customer 15584505,Savings,France,113923.81
15748068,Customer 15748068,Savings,Spain,0.00
15663964,Customer 15663964,Savings,France,0.00
15782311,Customer 15782311,Savings,France,0.00
15588197,Customer 15588197,Savings,France,0.00
15610105,Customer 15610105,Savings,Germany,121827.43
15606133,Customer 15606133,Savings,Spain,0.00
15599403,Customer 15599403,Savings,France,125389.70
15648225,Customer 15648225,Savings,Spain,103895.31
15608406,Customer 15608406,Savings,France,111128.04
15633378,Customer 15633378,Savings,Spain,0.00
15664759,Customer 15664759,Savings,Spain,0.00
15625545,Customer 15625545,Savings,Spain,0.00
15772148,Customer 15772148,Savings,Germany,151242.48
15810829,Customer 15810829,Savings,France,0.00
15731669,Customer 15731669,Savings,France,129709.62
15738634,Customer 15738634,Savings,France,83347.25
15737571,Customer 15737571,Savings,Spain,84121.04
15667602,Customer 15667602,Savings,Spain,0.00
15684147,Customer 15684147,Savings,France,102338.19
15789874,Customer 15789874,Savings,France,87375.78
15757952,Customer 15757952,Savings,France,0.00
15698732,Customer 15698732,Savings,Germany,104677.09
15714355,Customer 15714355,Savings,Germany,121669.23
15599090,Customer 15599090,Savings,Germany,108407.34
15762048,Customer 15762048,Savings,Germany,154969.79
15790596,Customer 15790596,Savings,Spain,141829.67
15609623,Customer 15609623,Savings,France,0.00
15711901,Customer 15711901,Savings,France,109162.82
15779809,Customer 15779809,Savings,France,87471.63
15729018,Customer 15729018,Savings,France,147229.65
15698246,Customer 15698246,Savings,France,0.00
15712409,Customer 15712409,Savings,Germany,182532.23
15758306,Customer 15758306,Savings,France,0.00
15621435,Customer 15621435,Savings,France,160903.20
15566295,Customer 15566295,Savings,France,138053.79
15569098,Customer 15569098,Savings,France,153548.12
15662532,Customer 15662532,Savings,Germany,149085.90
15664001,Customer 15664001,Savings,Germany,95231.91
15703437,Customer 15703437,Savings,France,0.00
15708003,Customer 15708003,Savings,Spain,85109.21
15599452,Customer 15599452,Savings,Germany,125338.80
15719793,Customer 15719793,Savings,Spain,0.00
15771580,Customer 15771580,Savings,France,106831.69
15732268,Customer 15732268,Savings,France,159597.45
15722350,Customer 15722350,Savings,Germany,147361.57
15611371,Customer 15611371,Savings,France,176134.54
15673584,Customer 15673584,Savings,France,0.00
15636396,Customer 15636396,Savings,France,0.00
15706170,Customer 15706170,Savings,France,84055.43
15725478,Customer 15725478,Savings,France,0.00
15654562,Customer 15654562,Savings,Spain,174088.30
15737509,Customer 15737509,Savings,Spain,199229.14
15690796,Customer 15690796,Savings,France,0.00
15716728,Customer 15716728,Savings,Spain,0.00
15605665,Customer 15605665,Savings,Germany,78833.15
15748481,Customer 15748481,Savings,France,0.00
15757777,Customer 15757777,Savings,France,0.00
15747808,Customer 15747808,Savings,France,102540.61
15810593,Customer 15810593,Savings,France,0.00
15693376,Customer 15693376,Savings,Spain,0.00
15579808,Customer 15579808,Savings,Germany,129401.87
15598275,Customer 15598275,Savings,France,0.00
15737080,Customer 15737080,Savings,France,0.00
15668580,Customer 15668580,Savings,Spain,0.00
15569438,Customer 15569438,Savings,Germany,106702.94
15675842,Customer 15675842,Savings,Spain,139584.57
15577587,Customer 15577587,Savings,Germany,121016.23
15625592,Customer 15625592,Savings,France,0.00
15635141,Customer 15635141,Savings,Germany,118210.42
15642570,Customer 15642570,Savings,Spain,0.00
15702175,Customer 15702175,Savings,France,148654.84
15677785,Customer 15677785,Savings,Spain,136963.12
15786153,Customer 15786153,Savings,Germany,137774.11
15759499,Customer 15759499,Savings,France,111156.52
15659568,Customer 15659568,Savings,Spain,121237.65
15715597,Customer 15715597,Savings,France,97234.58
15610147,Customer 15610147,Savings,France,0.00
15802362,Customer 15802362,Savings,Spain,0.00
15660524,Customer 15660524,Savings,Germany,97382.53
15747168,Customer 15747168,Savings,Germany,103108.80
15796910,Customer 15796910,Savings,Spain,0.00
15707674,Customer 15707674,Savings,France,131852.81
15565706,Customer 15565706,Savings,Spain,0.00
15587596,Customer 15587596,Savings,Spain,107553.33
15751943,Customer 15751943,Savings,Spain,0.00
15621227,Customer 15621227,Savings,Germany,161806.09
15757588,Customer 15757588,Savings,France,0.00
15640922,Customer 15640922,Savings,France,0.00
15567557,Customer 15567557,Savings,France,128243.03
15670103,Customer 15670103,Savings,France,126645.13
15720929,Customer 15720929,Savings,France,62094.71
15732774,Customer 15732774,Savings,France,112291.34
15628558,Customer 15628558,Savings,France,89188.83
15729201,Customer 15729201,Savings,France,0.00
15731117,Customer 15731117,Savings,Spain,109161.25
15615207,Customer 15615207,Savings,Spain,0.00
15773512,Customer 15773512,Savings,Spain,0.00
15572145,Customer 15572145,Savings,France,0.00
15642710,Customer 15642710,Savings,France,0.00
15574213,Customer 15574213,Savings,France,158271.74
15718852,Customer 15718852,Savings,France,96951.21
15583840,Customer 15583840,Savings,Germany,121863.61
15782418,Customer 15782418,Savings,Germany,83495.11
15813504,Customer 15813504,Savings,Germany,146566.01
15711314,Customer 15711314,Savings,Spain,0.00
15621064,Customer 15621064,Savings,Germany,186101.18
15627847,Customer 15627847,Savings,France,0.00
15588090,Customer 15588090,Savings,Germany,107494.86
15735270,Customer 15735270,Savings,Spain,0.00
15671804,Customer 15671804,Savings,Spain,146943.38
15753215,Customer 15753215,Savings,Spain,0.00
15789941,Customer 15789941,Savings,France,125130.28
15691061,Customer 15691061,Savings,France,0.00
15808326,Customer 15808326,Savings,France,0.00
15566660,Customer 15566660,Savings,France,0.00
15778947,Customer 15778947,Savings,France,0.00
15632977,Customer 15632977,Savings,France,0.00
15591747,Customer 15591747,Savings,France,0.00
15567335,Customer 15567335,Savings,France,0.00
15609299,Customer 15609299,Savings,France,150685.79
15669945,Customer 15669945,Savings,France,141359.37
15736271,Customer 15736271,Savings,France,0.00
15710390,Customer 15710390,Savings,France,94631.26
15756481,Customer 15756481,Savings,France,118336.14
15736730,Customer 15736730,Savings,France,0.00
15626040,Customer 15626040,Savings,Spain,0.00
15746553,Customer 15746553,Savings,Germany,124233.24
15622518,Customer 15622518,Savings,France,51116.26
15684908,Customer 15684908,Savings,Germany,91869.69
15569446,Customer 15569446,Savings,France,122338.43
15777504,Customer 15777504,Savings,France,0.00
15677906,Customer 15677906,Savings,Spain,0.00
15703292,Customer 15703292,Savings,France,86270.93
15712938,Customer 15712938,Savings,France,0.00
15631359,Customer 15631359,Savings,France,117289.92
15720847,Customer 15720847,Savings,France,0.00
15787830,Customer 15787830,Savings,Germany,153663.27
15599869,Customer 15599869,Savings,Spain,0.00
15592078,Customer 15592078,Savings,Germany,123599.49
15596228,Customer 15596228,Savings,France,0.00
15578462,Customer 15578462,Savings,Spain,134208.25
15756894,Customer 15756894,Savings,France,0.00
15796167,Customer 15796167,Savings,Germany,98556.89
15664808,Customer 15664808,Savings,Spain,0.00
15664555,Customer 15664555,Savings,France,0.00
15607278,Customer 15607278,Savings,Spain,134593.79
15585222,Customer 15585222,Savings,France,0.00
15750299,Customer 15750299,Savings,Spain,68781.82
15761294,Customer 15761294,Savings,Germany,137464.04
15810454,Customer 15810454,Savings,France,147307.91
15673984,Customer 15673984,Savings,France,0.00
15609319,Customer 15609319,Savings,France,145754.91
15709941,Customer 15709941,Savings,France,0.00
15580252,Customer 15580252,Savings,France,112610.77
15741275,Customer 15741275,Savings,France,71481.79
15707132,Customer 15707132,Savings,France,0.00
15600708,Customer 15600708,Savings,Spain,77826.80
15804787,Customer 15804787,Savings,France,87140.85
15690021,Customer 15690021,Savings,Germany,132002.70
15763895,Customer 15763895,Savings,France,178011.50
15623478,Customer 15623478,Savings,Germany,102954.68
15797910,Customer 15797910,Savings,Germany,123783.25
15577751,Customer 15577751,Savings,Germany,101802.67
15781777,Customer 15781777,Savings,France,148659.48
15740527,Customer 15740527,Savings,Germany,142724.48
15721251,Customer 15721251,Savings,Spain,112152.89
15602994,Customer 15602994,Savings,France,89550.85
15750769,Customer 15750769,Savings,France,75915.75
15740175,Customer 15740175,Savings,Germany,118889.66
15679968,Customer 15679968,Savings,France,118788.57
15694404,Customer 15694404,Savings,France,156555.54
15657529,Customer 15657529,Savings,Germany,99141.86
15762882,Customer 15762882,Savings,Germany,61211.18
15642579,Customer 15642579,Savings,Spain,128932.40
15598884,Customer 15598884,Savings,Spain,0.00
15770185,Customer 15770185,Savings,France,80728.15
15800287,Customer 15800287,Savings,Spain,127660.46
15665861,Customer 15665861,Savings,Spain,106070.89
15662203,Customer 15662203,Savings,Germany,137560.38
15616454,Customer 15616454,Savings,Germany,111905.43
15702788,Customer 15702788,Savings,France,126212.64
15778149,Customer 15778149,Savings,Spain,0.00
15680001,Customer 15680001,Savings,France,111835.94
15711991,Customer 15711991,Savings,France,0.00
15633834,Customer 15633834,Savings,Germany,99705.69
15765266,Customer 15765266,Savings,France,0.00
15791867,Customer 15791867,Savings,Germany,108895.93
15675380,Customer 15675380,Savings,Spain,154669.77
15770576,Customer 15770576,Savings,Spain,128061.00
15775294,Customer 15775294,Savings,France,0.00
15727059,Customer 15727059,Savings,France,0.00
15702499,Customer 15702499,Savings,Spain,190678.02
15611699,Customer 15611699,Savings,France,0.00
15654000,Customer 15654000,Savings,France,0.00
15657881,Customer 15657881,Savings,France,136712.91
15719991,Customer 15719991,Savings,Spain,154733.97
15720687,Customer 15720687,Savings,France,112609.91
15687079,Customer 15687079,Savings,Spain,115462.44
15582276,Customer 15582276,Savings,France,133501.36
15763980,Customer 15763980,Savings,Germany,58668.02
15720774,Customer 15720774,Savings,Spain,89118.26
15592194,Customer 15592194,Savings,France,0.00
15803685,Customer 15803685,Savings,Germany,76510.52
15759456,Customer 15759456,Savings,Spain,140694.78
15611544,Customer 15611544,Savings,Germany,95448.32
15794257,Customer 15794257,Savings,France,91562.99
15681697,Customer 15681697,Savings,France,72541.48
15579566,Customer 15579566,Savings,Spain,120867.18
15577970,Customer 15577970,Savings,France,0.00
15727489,Customer 15727489,Savings,Spain,157320.51
15764284,Customer 15764284,Savings,Spain,0.00
15581811,Customer 15581811,Savings,Germany,139676.95
15622527,Customer 15622527,Savings,France,0.00
15753362,Customer 15753362,Savings,Spain,0.00
15666652,Customer 15666652,Savings,France,0.00
15789714,Customer 15789714,Savings,Spain,103000.94
15771543,Customer 15771543,Savings,Germany,134237.07
15748327,Customer 15748327,Savings,Germany,118235.70
15754649,Customer 15754649,Savings,Spain,0.00
15810460,Customer 15810460,Savings,Spain,0.00
15771742,Customer 15771742,Savings,Germany,115442.19
15642160,Customer 15642160,Savings,France,0.00
15798439,Customer 15798439,Savings,Spain,0.00
15605293,Customer 15605293,Savings,France,0.00
15692631,Customer 15692631,Savings,Spain,115557.00
15665376,Customer 15665376,Savings,Germany,166518.63
15772412,Customer 15772412,Savings,Spain,135370.12
15654577,Customer 15654577,Savings,Germany,92877.33
15585427,Customer 15585427,Savings,France,102073.67
15584536,Customer 15584536,Savings,Germany,97042.60
15585853,Customer 15585853,Savings,Spain,0.00
15645271,Customer 15645271,Savings,Germany,108528.07
15579387,Customer 15579387,Savings,Germany,79064.85
15623107,Customer 15623107,Savings,Spain,74274.87
15754072,Customer 15754072,Savings,Spain,0.00
15666163,Customer 15666163,Savings,France,100421.10
15765192,Customer 15765192,Savings,France,84006.88
15804822,Customer 15804822,Savings,France,0.00
15612893,Customer 15612893,Savings,Spain,0.00
15593636,Customer 15593636,Savings,France,80293.81
15693326,Customer 15693326,Savings,France,125437.14
15809901,Customer 15809901,Savings,France,0.00
15759751,Customer 15759751,Savings,France,0.00
15605425,Customer 15605425,Savings,Germany,127536.44
15801934,Customer 15801934,Savings,France,0.00
15592000,Customer 15592000,Savings,Germany,82794.18
15618695,Customer 15618695,Savings,Spain,108117.10
15637110,Customer 15637110,Savings,Spain,0.00
15727408,Customer 15727408,Savings,Germany,61688.61
15716328,Customer 15716328,Savings,France,0.00
15669060,Customer 15669060,Savings,France,0.00
15675854,Customer 15675854,Savings,Spain,159304.07
15621116,Customer 15621116,Savings,Germany,138664.24
15781495,Customer 15781495,Savings,France,126362.57
15740470,Customer 15740470,Savings,France,160652.45
15714391,Customer 15714391,Savings,France,183572.84
15730137,Customer 15730137,Savings,France,88421.81
15596455,Customer 15596455,Savings,Spain,0.00
15717290,Customer 15717290,Savings,Germany,112871.19
15616555,Customer 15616555,Savings,Germany,60880.68
15659820,Customer 15659820,Savings,France,0.00
15696301,Customer 15696301,Savings,France,101455.70
15771087,Customer 15771087,Savings,France,88084.13
15808831,Customer 15808831,Savings,France,0.00
15812241,Customer 15812241,Savings,Germany,127197.14
15680370,Customer 15680370,Savings,France,0.00
15780561,Customer 15780561,Savings,France,83456.79
15800784,Customer 15800784,Savings,France,98298.18
15715796,Customer 15715796,Savings,France,0.00
15605375,Customer 15605375,Savings,France,86911.80
15621520,Customer 15621520,Savings,Germany,139707.28
15665460,Customer 15665460,Savings,Spain,0.00
15801152,Customer 15801152,Savings,Spain,142876.98
15756425,Customer 15756425,Savings,France,146301.31
15674328,Customer 15674328,Savings,France,47364.45
15742404,Customer 15742404,Savings,France,0.00
15757140,Customer 15757140,Savings,France,58137.08
15570051,Customer 15570051,Savings,Germany,179886.41
15669175,Customer 15669175,Savings,Germany,107637.97
15790324,Customer 15790324,Savings,France,167685.56
15691119,Customer 15691119,Savings,Germany,136525.99
15743478,Customer 15743478,Savings,Germany,52106.33
15707007,Customer 15707007,Savings,France,0.00
15572547,Customer 15572547,Savings,France,104930.38
15567063,Customer 15567063,Savings,Germany,106434.94
15689633,Customer 15689633,Savings,Spain,112803.92
15720637,Customer 15720637,Savings,Germany,120530.34
15616859,Customer 15616859,Savings,Germany,113641.49
15766166,Customer 15766166,Savings,Spain,145081.72
15617655,Customer 15617655,Savings,Spain,0.00
15623450,Customer 15623450,Savings,Germany,135842.89
15796612,Customer 15796612,Savings,France,112203.25
15795963,Customer 15795963,Savings,France,129895.19
15781598,Customer 15781598,Savings,Germany,149049.92
15691871,Customer 15691871,Savings,Germany,153279.39
15740345,Customer 15740345,Savings,Spain,41473.33
15662626,Customer 15662626,Savings,France,0.00
15596575,Customer 15596575,Savings,Germany,113193.51
15657321,Customer 15657321,Savings,Germany,113174.21
15575955,Customer 15575955,Savings,France,0.00
15743893,Customer 15743893,Savings,France,164951.56
15697270,Customer 15697270,Savings,Spain,153325.10
15644356,Customer 15644356,Savings,Spain,134032.01
15677586,Customer 15677586,Savings,Germany,125445.04
15571261,Customer 15571261,Savings,Germany,126077.43
15698758,Customer 15698758,Savings,Spain,0.00
15787014,Customer 15787014,Savings,Germany,90371.09
15739857,Customer 15739857,Savings,France,0.00
15774630,Customer 15774630,Savings,Germany,142802.02
15805523,Customer 15805523,Savings,France,90537.16
15749557,Customer 15749557,Savings,France,0.00
15681180,Customer 15681180,Savings,France,156123.73
15742028,Customer 15742028,Savings,France,0.00
15686463,Customer 15686463,Savings,France,141074.59
15654379,Customer 15654379,Savings,Spain,0.00
15783629,Customer 15783629,Savings,Germany,117899.95
15751193,Customer 15751193,Savings,Spain,0.00
15724099,Customer 15724099,Savings,France,166257.96
15568429,Customer 15568429,Savings,Spain,0.00
15648967,Customer 15648967,Savings,Germany,169362.43
15664498,Customer 15664498,Savings,France,205962.00
15779522,Customer 15779522,Savings,France,0.00
15583850,Customer 15583850,Savings,Germany,126061.51
15696539,Customer 15696539,Savings,France,105627.95
15760121,Customer 15760121,Savings,France,100606.02
15628279,Customer 15628279,Savings,France,0.00
15766163,Customer 15766163,Savings,France,0.00
15566467,Customer 15566467,Savings,Germany,138171.10
15639049,Customer 15639049,Savings,France,139395.08
15736413,Customer 15736413,Savings,France,0.00
15634815,Customer 15634815,Savings,France,0.00
15716381,Customer 15716381,Savings,Germany,109062.28
15708162,Customer 15708162,Savings,Germany,89994.71
15569364,Customer 15569364,Savings,France,0.00
15791191,Customer 15791191,Savings,France,103996.74
15621205,Customer 15621205,Savings,France,175111.11
15704788,Customer 15704788,Savings,Spain,66079.45
15775756,Customer 15775756,Savings,Germany,148055.74
15641312,Customer 15641312,Savings,France,0.00
15782531,Customer 15782531,Savings,Spain,0.00
15724428,Customer 15724428,Savings,France,0.00
15743617,Customer 15743617,Savings,Germany,95994.98
15585839,Customer 15585839,Savings,France,0.00
15658158,Customer 15658158,Savings,Germany,110741.56
15637678,Customer 15637678,Savings,France,0.00
15701809,Customer 15701809,Savings,Spain,0.00
15676937,Customer 15676937,Savings,Spain,0.00
15778975,Customer 15778975,Savings,Germany,96947.58
15710375,Customer 15710375,Savings,France,0.00
15579914,Customer 15579914,Savings,Germany,109786.82
15595160,Customer 15595160,Savings,Spain,0.00
15595391,Customer 15595391,Savings,France,0.00
15630363,Customer 15630363,Savings,France,102721.49
15692443,Customer 15692443,Savings,Spain,69478.57
15593795,Customer 15593795,Savings,Germany,156674.20
15642824,Customer 15642824,Savings,Spain,174506.10
15683524,Customer 15683524,Savings,Germany,166070.48
15713532,Customer 15713532,Savings,Germany,105957.44
15719827,Customer 15719827,Savings,France,0.00
15578435,Customer 15578435,Savings,France,110340.68
15723028,Customer 15723028,Savings,France,0.00
15595609,Customer 15595609,Savings,Germany,135870.01
15622443,Customer 15622443,Savings,France,0.00
15579112,Customer 15579112,Savings,France,0.00
15648479,Customer 15648479,Savings,France,0.00
15659234,Customer 15659234,Savings,France,85704.95
15811970,Customer 15811970,Savings,France,0.00
15774192,Customer 15774192,Savings,Germany,105435.74
15595136,Customer 15595136,Savings,France,0.00
15630580,Customer 15630580,Savings,Germany,108513.25
15660646,Customer 15660646,Savings,France,156687.10
15614365,Customer 15614365,Savings,Germany,150604.52
15776128,Customer 15776128,Savings,France,155114.90
15787035,Customer 15787035,Savings,France,0.00
15792646,Customer 15792646,Savings,Spain,91216.00
15726832,Customer 15726832,Savings,Germany,141784.02
15773260,Customer 15773260,Savings,France,127763.24
15624437,Customer 15624437,Savings,Spain,0.00
15717138,Customer 15717138,Savings,Spain,82613.56
15657317,Customer 15657317,Savings,France,69423.52
15626948,Customer 15626948,Savings,France,86167.82
15758901,Customer 15758901,Savings,Spain,0.00
15777759,Customer 15777759,Savings,France,131406.56
15773322,Customer 15773322,Savings,Germany,121898.82
15697318,Customer 15697318,Savings,Germany,77487.20
15678916,Customer 15678916,Savings,France,0.00
15632118,Customer 15632118,Savings,Spain,164450.94
15788118,Customer 15788118,Savings,France,138705.02
15788930,Customer 15788930,Savings,Spain,132730.17
15628583,Customer 15628583,Savings,France,0.00
15635177,Customer 15635177,Savings,Spain,0.00
15587690,Customer 15587690,Savings,France,116498.22
15627630,Customer 15627630,Savings,France,0.00
15610930,Customer 15610930,Savings,Germany,139979.07
15657747,Customer 15657747,Savings,Germany,127216.31
15568006,Customer 15568006,Savings,France,0.00
15751748,Customer 15751748,Savings,France,148222.65
15722212,Customer 15722212,Savings,France,0.00
15658670,Customer 15658670,Savings,France,0.00
15761654,Customer 15761654,Savings,Spain,134152.29
15812210,Customer 15812210,Savings,Germany,111537.23
15787051,Customer 15787051,Savings,Spain,119565.92
15642991,Customer 15642991,Savings,Spain,0.00
15713769,Customer 15713769,Savings,Spain,0.00
15605826,Customer 15605826,Savings,Germany,121063.80
15648898,Customer 15648898,Savings,Spain,124995.98
15705309,Customer 15705309,Savings,Spain,0.00
15734202,Customer 15734202,Savings,Germany,86891.84
15658852,Customer 15658852,Savings,France,0.00
15612633,Customer 15612633,Savings,Spain,78022.61
15604818,Customer 15604818,Savings,France,154495.79
15593900,Customer 15593900,Savings,France,189443.72
15624995,Customer 15624995,Savings,Spain,152926.60
15570087,Customer 15570087,Savings,France,142989.69
15802617,Customer 15802617,Savings,Germany,115371.94
15656029,Customer 15656029,Savings,France,0.00
15739194,Customer 15739194,Savings,Spain,178056.54
15607275,Customer 15607275,Savings,Spain,206014.94
15629475,Customer 15629475,Savings,France,0.00
15635034,Customer 15635034,Savings,Germany,101191.83
15756333,Customer 15756333,Savings,France,0.00
15777436,Customer 15777436,Savings,Spain,0.00
15676835,Customer 15676835,Savings,Spain,0.00
15574206,Customer 15574206,Savings,France,0.00
15613017,Customer 15613017,Savings,Germany,149814.54
15815131,Customer 15815131,Savings,Spain,115617.24
15585455,Customer 15585455,Savings,France,0.00
15692929,Customer 15692929,Savings,Germany,113657.41
15758081,Customer 15758081,Savings,Spain,138160.00
15667476,Customer 15667476,Savings,Germany,117700.86
15738248,Customer 15738248,Savings,France,0.00
15672152,Customer 15672152,Savings,Germany,122506.38
15673372,Customer 15673372,Savings,France,0.00
15587611,Customer 15587611,Savings,France,0.00
15803415,Customer 15803415,Savings,France,166501.17
15715673,Customer 15715673,Savings,Spain,89743.05
15655648,Customer 15655648,Savings,France,0.00
15763613,Customer 15763613,Savings,France,0.00
15660385,Customer 15660385,Savings,France,0.00
15733261,Customer 15733261,Savings,Spain,0.00
15796231,Customer 15796231,Savings,France,98894.39
15624866,Customer 15624866,Savings,Germany,168735.74
15623730,Customer 15623730,Savings,France,0.00
15668248,Customer 15668248,Savings,Germany,133201.17
15694518,Customer 15694518,Savings,Spain,0.00
15638028,Customer 15638028,Savings,Germany,127237.25
15795895,Customer 15795895,Savings,Germany,117864.85
15694376,Customer 15694376,Savings,Germany,153469.26
15669204,Customer 15669204,Savings,Germany,93911.30
15773779,Customer 15773779,Savings,Spain,76597.79
15580682,Customer 15580682,Savings,France,79927.36
15768530,Customer 15768530,Savings,Spain,0.00
15672875,Customer 15672875,Savings,Germany,40172.91
15617082,Customer 15617082,Savings,France,115195.58
15760514,Customer 15760514,Savings,Germany,116644.29
15761775,Customer 15761775,Savings,Germany,180293.84
15799964,Customer 15799964,Savings,Germany,139872.81
15693906,Customer 15693906,Savings,France,34547.82
15739514,Customer 15739514,Savings,France,0.00
15756926,Customer 15756926,Savings,Germany,96462.25
15770984,Customer 15770984,Savings,Spain,130334.35
15703979,Customer 15703979,Savings,Germany,119688.81
15801821,Customer 15801821,Savings,France,0.00
15711028,Customer 15711028,Savings,France,0.00
15791842,Customer 15791842,Savings,France,71187.24
15746127,Customer 15746127,Savings,France,0.00
15663625,Customer 15663625,Savings,France,0.00
15604891,Customer 15604891,Savings,Spain,0.00
15589666,Customer 15589666,Savings,France,136422.41
15627881,Customer 15627881,Savings,France,0.00
15664895,Customer 15664895,Savings,France,0.00
15676094,Customer 15676094,Savings,France,0.00
15761720,Customer 15761720,Savings,France,153238.88
15611961,Customer 15611961,Savings,France,0.00
15680167,Customer 15680167,Savings,France,47536.40
15762543,Customer 15762543,Savings,France,0.00
15658475,Customer 15658475,Savings,France,142882.49
15779743,Customer 15779743,Savings,France,0.00
15661532,Customer 15661532,Savings,France,160566.11
15782360,Customer 15782360,Savings,Germany,131935.51
15767908,Customer 15767908,Savings,France,127678.80
15677105,Customer 15677105,Savings,Germany,105214.58
15641474,Customer 15641474,Savings,France,139859.54
15624451,Customer 15624451,Savings,France,0.00
15577985,Customer 15577985,Savings,France,112324.45
15571666,Customer 15571666,Savings,Germany,134497.27
15783691,Customer 15783691,Savings,Spain,120171.58
15671172,Customer 15671172,Savings,France,106012.20
15731760,Customer 15731760,Savings,France,0.00
15585599,Customer 15585599,Savings,France,0.00
15784958,Customer 15784958,Savings,France,0.00
15734524,Customer 15734524,Savings,France,0.00
15614103,Customer 15614103,Savings,Germany,119839.69
15794895,Customer 15794895,Savings,Spain,0.00
15772381,Customer 15772381,Savings,Germany,92219.21
15710553,Customer 15710553,Savings,Germany,142055.41
15649292,Customer 15649292,Savings,France,29602.08
15792565,Customer 15792565,Savings,France,0.00
15718245,Customer 15718245,Savings,France,0.00
15703117,Customer 15703117,Savings,France,0.00
15758136,Customer 15758136,Savings,France,141803.77
15799932,Customer 15799932,Savings,France,0.00
15633516,Customer 15633516,Savings,France,0.00
15622532,Customer 15622532,Savings,France,126589.12
15798960,Customer 15798960,Savings,France,108393.35
15698664,Customer 15698664,Savings,Spain,115643.58
15703614,Customer 15703614,Savings,Spain,132876.23
15699195,Customer 15699195,Savings,France,110949.41
15710543,Customer 15710543,Savings,France,130666.20
15695499,Customer 15695499,Savings,France,103821.47
15622321,Customer 15622321,Savings,France,0.00
15715744,Customer 15715744,Savings,France,0.00
15788151,Customer 15788151,Savings,Spain,132187.73
15687153,Customer 15687153,Savings,Germany,98649.55
15684958,Customer 15684958,Savings,Germany,126444.08
15706116,Customer 15706116,Savings,Germany,154159.51
15740557,Customer 15740557,Savings,France,0.00
15707291,Customer 15707291,Savings,Germany,129250.00
15583353,Customer 15583353,Savings,Spain,0.00
15761024,Customer 15761024,Savings,France,167733.51
15630709,Customer 15630709,Savings,Germany,56116.30
15639590,Customer 15639590,Savings,France,141581.08
15659399,Customer 15659399,Savings,Germany,139675.07
15567078,Customer 15567078,Savings,France,66201.96
15696373,Customer 15696373,Savings,France,0.00
15786617,Customer 15786617,Savings,Germany,133658.24
15657449,Customer 15657449,Savings,Germany,136202.78
15672594,Customer 15672594,Savings,France,131778.08
15714240,Customer 15714240,Savings,Spain,0.00
15782144,Customer 15782144,Savings,France,0.00
15665008,Customer 15665008,Savings,Germany,42712.87
15581733,Customer 15581733,Savings,France,0.00
15751392,Customer 15751392,Savings,Spain,0.00
15785815,Customer 15785815,Savings,Germany,142631.54
15664214,Customer 15664214,Savings,France,141204.65
15579996,Customer 15579996,Savings,Germany,131402.21
15675252,Customer 15675252,Savings,Spain,92636.96
15579617,Customer 15579617,Savings,France,0.00
15593976,Customer 15593976,Savings,Germany,102088.68
15716041,Customer 15716041,Savings,Spain,0.00
15654489,Customer 15654489,Savings,France,134887.53
15736302,Customer 15736302,Savings,France,0.00
15805909,Customer 15805909,Savings,Spain,159900.38
15572762,Customer 15572762,Savings,Germany,102278.79
15724632,Customer 15724632,Savings,France,0.00
15670416,Customer 15670416,Savings,France,0.00
15749528,Customer 15749528,Savings,Spain,0.00
15578783,Customer 15578783,Savings,Germany,76989.97
15580719,Customer 15580719,Savings,France,0.00
15656293,Customer 15656293,Savings,France,0.00
15691875,Customer 15691875,Savings,Germany,114491.82
15596870,Customer 15596870,Savings,Germany,144768.94
15780770,Customer 15780770,Savings,France,145056.59
15751491,Customer 15751491,Savings,Germany,117206.30
15706200,Customer 15706200,Savings,Germany,138014.40
15808674,Customer 15808674,Savings,Germany,128352.59
15641411,Customer 15641411,Savings,France,112568.31
15764661,Customer 15764661,Savings,France,0.00
15689492,Customer 15689492,Savings,Germany,176958.46
15602405,Customer 15602405,Savings,Germany,99167.54
15610271,Customer 15610271,Savings,Spain,103210.27
15791780,Customer 15791780,Savings,Germany,104478.12
15589147,Customer 15589147,Savings,Spain,125921.37
15756975,Customer 15756975,Savings,Spain,0.00
15729582,Customer 15729582,Savings,Germany,80697.44
15742971,Customer 15742971,Savings,France,161887.81
15568046,Customer 15568046,Savings,France,109558.36
15694890,Customer 15694890,Savings,France,124271.26
15736963,Customer 15736963,Savings,France,0.00
15646490,Customer 15646490,Savings,Spain,190569.23
15607314,Customer 15607314,Savings,Spain,143923.96
15576745,Customer 15576745,Savings,France,96542.16
15669606,Customer 15669606,Savings,France,0.00
15737832,Customer 15737832,Savings,Spain,139825.56
15681990,Customer 15681990,Savings,Germany,111769.14
15758050,Customer 15758050,Savings,Spain,0.00
15787848,Customer 15787848,Savings,Spain,113672.18
15713594,Customer 15713594,Savings,France,147256.86
15588186,Customer 15588186,Savings,Spain,107023.03
15786739,Customer 15786739,Savings,France,125529.55
15699467,Customer 15699467,Savings,Spain,0.00
15680706,Customer 15680706,Savings,Germany,131834.80
15645717,Customer 15645717,Savings,France,0.00
15748597,Customer 15748597,Savings,Spain,99529.70
15773709,Customer 15773709,Savings,Spain,0.00
15629787,Customer 15629787,Savings,France,107303.72
15661007,Customer 15661007,Savings,France,72783.42
15686812,Customer 15686812,Savings,Spain,0.00
15754113,Customer 15754113,Savings,France,0.00
15749489,Customer 15749489,Savings,Germany,115743.60
15574352,Customer 15574352,Savings,France,161256.53
15701281,Customer 15701281,Savings,France,0.00
15811985,Customer 15811985,Savings,Spain,0.00
15713505,Customer 15713505,Savings,France,0.00
15685653,Customer 15685653,Savings,Germany,162261.01
15758831,Customer 15758831,Savings,France,74896.33
15618774,Customer 15618774,Savings,France,0.00
15764448,Customer 15764448,Savings,Germany,144037.60
15611024,Customer 15611024,Savings,France,93522.20
15738220,Customer 15738220,Savings,Spain,0.00
15805764,Customer 15805764,Savings,France,0.00
15580487,Customer 15580487,Savings,Germany,106922.92
15675787,Customer 15675787,Savings,France,112972.57
15583580,Customer 15583580,Savings,Germany,123042.00
15780654,Customer 15780654,Savings,Germany,100488.92
15695034,Customer 15695034,Savings,France,123322.15
15805671,Customer 15805671,Savings,France,0.00
15790658,Customer 15790658,Savings,Spain,68683.68
15578648,Customer 15578648,Savings,Germany,59532.18
15734987,Customer 15734987,Savings,France,140260.36
15721740,Customer 15721740,Savings,Germany,88302.65
15641822,Customer 15641822,Savings,France,0.00
15765650,Customer 15765650,Savings,Germany,114655.58
15788556,Customer 15788556,Savings,France,148283.94
15576550,Customer 15576550,Savings,Spain,0.00
15622230,Customer 15622230,Savings,France,0.00
15653937,Customer 15653937,Savings,Germany,123916.67
15743538,Customer 15743538,Savings,France,0.00
15591740,Customer 15591740,Savings,France,0.00
15650086,Customer 15650086,Savings,France,165896.00
15718773,Customer 15718773,Savings,France,0.00
15615140,Customer 15615140,Savings,France,111168.97
15644361,Customer 15644361,Savings,France,103549.24
15774536,Customer 15774536,Savings,France,0.00
15618661,Customer 15618661,Savings,France,103804.97
15605020,Customer 15605020,Savings,France,165901.59
15762134,Customer 15762134,Savings,Germany,119152.10
15685279,Customer 15685279,Savings,Spain,122950.31
15582849,Customer 15582849,Savings,France,0.00
15655410,Customer 15655410,Savings,Germany,133384.66
15649129,Customer 15649129,Savings,France,0.00
15702380,Customer 15702380,Savings,Spain,0.00
15759067,Customer 15759067,Savings,Germany,158411.95
15683027,Customer 15683027,Savings,Germany,122028.65
15597487,Customer 15597487,Savings,France,0.00
15763256,Customer 15763256,Savings,Germany,128751.65
15620111,Customer 15620111,Savings,France,133436.52
15623053,Customer 15623053,Savings,Spain,123177.01
15595592,Customer 15595592,Savings,France,0.00
15740072,Customer 15740072,Savings,France,120328.88
15778005,Customer 15778005,Savings,France,130147.98
15583278,Customer 15583278,Savings,Spain,92716.96
15601263,Customer 15601263,Savings,Spain,0.00
15709222,Customer 15709222,Savings,Spain,0.00
15713949,Customer 15713949,Savings,France,76914.21
15717706,Customer 15717706,Savings,France,106045.92
15756071,Customer 15756071,Savings,France,103133.26
15696564,Customer 15696564,Savings,France,145974.79
15657637,Customer 15657637,Savings,Spain,0.00
15755863,Customer 15755863,Savings,Spain,0.00
15719858,Customer 15719858,Savings,Spain,0.00
15688876,Customer 15688876,Savings,Spain,0.00
15698528,Customer 15698528,Savings,Spain,0.00
15770345,Customer 15770345,Savings,Spain,139183.06
15761506,Customer 15761506,Savings,Spain,0.00
15716619,Customer 15716619,Savings,Germany,74974.89
15788367,Customer 15788367,Savings,Spain,61691.45
15709451,Customer 15709451,Savings,Germany,121952.75
15640421,Customer 15640421,Savings,France,0.00
15580068,Customer 15580068,Savings,Spain,0.00
15677123,Customer 15677123,Savings,Spain,0.00
15619801,Customer 15619801,Savings,France,80107.83
15582246,Customer 15582246,Savings,Spain,0.00
15711843,Customer 15711843,Savings,Germany,147856.82
15680046,Customer 15680046,Savings,Spain,0.00
15804131,Customer 15804131,Savings,Spain,65407.16
15722611,Customer 15722611,Savings,France,114233.18
15729224,Customer 15729224,Savings,France,0.00
15811588,Customer 15811588,Savings,Spain,187602.18
15702138,Customer 15702138,Savings,France,156834.34
15749799,Customer 15749799,Savings,France,0.00
15752885,Customer 15752885,Savings,France,157498.90
15674932,Customer 15674932,Savings,Spain,0.00
15743828,Customer 15743828,Savings,France,0.00
15642022,Customer 15642022,Savings,Spain,0.00
15746461,Customer 15746461,Savings,Spain,0.00
15809991,Customer 15809991,Savings,Spain,130274.22
15787322,Customer 15787322,Savings,France,0.00
15575498,Customer 15575498,Savings,France,149379.66
15691387,Customer 15691387,Savings,France,0.00
15765457,Customer 15765457,Savings,Spain,100829.94
15666173,Customer 15666173,Savings,Germany,96408.98
15627377,Customer 15627377,Savings,France,0.00
15656683,Customer 15656683,Savings,France,0.00
15679810,Customer 15679810,Savings,France,0.00
15606310,Customer 15606310,Savings,France,149105.08
15756871,Customer 15756871,Savings,Spain,0.00
15610002,Customer 15610002,Savings,Spain,0.00
15567802,Customer 15567802,Savings,Spain,0.00
15745452,Customer 15745452,Savings,Germany,90218.11
15617252,Customer 15617252,Savings,France,87347.70
15753248,Customer 15753248,Savings,France,0.00
15610755,Customer 15610755,Savings,France,137811.75
15662238,Customer 15662238,Savings,France,105563.00
15799186,Customer 15799186,Savings,France,0.00
15686941,Customer 15686941,Savings,Spain,0.00
15601172,Customer 15601172,Savings,France,91125.75
15723858,Customer 15723858,Savings,Spain,0.00
15615896,Customer 15615896,Savings,Spain,0.00
15737647,Customer 15737647,Savings,Germany,135120.56
15582841,Customer 15582841,Savings,France,0.00
15760090,Customer 15760090,Savings,France,0.00
15588587,Customer 15588587,Savings,France,86837.95
15683157,Customer 15683157,Savings,France,100446.57
15694209,Customer 15694209,Savings,France,0.00
15655875,Customer 15655875,Savings,France,0.00
15805704,Customer 15805704,Savings,France,0.00
15744789,Customer 15744789,Savings,Spain,114512.59
15799357,Customer 15799357,Savings,France,136364.46
15726153,Customer 15726153,Savings,France,106260.67
15713346,Customer 15713346,Savings,France,146126.75
15665053,Customer 15665053,Savings,Spain,111284.53
15592379,Customer 15592379,Savings,Spain,121056.63
15692599,Customer 15692599,Savings,France,128270.56
15620758,Customer 15620758,Savings,Spain,0.00
15637428,Customer 15637428,Savings,France,0.00
15808389,Customer 15808389,Savings,France,0.00
15807003,Customer 15807003,Savings,France,191775.65
15702912,Customer 15702912,Savings,Spain,0.00
15590623,Customer 15590623,Savings,Spain,85141.79
15728078,Customer 15728078,Savings,France,126392.18
15708256,Customer 15708256,Savings,France,0.00
15582335,Customer 15582335,Savings,France,129860.37
15649150,Customer 15649150,Savings,France,127642.44
15691647,Customer 15691647,Savings,France,0.00
15668270,Customer 15668270,Savings,Germany,125584.17
15624820,Customer 15624820,Savings,Spain,50911.21
15736254,Customer 15736254,Savings,France,91955.61
15720814,Customer 15720814,Savings,Germany,84266.44
15642997,Customer 15642997,Savings,France,147149.59
15693200,Customer 15693200,Savings,France,0.00
15624596,Customer 15624596,Savings,France,104822.45
15807167,Customer 15807167,Savings,France,146766.72
15660301,Customer 15660301,Savings,Germany,148745.92
15593094,Customer 15593094,Savings,France,0.00
15618239,Customer 15618239,Savings,France,0.00
15574137,Customer 15574137,Savings,Spain,0.00
15614740,Customer 15614740,Savings,France,135203.81
15574071,Customer 15574071,Savings,Germany,93301.97
15671148,Customer 15671148,Savings,Germany,96341.00
15721921,Customer 15721921,Savings,France,165326.20
15717995,Customer 15717995,Savings,France,0.00
15632050,Customer 15632050,Savings,France,99786.20
15647111,Customer 15647111,Savings,Spain,114440.24
15759991,Customer 15759991,Savings,Spain,141573.55
15790204,Customer 15790204,Savings,Spain,0.00
15686780,Customer 15686780,Savings,Spain,133676.65
15640491,Customer 15640491,Savings,France,147493.70
15783225,Customer 15783225,Savings,France,0.00
15734438,Customer 15734438,Savings,France,0.00
15688760,Customer 15688760,Savings,Germany,95022.57
15768124,Customer 15768124,Savings,France,0.00
15661330,Customer 15661330,Savings,France,0.00
15781272,Customer 15781272,Savings,France,149713.61
15573888,Customer 15573888,Savings,Germany,107963.38
15575858,Customer 15575858,Savings,France,0.00
15645937,Customer 15645937,Savings,Spain,0.00
15702337,Customer 15702337,Savings,France,0.00
15764537,Customer 15764537,Savings,France,0.00
15619616,Customer 15619616,Savings,France,102017.25
15585133,Customer 15585133,Savings,Spain,0.00
15573971,Customer 15573971,Savings,France,0.00
15579433,Customer 15579433,Savings,Spain,96674.55
15777045,Customer 15777045,Savings,Spain,81811.71
15611580,Customer 15611580,Savings,Spain,79281.61
15614778,Customer 15614778,Savings,France,0.00
15771750,Customer 15771750,Savings,Germany,122314.39
15593280,Customer 15593280,Savings,Germany,140733.74
15569274,Customer 15569274,Savings,Germany,116933.11
15654408,Customer 15654408,Savings,Spain,165445.04
15657468,Customer 15657468,Savings,Germany,123805.03
15614213,Customer 15614213,Savings,France,107548.94
15589869,Customer 15589869,Savings,France,111634.29
15693205,Customer 15693205,Savings,Germany,109153.96
15797113,Customer 15797113,Savings,Spain,0.00
15676958,Customer 15676958,Savings,Germany,86055.17
15739592,Customer 15739592,Savings,Germany,98438.23
15656263,Customer 15656263,Savings,Spain,0.00
15636872,Customer 15636872,Savings,France,144705.87
15589435,Customer 15589435,Savings,France,0.00
15640464,Customer 15640464,Savings,France,91612.91
15723851,Customer 15723851,Savings,Spain,0.00
15722122,Customer 15722122,Savings,France,0.00
15696852,Customer 15696852,Savings,France,192122.84
15634936,Customer 15634936,Savings,France,179904.00
15575935,Customer 15575935,Savings,France,178058.06
15634491,Customer 15634491,Savings,France,176166.56
15628530,Customer 15628530,Savings,France,156864.20
15678720,Customer 15678720,Savings,France,0.00
15627999,Customer 15627999,Savings,Spain,0.00
15571244,Customer 15571244,Savings,Spain,0.00
15739931,Customer 15739931,Savings,France,161588.89
15806256,Customer 15806256,Savings,France,109349.29
15787258,Customer 15787258,Savings,Spain,0.00
15706463,Customer 15706463,Savings,France,0.00
15691004,Customer 15691004,Savings,Spain,0.00
15792228,Customer 15792228,Savings,France,152335.70
15733447,Customer 15733447,Savings,France,124662.54
15679062,Customer 15679062,Savings,Germany,91522.04
15594409,Customer 15594409,Savings,France,0.00
15613816,Customer 15613816,Savings,Spain,62052.28
15681991,Customer 15681991,Savings,France,107871.72
15796074,Customer 15796074,Savings,France,99472.76
15625941,Customer 15625941,Savings,Spain,128039.01
15615016,Customer 15615016,Savings,France,0.00
15748414,Customer 15748414,Savings,Spain,114634.63
15751203,Customer 15751203,Savings,France,56738.47
15662658,Customer 15662658,Savings,Germany,90355.12
15574868,Customer 15574868,Savings,Germany,115725.24
15790282,Customer 15790282,Savings,Germany,114327.59
15762927,Customer 15762927,Savings,Germany,100762.64
15803456,Customer 15803456,Savings,France,0.00
15771857,Customer 15771857,Savings,Spain,89039.90
15700601,Customer 15700601,Savings,France,78829.53
15569670,Customer 15569670,Savings,Germany,112372.96
15772341,Customer 15772341,Savings,Germany,122029.15
15661548,Customer 15661548,Savings,France,157829.12
15787597,Customer 15787597,Savings,Germany,108377.75
15806913,Customer 15806913,Savings,France,95507.12
15804862,Customer 15804862,Savings,Germany,127146.68
15792986,Customer 15792986,Savings,Germany,133811.78
15625632,Customer 15625632,Savings,France,121092.47
15727703,Customer 15727703,Savings,Germany,126979.75
15606273,Customer 15606273,Savings,France,144235.73
15799652,Customer 15799652,Savings,France,152582.20
15715047,Customer 15715047,Savings,Spain,172478.15
15784687,Customer 15784687,Savings,France,126477.42
15615322,Customer 15615322,Savings,Spain,97473.87
15722072,Customer 15722072,Savings,France,138053.67
15646784,Customer 15646784,Savings,France,164003.05
15644692,Customer 15644692,Savings,France,0.00
15670354,Customer 15670354,Savings,France,0.00
15716357,Customer 15716357,Savings,Spain,122486.11
15786717,Customer 15786717,Savings,France,0.00
15771383,Customer 15771383,Savings,Germany,53667.44
15649793,Customer 15649793,Savings,France,0.00
15731543,Customer 15731543,Savings,Spain,109327.65
15684516,Customer 15684516,Savings,Spain,121151.05
15677249,Customer 15677249,Savings,Spain,101043.63
15581525,Customer 15581525,Savings,Germany,83501.66
15628420,Customer 15628420,Savings,Spain,80462.24
15600478,Customer 15600478,Savings,France,0.00
15594502,Customer 15594502,Savings,France,109093.41
15784361,Customer 15784361,Savings,Spain,140355.60
15767626,Customer 15767626,Savings,France,0.00
15632521,Customer 15632521,Savings,Germany,130170.82
15665088,Customer 15665088,Savings,France,0.00
15652084,Customer 15652084,Savings,France,109542.29
15574761,Customer 15574761,Savings,France,33563.95
15729515,Customer 15729515,Savings,France,148795.17
15682070,Customer 15682070,Savings,France,0.00
15743817,Customer 15743817,Savings,Germany,174126.75
15572158,Customer 15572158,Savings,Spain,0.00
15584477,Customer 15584477,Savings,Spain,106405.03
15614893,Customer 15614893,Savings,Spain,0.00
15665963,Customer 15665963,Savings,Spain,128393.29
15612524,Customer 15612524,Savings,Germany,127841.52
15596962,Customer 15596962,Savings,France,137295.19
15744942,Customer 15744942,Savings,Spain,155828.22
15573278,Customer 15573278,Savings,France,0.00
15717056,Customer 15717056,Savings,Germany,144351.86
15795881,Customer 15795881,Savings,Spain,106365.29
15758939,Customer 15758939,Savings,Germany,127801.88
15792250,Customer 15792250,Savings,Germany,122793.96
15740406,Customer 15740406,Savings,Germany,113525.84
15768137,Customer 15768137,Savings,Spain,136100.69
15569120,Customer 15569120,Savings,France,0.00
15723721,Customer 15723721,Savings,France,140916.81
15777122,Customer 15777122,Savings,France,0.00
15742681,Customer 15742681,Savings,Germany,121365.39
15582090,Customer 15582090,Savings,Spain,0.00
15711254,Customer 15711254,Savings,France,0.00
15775067,Customer 15775067,Savings,France,93578.68
15602851,Customer 15602851,Savings,France,0.00
15802857,Customer 15802857,Savings,Spain,115409.60
15701175,Customer 15701175,Savings,France,90791.69
15783019,Customer 15783019,Savings,France,123681.32
15728912,Customer 15728912,Savings,France,92436.86
15585580,Customer 15585580,Savings,Germany,167194.36
15583480,Customer 15583480,Savings,France,0.00
15620341,Customer 15620341,Savings,Germany,160838.13
15613886,Customer 15613886,Savings,Spain,0.00
15792916,Customer 15792916,Savings,Spain,144470.77
15710408,Customer 15710408,Savings,Spain,0.00
15598695,Customer 15598695,Savings,Germany,130169.27
15649354,Customer 15649354,Savings,Spain,0.00
15737556,Customer 15737556,Savings,France,81076.80
15671610,Customer 15671610,Savings,France,0.00
15625092,Customer 15625092,Savings,Germany,101465.31
15741032,Customer 15741032,Savings,France,0.00
15750014,Customer 15750014,Savings,Germany,113865.23
15784761,Customer 15784761,Savings,Spain,87603.35
15768359,Customer 15768359,Savings,France,120037.96
15805769,Customer 15805769,Savings,Spain,0.00
15719508,Customer 15719508,Savings,Germany,121205.15
15609011,Customer 15609011,Savings,Spain,75408.33
15703106,Customer 15703106,Savings,France,0.00
15626795,Customer 15626795,Savings,France,0.00
15773731,Customer 15773731,Savings,Spain,0.00
15756196,Customer 15756196,Savings,France,121818.84
15687903,Customer 15687903,Savings,France,0.00
15777599,Customer 15777599,Savings,Germany,141806.00
15754577,Customer 15754577,Savings,France,61354.14
15584113,Customer 15584113,Savings,Germany,124954.94
15669589,Customer 15669589,Savings,Germany,95039.12
15632793,Customer 15632793,Savings,France,103417.74
15711130,Customer 15711130,Savings,France,0.00
15615254,Customer 15615254,Savings,France,43028.77
15720583,Customer 15720583,Savings,Germany,119638.21
15780432,Customer 15780432,Savings,France,122689.51
15673223,Customer 15673223,Savings,France,0.00
15807989,Customer 15807989,Savings,Germany,73179.34
15761168,Customer 15761168,Savings,France,171913.87
15651272,Customer 15651272,Savings,France,0.00
15812832,Customer 15812832,Savings,Germany,92659.20
15680517,Customer 15680517,Savings,Germany,137239.17
15750569,Customer 15750569,Savings,Germany,102955.14
15690743,Customer 15690743,Savings,France,65190.29
15627741,Customer 15627741,Savings,Germany,96863.52
15712121,Customer 15712121,Savings,Spain,154983.98
15805429,Customer 15805429,Savings,Germany,106819.65
15814923,Customer 15814923,Savings,Spain,128578.52
15589230,Customer 15589230,Savings,France,126473.33
15775490,Customer 15775490,Savings,France,110570.78
15749727,Customer 15749727,Savings,Spain,0.00
15619238,Customer 15619238,Savings,Spain,0.00
15593468,Customer 15593468,Savings,France,0.00
15718454,Customer 15718454,Savings,Spain,0.00
15789498,Customer 15789498,Savings,France,111099.79
15744691,Customer 15744691,Savings,France,0.00
15708289,Customer 15708289,Savings,Spain,100913.57
15790412,Customer 15790412,Savings,Spain,0.00
15741416,Customer 15741416,Savings,France,16893.59
15598894,Customer 15598894,Savings,Spain,122267.85
15663294,Customer 15663294,Savings,France,125685.79
15572728,Customer 15572728,Savings,Spain,127397.34
15706729,Customer 15706729,Savings,France,105271.56
15674433,Customer 15674433,Savings,Germany,115265.14
15641170,Customer 15641170,Savings,Spain,0.00
15806284,Customer 15806284,Savings,Spain,0.00
15690958,Customer 15690958,Savings,Germany,139542.82
15606386,Customer 15606386,Savings,Germany,111512.75
15682322,Customer 15682322,Savings,France,148466.93
15579915,Customer 15579915,Savings,France,0.00
15681928,Customer 15681928,Savings,France,108155.49
15734005,Customer 15734005,Savings,France,0.00
15650432,Customer 15650432,Savings,Germany,84622.13
15592578,Customer 15592578,Savings,Spain,146997.64
15671243,Customer 15671243,Savings,France,0.00
15775709,Customer 15775709,Savings,France,98590.25
15702631,Customer 15702631,Savings,France,0.00
15602282,Customer 15602282,Savings,Germany,134980.74
15717879,Customer 15717879,Savings,Spain,108078.56
15740878,Customer 15740878,Savings,Spain,0.00
15794468,Customer 15794468,Savings,France,0.00
15773277,Customer 15773277,Savings,France,106836.67
15572657,Customer 15572657,Savings,France,102490.27
15800295,Customer 15800295,Savings,Germany,112746.54
15672397,Customer 15672397,Savings,France,125487.89
15684921,Customer 15684921,Savings,Spain,142862.21
15720676,Customer 15720676,Savings,France,0.00
15731829,Customer 15731829,Savings,France,0.00
15732672,Customer 15732672,Savings,Spain,79388.33
15692406,Customer 15692406,Savings,France,0.00
15764405,Customer 15764405,Savings,France,0.00
15757537,Customer 15757537,Savings,France,107784.65
15793307,Customer 15793307,Savings,Spain,142880.28
15660679,Customer 15660679,Savings,Spain,149571.94
15666856,Customer 15666856,Savings,France,142767.39
15687372,Customer 15687372,Savings,Germany,121537.71
15667289,Customer 15667289,Savings,Spain,0.00
15624641,Customer 15624641,Savings,Spain,0.00
15734610,Customer 15734610,Savings,France,89838.71
15631882,Customer 15631882,Savings,Germany,103399.87
15642709,Customer 15642709,Savings,France,0.00
15811026,Customer 15811026,Savings,Germany,136855.94
15596303,Customer 15596303,Savings,France,0.00
15787255,Customer 15787255,Savings,Germany,140891.46
15617166,Customer 15617166,Savings,France,0.00
15742442,Customer 15742442,Savings,Spain,89364.91
15758692,Customer 15758692,Savings,France,146011.40
15568238,Customer 15568238,Savings,Spain,0.00
15730353,Customer 15730353,Savings,Germany,145294.08
15731555,Customer 15731555,Savings,Germany,106000.12
15582404,Customer 15582404,Savings,Spain,0.00
15721462,Customer 15721462,Savings,Spain,0.00
15632899,Customer 15632899,Savings,Spain,104508.77
15808526,Customer 15808526,Savings,Germany,127539.30
15694349,Customer 15694349,Savings,Spain,0.00
15718465,Customer 15718465,Savings,Germany,96891.46
15682995,Customer 15682995,Savings,France,78535.25
15584776,Customer 15584776,Savings,Spain,112712.17
15777772,Customer 15777772,Savings,Spain,119618.42
15576156,Customer 15576156,Savings,Spain,0.00
15646756,Customer 15646756,Savings,France,74963.50
15742886,Customer 15742886,Savings,France,138023.79
15586135,Customer 15586135,Savings,Spain,0.00
15616152,Customer 15616152,Savings,France,185513.67
15721460,Customer 15721460,Savings,France,185648.56
15727317,Customer 15727317,Savings,Germany,102286.60
15649536,Customer 15649536,Savings,Germany,128015.83
15754929,Customer 15754929,Savings,France,39539.39
15572051,Customer 15572051,Savings,France,0.00
15668142,Customer 15668142,Savings,France,77608.46
15701176,Customer 15701176,Savings,France,141462.13
15708422,Customer 15708422,Savings,Spain,0.00
15655632,Customer 15655632,Savings,France,131691.33
15744606,Customer 15744606,Savings,Spain,93833.86
15612140,Customer 15612140,Savings,Spain,137933.39
15656086,Customer 15656086,Savings,Spain,105770.14
15655298,Customer 15655298,Savings,Spain,0.00
15644796,Customer 15644796,Savings,Spain,0.00
15726250,Customer 15726250,Savings,France,166328.65
15764432,Customer 15764432,Savings,Germany,164307.77
15631721,Customer 15631721,Savings,Germany,163965.69
15707479,Customer 15707479,Savings,France,125608.72
15579826,Customer 15579826,Savings,France,0.00
15668104,Customer 15668104,Savings,Spain,118433.94
15641604,Customer 15641604,Savings,France,98488.08
15587240,Customer 15587240,Savings,France,0.00
15680767,Customer 15680767,Savings,Germany,98362.35
15601594,Customer 15601594,Savings,France,144237.91
15589969,Customer 15589969,Savings,France,0.00
15703728,Customer 15703728,Savings,Spain,0.00
15617790,Customer 15617790,Savings,France,105767.28
15662500,Customer 15662500,Savings,Spain,0.00
15778526,Customer 15778526,Savings,Spain,0.00
15670584,Customer 15670584,Savings,Spain,0.00
15748069,Customer 15748069,Savings,France,134467.26
15680597,Customer 15680597,Savings,Germany,138515.02
15628992,Customer 15628992,Savings,Germany,128647.98
15719624,Customer 15719624,Savings,France,121858.98
15812767,Customer 15812767,Savings,Spain,0.00
15689201,Customer 15689201,Savings,France,120108.56
15614716,Customer 15614716,Savings,France,196853.62
15683618,Customer 15683618,Savings,France,121418.62
15799631,Customer 15799631,Savings,Spain,0.00
15692259,Customer 15692259,Savings,France,0.00
15590966,Customer 15590966,Savings,Germany,97495.80
15656426,Customer 15656426,Savings,France,0.00
15675256,Customer 15675256,Savings,Spain,127343.40
15751185,Customer 15751185,Savings,Spain,158633.61
15789582,Customer 15789582,Savings,France,0.00
15651103,Customer 15651103,Savings,Spain,183744.98
15672299,Customer 15672299,Savings,France,0.00
15772250,Customer 15772250,Savings,Spain,0.00
15763922,Customer 15763922,Savings,France,79962.92
15633870,Customer 15633870,Savings,France,0.00
15624323,Customer 15624323,Savings,France,0.00
15688612,Customer 15688612,Savings,France,140956.99
15694644,Customer 15694644,Savings,Spain,0.00
15587174,Customer 15587174,Savings,France,0.00
15579559,Customer 15579559,Savings,Spain,145241.63
15775430,Customer 15775430,Savings,Germany,138008.06
15623695,Customer 15623695,Savings,France,0.00
15760849,Customer 15760849,Savings,France,0.00
15813095,Customer 15813095,Savings,France,0.00
15705281,Customer 15705281,Savings,Spain,0.00
15812594,Customer 15812594,Savings,France,0.00
15626322,Customer 15626322,Savings,Spain,127570.93
15723105,Customer 15723105,Savings,France,0.00
15588449,Customer 15588449,Savings,Spain,107812.67
15794849,Customer 15794849,Savings,Germany,91560.58
15620000,Customer 15620000,Savings,Germany,121303.77
15799720,Customer 15799720,Savings,Spain,161546.68
15711287,Customer 15711287,Savings,Spain,128415.45
15613102,Customer 15613102,Savings,France,57530.06
15621440,Customer 15621440,Savings,France,0.00
15677146,Customer 15677146,Savings,France,142243.54
15801169,Customer 15801169,Savings,Germany,138341.51
15722425,Customer 15722425,Savings,France,0.00
15682421,Customer 15682421,Savings,France,0.00
15691910,Customer 15691910,Savings,Spain,0.00
15721779,Customer 15721779,Savings,Spain,146466.46
15579548,Customer 15579548,Savings,Spain,0.00
15681075,Customer 15681075,Savings,France,0.00
15607884,Customer 15607884,Savings,France,0.00
15767757,Customer 15767757,Savings,Spain,120307.58
15791550,Customer 15791550,Savings,France,87637.26
15658589,Customer 15658589,Savings,Spain,94652.04
15670822,Customer 15670822,Savings,France,114415.84
15629744,Customer 15629744,Savings,France,0.00
15660768,Customer 15660768,Savings,France,84315.02
15726310,Customer 15726310,Savings,Spain,0.00
15641298,Customer 15641298,Savings,Germany,93955.83
15625675,Customer 15625675,Savings,France,67087.69
15713354,Customer 15713354,Savings,Germany,101528.61
15633866,Customer 15633866,Savings,Germany,110824.52
15704231,Customer 15704231,Savings,France,0.00
15735400,Customer 15735400,Savings,France,179960.20
15632826,Customer 15632826,Savings,France,134006.77
15751022,Customer 15751022,Savings,Germany,121532.17
15664737,Customer 15664737,Savings,Spain,0.00
15681126,Customer 15681126,Savings,Spain,0.00
15738954,Customer 15738954,Savings,France,129717.30
15662263,Customer 15662263,Savings,Germany,94762.16
15621611,Customer 15621611,Savings,Germany,155196.17
15783752,Customer 15783752,Savings,Germany,129514.99
15709474,Customer 15709474,Savings,Germany,113386.36
15701280,Customer 15701280,Savings,France,0.00
15671104,Customer 15671104,Savings,Spain,172196.23
15796434,Customer 15796434,Savings,France,97612.12
15781505,Customer 15781505,Savings,France,104719.94
15625819,Customer 15625819,Savings,France,0.00
15753174,Customer 15753174,Savings,Germany,139592.98
15654067,Customer 15654067,Savings,Spain,0.00
15724719,Customer 15724719,Savings,France,139096.85
15624695,Customer 15624695,Savings,Spain,140301.72
15718216,Customer 15718216,Savings,Spain,0.00
15586300,Customer 15586300,Savings,France,0.00
15783349,Customer 15783349,Savings,Spain,111233.09
15725767,Customer 15725767,Savings,France,0.00
15791925,Customer 15791925,Savings,France,147737.63
15793585,Customer 15793585,Savings,France,0.00
15576641,Customer 15576641,Savings,Germany,125725.02
15749519,Customer 15749519,Savings,France,128289.70
15684960,Customer 15684960,Savings,France,0.00
15591286,Customer 15591286,Savings,Germany,88826.07
15668323,Customer 15668323,Savings,France,143443.61
15608528,Customer 15608528,Savings,France,0.00
15645184,Customer 15645184,Savings,France,0.00
15702566,Customer 15702566,Savings,Spain,149134.46
15660840,Customer 15660840,Savings,France,124119.54
15750811,Customer 15750811,Savings,Germany,116822.70
15733842,Customer 15733842,Savings,France,103219.47
15581526,Customer 15581526,Savings,France,0.00
15662751,Customer 15662751,Savings,Germany,81954.60
15684319,Customer 15684319,Savings,Germany,95196.26
15702190,Customer 15702190,Savings,Spain,0.00
15588517,Customer 15588517,Savings,France,0.00
15801863,Customer 15801863,Savings,France,136555.01
15584271,Customer 15584271,Savings,France,0.00
15700366,Customer 15700366,Savings,France,119452.03
15804038,Customer 15804038,Savings,France,0.00
15720820,Customer 15720820,Savings,Germany,69881.09
15743759,Customer 15743759,Savings,France,0.00
15749947,Customer 15749947,Savings,France,0.00
15670496,Customer 15670496,Savings,Spain,0.00
15746664,Customer 15746664,Savings,Spain,204223.03
15745533,Customer 15745533,Savings,France,110314.21
15761497,Customer 15761497,Savings,Spain,163760.82
15628600,Customer 15628600,Savings,Germany,141069.18
15627002,Customer 15627002,Savings,France,115934.74
15614635,Customer 15614635,Savings,France,151457.88
15731281,Customer 15731281,Savings,Germany,154206.07
15814022,Customer 15814022,Savings,France,89928.99
15659194,Customer 15659194,Savings,France,89182.09
15745030,Customer 15745030,Savings,Germany,79706.25
15691817,Customer 15691817,Savings,Spain,0.00
15707488,Customer 15707488,Savings,France,0.00
15784700,Customer 15784700,Savings,France,117799.28
15710397,Customer 15710397,Savings,France,0.00
15687648,Customer 15687648,Savings,France,0.00
15732281,Customer 15732281,Savings,Germany,146422.22
15607230,Customer 15607230,Savings,Germany,150186.22
15567630,Customer 15567630,Savings,Germany,100275.88
15587507,Customer 15587507,Savings,France,0.00
15733904,Customer 15733904,Savings,France,147493.89
15709511,Customer 15709511,Savings,France,0.00
15579616,Customer 15579616,Savings,France,0.00
15694852,Customer 15694852,Savings,France,121823.40
15589924,Customer 15589924,Savings,Spain,0.00
15799300,Customer 15799300,Savings,Germany,113688.63
15731330,Customer 15731330,Savings,Spain,100471.34
15694129,Customer 15694129,Savings,Germany,100032.52
15620372,Customer 15620372,Savings,Spain,0.00
15744622,Customer 15744622,Savings,France,116358.00
15799815,Customer 15799815,Savings,Germany,163549.63
15759250,Customer 15759250,Savings,Germany,99183.90
15732643,Customer 15732643,Savings,Spain,131955.07
15690540,Customer 15690540,Savings,Spain,134177.06
15803078,Customer 15803078,Savings,Spain,0.00
15652180,Customer 15652180,Savings,France,0.00
15741195,Customer 15741195,Savings,Spain,0.00
15743490,Customer 15743490,Savings,Germany,94348.94
15575510,Customer 15575510,Savings,France,155584.21
15732610,Customer 15732610,Savings,France,0.00
15602909,Customer 15602909,Savings,Spain,0.00
15734058,Customer 15734058,Savings,Germany,170661.47
15801788,Customer 15801788,Savings,Germany,185544.36
15702462,Customer 15702462,Savings,Spain,52831.13
15683416,Customer 15683416,Savings,Germany,97750.07
15794187,Customer 15794187,Savings,France,114007.50
15792989,Customer 15792989,Savings,France,104308.77
15613734,Customer 15613734,Savings,France,84719.13
15606177,Customer 15606177,Savings,France,0.00
15636700,Customer 15636700,Savings,France,140236.98
15645766,Customer 15645766,Savings,Spain,0.00
15671345,Customer 15671345,Savings,Spain,75302.85
15652469,Customer 15652469,Savings,France,0.00
15749638,Customer 15749638,Savings,France,104760.82
15728706,Customer 15728706,Savings,France,0.00
15735439,Customer 15735439,Savings,Spain,113693.00
15778696,Customer 15778696,Savings,Spain,174180.39
15624744,Customer 15624744,Savings,Germany,115766.26
15584338,Customer 15584338,Savings,France,0.00
15726178,Customer 15726178,Savings,Spain,0.00
15794939,Customer 15794939,Savings,France,121215.90
15788068,Customer 15788068,Savings,Germany,144677.19
15572956,Customer 15572956,Savings,France,115350.63
15780386,Customer 15780386,Savings,Spain,105683.63
15791114,Customer 15791114,Savings,France,135179.49
15708046,Customer 15708046,Savings,Spain,117551.23
15719779,Customer 15719779,Savings,Germany,157404.02
15591550,Customer 15591550,Savings,Spain,77910.23
15639368,Customer 15639368,Savings,France,110942.90
15699830,Customer 15699830,Savings,France,0.00
15569264,Customer 15569264,Savings,France,179305.09
15595158,Customer 15595158,Savings,Germany,150593.59
15599126,Customer 15599126,Savings,France,123815.86
15650575,Customer 15650575,Savings,Spain,0.00
15641490,Customer 15641490,Savings,Germany,69385.17
15680234,Customer 15680234,Savings,Germany,138032.15
15592230,Customer 15592230,Savings,France,0.00
15626212,Customer 15626212,Savings,France,0.00
15700627,Customer 15700627,Savings,Germany,143500.82
15782641,Customer 15782641,Savings,Spain,119670.18
15784445,Customer 15784445,Savings,Spain,99106.73
15813681,Customer 15813681,Savings,Germany,120135.55
15596649,Customer 15596649,Savings,France,0.00
15700460,Customer 15700460,Savings,France,120905.03
15724076,Customer 15724076,Savings,Spain,0.00
15784000,Customer 15784000,Savings,Germany,102277.52
15733966,Customer 15733966,Savings,Germany,125292.53
15612667,Customer 15612667,Savings,Spain,0.00
15654025,Customer 15654025,Savings,France,101629.30
15589431,Customer 15589431,Savings,Germany,171937.27
15578238,Customer 15578238,Savings,France,0.00
15566269,Customer 15566269,Savings,France,0.00
15639217,Customer 15639217,Savings,France,0.00
15688644,Customer 15688644,Savings,France,129743.75
15662426,Customer 15662426,Savings,Spain,0.00
15720511,Customer 15720511,Savings,Germany,151191.31
15567246,Customer 15567246,Savings,Germany,102630.13
15647965,Customer 15647965,Savings,France,114023.64
15679048,Customer 15679048,Savings,Germany,124227.14
15675749,Customer 15675749,Savings,France,0.00
15782181,Customer 15782181,Savings,Spain,80285.16
15795738,Customer 15795738,Savings,France,175477.15
15773751,Customer 15773751,Savings,France,132144.35
15655436,Customer 15655436,Savings,Germany,136911.07
15691396,Customer 15691396,Savings,Germany,133299.67
15796958,Customer 15796958,Savings,France,0.00
15801832,Customer 15801832,Savings,Germany,117691.00
15661349,Customer 15661349,Savings,France,0.00
15719265,Customer 15719265,Savings,France,0.00
15779985,Customer 15779985,Savings,Germany,133199.71
15663410,Customer 15663410,Savings,Spain,135506.58
15704144,Customer 15704144,Savings,Germany,127154.14
15774104,Customer 15774104,Savings,Spain,0.00
15812230,Customer 15812230,Savings,Germany,49508.79
15742848,Customer 15742848,Savings,France,0.00
15745326,Customer 15745326,Savings,France,75051.49
15674541,Customer 15674541,Savings,Spain,123925.23
15728564,Customer 15728564,Savings,France,0.00
15580701,Customer 15580701,Savings,France,153819.58
15688973,Customer 15688973,Savings,Spain,0.00
15709412,Customer 15709412,Savings,Spain,0.00
15607753,Customer 15607753,Savings,Spain,70417.79
15705352,Customer 15705352,Savings,Spain,111484.88
15602500,Customer 15602500,Savings,Spain,146343.98
15672437,Customer 15672437,Savings,France,160541.00
15720968,Customer 15720968,Savings,Germany,130274.26
15730796,Customer 15730796,Savings,France,98993.02
15768219,Customer 15768219,Savings,Spain,0.00
15663883,Customer 15663883,Savings,Germany,141827.33
15589296,Customer 15589296,Savings,France,110054.45
15586425,Customer 15586425,Savings,France,0.00
15679813,Customer 15679813,Savings,Spain,0.00
15681410,Customer 15681410,Savings,Germany,98088.09
15668283,Customer 15668283,Savings,France,118317.27
15624072,Customer 15624072,Savings,Spain,0.00
15669664,Customer 15669664,Savings,Germany,99774.50
15682728,Customer 15682728,Savings,France,0.00
15573851,Customer 15573851,Savings,France,0.00
15733661,Customer 15733661,Savings,Spain,133806.54
15710012,Customer 15710012,Savings,Spain,0.00
15763327,Customer 15763327,Savings,France,124993.29
15668853,Customer 15668853,Savings,Spain,157622.58
15639303,Customer 15639303,Savings,Germany,126111.61
15691011,Customer 15691011,Savings,France,161651.37
15638513,Customer 15638513,Savings,France,142856.95
15648933,Customer 15648933,Savings,Germany,111100.98
15628904,Customer 15628904,Savings,Spain,102918.38
15644788,Customer 15644788,Savings,France,0.00
15598161,Customer 15598161,Savings,France,0.00
15745624,Customer 15745624,Savings,France,0.00
15733169,Customer 15733169,Savings,Spain,125265.61
15801417,Customer 15801417,Savings,France,82500.28
15592707,Customer 15592707,Savings,Germany,175754.87
15593954,Customer 15593954,Savings,France,109387.33
15714431,Customer 15714431,Savings,France,100443.36
15638257,Customer 15638257,Savings,Spain,83102.72
15690939,Customer 15690939,Savings,Spain,0.00
15723613,Customer 15723613,Savings,France,0.00
15813640,Customer 15813640,Savings,France,0.00
15707322,Customer 15707322,Savings,France,115290.27
15588918,Customer 15588918,Savings,France,0.00
15600357,Customer 15600357,Savings,France,140197.71
15747014,Customer 15747014,Savings,France,105245.34
15809830,Customer 15809830,Savings,France,0.00
15662245,Customer 15662245,Savings,France,0.00
15651075,Customer 15651075,Savings,Germany,142296.13
15594456,Customer 15594456,Savings,Spain,99097.33
15583462,Customer 15583462,Savings,France,171069.39
15757661,Customer 15757661,Savings,France,0.00
15729117,Customer 15729117,Savings,France,102523.88
15749671,Customer 15749671,Savings,France,0.00
15566253,Customer 15566253,Savings,Germany,143391.07
15595153,Customer 15595153,Savings,Germany,106022.73
15698572,Customer 15698572,Savings,Spain,0.00
15674149,Customer 15674149,Savings,Germany,128960.21
15623082,Customer 15623082,Savings,France,0.00
15797905,Customer 15797905,Savings,France,0.00
15746028,Customer 15746028,Savings,France,0.00
15582951,Customer 15582951,Savings,France,126442.59
15616471,Customer 15616471,Savings,Spain,0.00
15641575,Customer 15641575,Savings,France,127261.35
15638803,Customer 15638803,Savings,Spain,0.00
15808283,Customer 15808283,Savings,France,0.00
15811200,Customer 15811200,Savings,France,0.00
15733476,Customer 15733476,Savings,Germany,73481.05
15633274,Customer 15633274,Savings,France,160515.37
15582168,Customer 15582168,Savings,Germany,149525.34
15807269,Customer 15807269,Savings,Germany,166522.78
15602979,Customer 15602979,Savings,France,135536.50
15660417,Customer 15660417,Savings,Germany,120481.69
15590199,Customer 15590199,Savings,Spain,103421.32
15641794,Customer 15641794,Savings,France,135658.73
15779174,Customer 15779174,Savings,France,0.00
15785547,Customer 15785547,Savings,France,191402.82
15795124,Customer 15795124,Savings,Germany,94504.35
15718912,Customer 15718912,Savings,Germany,126147.84
15592028,Customer 15592028,Savings,France,0.00
15580227,Customer 15580227,Savings,France,0.00
15657830,Customer 15657830,Savings,France,87624.03
15798256,Customer 15798256,Savings,France,153697.53
15643819,Customer 15643819,Savings,France,0.00
15754301,Customer 15754301,Savings,France,0.00
15726855,Customer 15726855,Savings,Germany,116585.97
15755225,Customer 15755225,Savings,Germany,134464.58
15725221,Customer 15725221,Savings,Germany,83008.31
15789055,Customer 15789055,Savings,Spain,113635.16
15617507,Customer 15617507,Savings,Spain,0.00
15668894,Customer 15668894,Savings,Germany,122552.48
15589563,Customer 15589563,Savings,Spain,118899.45
15693162,Customer 15693162,Savings,France,99713.87
15750099,Customer 15750099,Savings,France,0.00
15795540,Customer 15795540,Savings,France,134208.22
15794941,Customer 15794941,Savings,Germany,85906.65
15611848,Customer 15611848,Savings,Germany,137714.25
15581237,Customer 15581237,Savings,Spain,160777.90
15738150,Customer 15738150,Savings,France,0.00
15678571,Customer 15678571,Savings,France,0.00
15736124,Customer 15736124,Savings,France,102585.88
15623202,Customer 15623202,Savings,Germany,102556.18
15804201,Customer 15804201,Savings,Germany,126772.57
15596863,Customer 15596863,Savings,Germany,158373.23
15696277,Customer 15696277,Savings,France,0.00
15748608,Customer 15748608,Savings,Germany,141927.10
15723864,Customer 15723864,Savings,Spain,109876.82
15802390,Customer 15802390,Savings,France,0.00
15774336,Customer 15774336,Savings,Germany,111369.79
15648766,Customer 15648766,Savings,Spain,116969.35
15659094,Customer 15659094,Savings,Germany,136729.51
15606397,Customer 15606397,Savings,Germany,152086.15
15642619,Customer 15642619,Savings,Spain,0.00
15666032,Customer 15666032,Savings,Spain,127289.28
15595842,Customer 15595842,Savings,Germany,119852.01
15753837,Customer 15753837,Savings,Spain,0.00
15783882,Customer 15783882,Savings,Spain,0.00
15799790,Customer 15799790,Savings,France,0.00
15628155,Customer 15628155,Savings,France,117183.74
15703778,Customer 15703778,Savings,France,129907.63
15722322,Customer 15722322,Savings,Spain,0.00
15639278,Customer 15639278,Savings,Germany,145387.32
15568487,Customer 15568487,Savings,France,124616.23
15682084,Customer 15682084,Savings,France,0.00
15642821,Customer 15642821,Savings,Spain,95808.19
15601387,Customer 15601387,Savings,France,0.00
15642515,Customer 15642515,Savings,France,0.00
15710421,Customer 15710421,Savings,Spain,117152.30
15726774,Customer 15726774,Savings,France,106250.72
15649078,Customer 15649078,Savings,Germany,111837.78
15641877,Customer 15641877,Savings,France,97023.21
15796496,Customer 15796496,Savings,France,137687.72
15815690,Customer 15815690,Savings,Spain,113348.50
15631739,Customer 15631739,Savings,Spain,122109.78
15625584,Customer 15625584,Savings,France,120452.40
15802466,Customer 15802466,Savings,France,0.00
15697028,Customer 15697028,Savings,Spain,65812.35
15575759,Customer 15575759,Savings,Spain,54428.37
15567442,Customer 15567442,Savings,France,0.00
15746805,Customer 15746805,Savings,France,0.00
15636330,Customer 15636330,Savings,Germany,143279.58
15714970,Customer 15714970,Savings,Germany,103846.65
15653784,Customer 15653784,Savings,France,125190.86
15693543,Customer 15693543,Savings,France,0.00
15773283,Customer 15773283,Savings,France,38340.02
15742534,Customer 15742534,Savings,Germany,123802.98
15569878,Customer 15569878,Savings,France,96651.03
15729454,Customer 15729454,Savings,France,0.00
15578375,Customer 15578375,Savings,France,0.00
15785559,Customer 15785559,Savings,France,133237.21
15649414,Customer 15649414,Savings,France,142105.35
15701605,Customer 15701605,Savings,France,166115.42
15686696,Customer 15686696,Savings,France,81070.34
15625586,Customer 15625586,Savings,France,0.00
15654975,Customer 15654975,Savings,France,123835.52
15782993,Customer 15782993,Savings,France,123401.43
15774382,Customer 15774382,Savings,Germany,169377.31
15689602,Customer 15689602,Savings,France,130015.24
15756155,Customer 15756155,Savings,France,0.00
15812647,Customer 15812647,Savings,France,133936.04
15736043,Customer 15736043,Savings,France,114543.27
15696744,Customer 15696744,Savings,France,119794.67
15602572,Customer 15602572,Savings,France,0.00
15674765,Customer 15674765,Savings,Spain,0.00
15678725,Customer 15678725,Savings,France,0.00
15694444,Customer 15694444,Savings,Germany,157138.99
15795878,Customer 15795878,Savings,Spain,0.00
15735346,Customer 15735346,Savings,Germany,136733.24
15687094,Customer 15687094,Savings,Germany,82498.14
15790067,Customer 15790067,Savings,Spain,151914.93
15605742,Customer 15605742,Savings,France,80090.93
15566740,Customer 15566740,Savings,Spain,83739.32
15664897,Customer 15664897,Savings,France,181166.44
15585777,Customer 15585777,Savings,France,130588.82
15650864,Customer 15650864,Savings,France,0.00
15806709,Customer 15806709,Savings,Germany,94126.67
15633818,Customer 15633818,Savings,France,0.00
15713845,Customer 15713845,Savings,France,148045.68
15639662,Customer 15639662,Savings,France,0.00
15567013,Customer 15567013,Savings,Spain,0.00
15777784,Customer 15777784,Savings,France,168165.84
15800251,Customer 15800251,Savings,Germany,72835.56
15651315,Customer 15651315,Savings,France,0.00
15651450,Customer 15651450,Savings,Germany,123212.08
15784218,Customer 15784218,Savings,Spain,0.00
15572398,Customer 15572398,Savings,Spain,0.00
15707962,Customer 15707962,Savings,France,119501.88
15705663,Customer 15705663,Savings,Germany,144550.83
15645355,Customer 15645355,Savings,Germany,126729.41
15729557,Customer 15729557,Savings,Germany,119984.07
15631436,Customer 15631436,Savings,France,0.00
15583073,Customer 15583073,Savings,Spain,0.00
15614361,Customer 15614361,Savings,Spain,121490.05
15724684,Customer 15724684,Savings,Spain,91897.80
15700083,Customer 15700083,Savings,Spain,139443.75
15636541,Customer 15636541,Savings,Germany,144961.97
15796015,Customer 15796015,Savings,Germany,126041.02
15787222,Customer 15787222,Savings,Germany,69459.05
15594270,Customer 15594270,Savings,France,198338.77
15701524,Customer 15701524,Savings,France,0.00
15645847,Customer 15645847,Savings,Germany,109196.66
15708867,Customer 15708867,Savings,Spain,134168.50
15613140,Customer 15613140,Savings,France,0.00
15628893,Customer 15628893,Savings,France,0.00
15764073,Customer 15764073,Savings,Spain,0.00
15782879,Customer 15782879,Savings,France,0.00
15635964,Customer 15635964,Savings,Germany,120100.41
15726087,Customer 15726087,Savings,France,0.00
15726313,Customer 15726313,Savings,Spain,0.00
15578073,Customer 15578073,Savings,Spain,0.00
15786249,Customer 15786249,Savings,Spain,0.00
15812850,Customer 15812850,Savings,Spain,0.00
15596972,Customer 15596972,Savings,France,0.00
15620579,Customer 15620579,Savings,Spain,0.00
15768270,Customer 15768270,Savings,Spain,0.00
15656597,Customer 15656597,Savings,Germany,135559.80
15699446,Customer 15699446,Savings,Germany,150355.35
15615004,Customer 15615004,Savings,France,0.00
15704771,Customer 15704771,Savings,France,133489.12
15588372,Customer 15588372,Savings,Germany,105489.31
15681439,Customer 15681439,Savings,Germany,60205.20
15607509,Customer 15607509,Savings,France,0.00
15670343,Customer 15670343,Savings,Spain,0.00
15597968,Customer 15597968,Savings,Spain,0.00
15658432,Customer 15658432,Savings,France,0.00
15616431,Customer 15616431,Savings,France,0.00
15796957,Customer 15796957,Savings,Spain,0.00
15815552,Customer 15815552,Savings,France,112333.63
15631871,Customer 15631871,Savings,Germany,116936.81
15635870,Customer 15635870,Savings,Germany,117721.02
15596713,Customer 15596713,Savings,France,165896.22
15684211,Customer 15684211,Savings,Spain,153656.85
15760521,Customer 15760521,Savings,France,94164.00
15608408,Customer 15608408,Savings,Spain,0.00
15804721,Customer 15804721,Savings,France,191808.73
15730272,Customer 15730272,Savings,France,152199.33
15741988,Customer 15741988,Savings,Germany,125396.24
15771728,Customer 15771728,Savings,Germany,104405.54
15605113,Customer 15605113,Savings,France,133801.49
15661945,Customer 15661945,Savings,Spain,0.00
15783816,Customer 15783816,Savings,France,0.00
15721207,Customer 15721207,Savings,Germany,100047.33
15764072,Customer 15764072,Savings,France,109848.60
15689412,Customer 15689412,Savings,France,127849.38
15798385,Customer 15798385,Savings,Spain,0.00
15775339,Customer 15775339,Savings,France,95947.76
15585256,Customer 15585256,Savings,Spain,0.00
15797329,Customer 15797329,Savings,France,137638.69
15780220,Customer 15780220,Savings,France,0.00
15648951,Customer 15648951,Savings,Spain,0.00
15752409,Customer 15752409,Savings,France,0.00
15807524,Customer 15807524,Savings,France,0.00
15766649,Customer 15766649,Savings,France,89416.99
15696812,Customer 15696812,Savings,Spain,0.00
15581295,Customer 15581295,Savings,Spain,0.00
15663234,Customer 15663234,Savings,France,143262.04
15741417,Customer 15741417,Savings,Spain,119656.45
15695174,Customer 15695174,Savings,France,132954.64
15665168,Customer 15665168,Savings,Germany,105206.70
15601503,Customer 15601503,Savings,Spain,0.00
15706131,Customer 15706131,Savings,Spain,83061.26
15782758,Customer 15782758,Savings,France,147650.68
15591091,Customer 15591091,Savings,France,73348.56
15715877,Customer 15715877,Savings,France,0.00
15756918,Customer 15756918,Savings,France,0.00
15746662,Customer 15746662,Savings,Spain,116320.68
15626679,Customer 15626679,Savings,France,0.00
15793343,Customer 15793343,Savings,France,0.00
15576774,Customer 15576774,Savings,France,0.00
15801316,Customer 15801316,Savings,France,66250.71
15800514,Customer 15800514,Savings,Germany,95675.62
15662232,Customer 15662232,Savings,Germany,92616.64
15737778,Customer 15737778,Savings,Spain,0.00
15782096,Customer 15782096,Savings,Spain,0.00
15783522,Customer 15783522,Savings,Spain,100565.94
15785373,Customer 15785373,Savings,Spain,190305.78
15756272,Customer 15756272,Savings,Germany,118536.40
15615245,Customer 15615245,Savings,France,127649.64
15600174,Customer 15600174,Savings,France,165358.77
15752956,Customer 15752956,Savings,Spain,0.00
15644882,Customer 15644882,Savings,Germany,78249.53
15766272,Customer 15766272,Savings,Germany,125193.96
15800620,Customer 15800620,Savings,France,0.00
15569764,Customer 15569764,Savings,Germany,154007.21
15747458,Customer 15747458,Savings,Spain,133214.88
15573171,Customer 15573171,Savings,Spain,146202.93
15736769,Customer 15736769,Savings,France,0.00
15763381,Customer 15763381,Savings,France,90963.49
15814430,Customer 15814430,Savings,Spain,0.00
15638607,Customer 15638607,Savings,France,0.00
15737133,Customer 15737133,Savings,Spain,114386.85
15613945,Customer 15613945,Savings,France,0.00
15659937,Customer 15659937,Savings,France,0.00
15765287,Customer 15765287,Savings,France,0.00
15661723,Customer 15661723,Savings,Spain,137260.78
15766064,Customer 15766064,Savings,France,111060.05
15649616,Customer 15649616,Savings,Spain,124447.73
15719017,Customer 15719017,Savings,France,0.00
15720919,Customer 15720919,Savings,France,0.00
15706706,Customer 15706706,Savings,Germany,135310.41
15709653,Customer 15709653,Savings,France,0.00
15805104,Customer 15805104,Savings,France,0.00
15622442,Customer 15622442,Savings,France,0.00
15572801,Customer 15572801,Savings,Spain,139393.19
15767598,Customer 15767598,Savings,Spain,0.00
15757897,Customer 15757897,Savings,France,104258.80
15568104,Customer 15568104,Savings,France,0.00
15763414,Customer 15763414,Savings,Germany,113447.01
15732265,Customer 15732265,Savings,France,0.00
15621974,Customer 15621974,Savings,Germany,111063.73
15803947,Customer 15803947,Savings,Germany,161378.02
15720706,Customer 15720706,Savings,Spain,82766.43
15759290,Customer 15759290,Savings,Spain,0.00
15651664,Customer 15651664,Savings,France,104267.70
15795132,Customer 15795132,Savings,France,91718.80
15811565,Customer 15811565,Savings,Spain,63488.70
15713774,Customer 15713774,Savings,Spain,12459.19
15691840,Customer 15691840,Savings,Germany,159863.90
15682021,Customer 15682021,Savings,Germany,104592.55
15612931,Customer 15612931,Savings,Spain,132088.59
15676707,Customer 15676707,Savings,Spain,0.00
15601383,Customer 15601383,Savings,Spain,120654.68
15662662,Customer 15662662,Savings,France,0.00
15752694,Customer 15752694,Savings,France,83772.95
15590683,Customer 15590683,Savings,France,172325.67
15773591,Customer 15773591,Savings,France,117685.31
15723620,Customer 15723620,Savings,France,0.00
15671779,Customer 15671779,Savings,France,0.00
15672966,Customer 15672966,Savings,Spain,0.00
15624667,Customer 15624667,Savings,France,135871.50
15812888,Customer 15812888,Savings,France,0.00
15724154,Customer 15724154,Savings,Germany,128504.76
15749540,Customer 15749540,Savings,France,0.00
15621063,Customer 15621063,Savings,France,56228.25
15661626,Customer 15661626,Savings,Germany,98792.40
15698703,Customer 15698703,Savings,Germany,181768.32
15801431,Customer 15801431,Savings,Spain,101198.01
15649451,Customer 15649451,Savings,France,0.00
15626156,Customer 15626156,Savings,France,0.00
15606158,Customer 15606158,Savings,France,0.00
15589496,Customer 15589496,Savings,France,139064.06
15730345,Customer 15730345,Savings,France,104508.10
15572038,Customer 15572038,Savings,Germany,113948.58
15643439,Customer 15643439,Savings,France,0.00
15604158,Customer 15604158,Savings,France,0.00
15657396,Customer 15657396,Savings,France,0.00
15709478,Customer 15709478,Savings,Germany,117524.72
15628824,Customer 15628824,Savings,France,160389.82
15814519,Customer 15814519,Savings,France,0.00
15636520,Customer 15636520,Savings,France,125547.53
15794414,Customer 15794414,Savings,Spain,92783.68
15643671,Customer 15643671,Savings,Germany,97036.22
15700650,Customer 15700650,Savings,France,0.00
15680224,Customer 15680224,Savings,France,0.00
15784286,Customer 15784286,Savings,Spain,102145.13
15693996,Customer 15693996,Savings,France,113452.66
15764343,Customer 15764343,Savings,Spain,155681.72
15704168,Customer 15704168,Savings,Germany,127475.24
15680197,Customer 15680197,Savings,France,0.00
15633729,Customer 15633729,Savings,France,112751.13
15577683,Customer 15577683,Savings,France,0.00
15800746,Customer 15800746,Savings,France,144889.18
15788686,Customer 15788686,Savings,Spain,0.00
15742798,Customer 15742798,Savings,France,150126.44
15596647,Customer 15596647,Savings,France,69712.74
15756070,Customer 15756070,Savings,Spain,0.00
15775116,Customer 15775116,Savings,France,0.00
15575428,Customer 15575428,Savings,Germany,117438.92
15654074,Customer 15654074,Savings,France,119315.75
15695872,Customer 15695872,Savings,France,89571.59
15568885,Customer 15568885,Savings,Germany,102251.57
15725036,Customer 15725036,Savings,France,118546.71
15632665,Customer 15632665,Savings,France,0.00
15571476,Customer 15571476,Savings,Spain,103257.14
15776850,Customer 15776850,Savings,Spain,124209.02
15623649,Customer 15623649,Savings,Spain,0.00
15751131,Customer 15751131,Savings,Spain,150302.84
15688128,Customer 15688128,Savings,Spain,108653.93
15678412,Customer 15678412,Savings,France,85325.93
15770291,Customer 15770291,Savings,France,0.00
15583392,Customer 15583392,Savings,Germany,135776.36
15690731,Customer 15690731,Savings,France,131411.24
15697948,Customer 15697948,Savings,Spain,0.00
15608328,Customer 15608328,Savings,Spain,0.00
15766378,Customer 15766378,Savings,Germany,106431.97
15600813,Customer 15600813,Savings,France,90305.76
15706217,Customer 15706217,Savings,Germany,117466.03
15601417,Customer 15601417,Savings,France,148884.47
15610972,Customer 15610972,Savings,Germany,91115.76
15674620,Customer 15674620,Savings,Germany,77373.87
15785350,Customer 15785350,Savings,Spain,104744.89
15749119,Customer 15749119,Savings,France,0.00
15756535,Customer 15756535,Savings,Germany,91538.51
15700965,Customer 15700965,Savings,France,0.00
15791851,Customer 15791851,Savings,France,185734.75
15717156,Customer 15717156,Savings,France,143396.54
15740846,Customer 15740846,Savings,France,125909.85
15573284,Customer 15573284,Savings,France,0.00
15729083,Customer 15729083,Savings,France,154525.70
15611612,Customer 15611612,Savings,France,0.00
15694381,Customer 15694381,Savings,France,100654.80
15651737,Customer 15651737,Savings,Spain,83325.77
15663168,Customer 15663168,Savings,France,110934.54
15643426,Customer 15643426,Savings,Spain,113680.54
15618245,Customer 15618245,Savings,Germany,117020.08
15717527,Customer 15717527,Savings,France,145359.99
15793478,Customer 15793478,Savings,Germany,151391.68
15642248,Customer 15642248,Savings,Spain,123935.35
15640377,Customer 15640377,Savings,France,0.00
15723950,Customer 15723950,Savings,Spain,70291.02
15590327,Customer 15590327,Savings,Germany,166031.45
15706199,Customer 15706199,Savings,Germany,96643.32
15671514,Customer 15671514,Savings,Spain,0.00
15727041,Customer 15727041,Savings,France,0.00
15738063,Customer 15738063,Savings,France,0.00
15711733,Customer 15711733,Savings,France,0.00
15652320,Customer 15652320,Savings,France,0.00
15634180,Customer 15634180,Savings,Germany,97268.10
15694566,Customer 15694566,Savings,France,0.00
15726103,Customer 15726103,Savings,Germany,76296.81
15646351,Customer 15646351,Savings,Spain,0.00
15730044,Customer 15730044,Savings,Germany,64497.94
15795186,Customer 15795186,Savings,France,0.00
15784890,Customer 15784890,Savings,Spain,0.00
15694125,Customer 15694125,Savings,France,0.00
15565891,Customer 15565891,Savings,France,0.00
15674254,Customer 15674254,Savings,Spain,0.00
15775206,Customer 15775206,Savings,France,0.00
15797627,Customer 15797627,Savings,Spain,134249.70
15649853,Customer 15649853,Savings,France,0.00
15610379,Customer 15610379,Savings,France,105443.68
15659800,Customer 15659800,Savings,Spain,0.00
15716236,Customer 15716236,Savings,France,0.00
15672053,Customer 15672053,Savings,Spain,0.00
15663933,Customer 15663933,Savings,Germany,86147.46
15814236,Customer 15814236,Savings,Spain,96939.06
15583597,Customer 15583597,Savings,Spain,106758.60
15607395,Customer 15607395,Savings,France,112528.65
15694556,Customer 15694556,Savings,France,116563.58
15744109,Customer 15744109,Savings,France,0.00
15800688,Customer 15800688,Savings,Spain,0.00
15810878,Customer 15810878,Savings,Spain,141786.78
15587835,Customer 15587835,Savings,France,136416.82
15763515,Customer 15763515,Savings,France,0.00
15725882,Customer 15725882,Savings,Germany,133245.52
15788022,Customer 15788022,Savings,Germany,90757.64
15663917,Customer 15663917,Savings,France,92350.36
15656865,Customer 15656865,Savings,Germany,78778.49
15667971,Customer 15667971,Savings,Germany,102143.93
15800366,Customer 15800366,Savings,France,0.00
15717231,Customer 15717231,Savings,Germany,98459.60
15643188,Customer 15643188,Savings,Germany,114603.76
15671351,Customer 15671351,Savings,Spain,0.00
15573628,Customer 15573628,Savings,Germany,148074.79
15698953,Customer 15698953,Savings,Spain,0.00
15753888,Customer 15753888,Savings,Spain,108004.64
15737961,Customer 15737961,Savings,Germany,107712.57
15801701,Customer 15801701,Savings,Spain,0.00
15684419,Customer 15684419,Savings,Spain,0.00
15794266,Customer 15794266,Savings,France,145303.52
15810711,Customer 15810711,Savings,Germany,138476.41
15771270,Customer 15771270,Savings,France,127471.56
15607786,Customer 15607786,Savings,France,156551.63
15624519,Customer 15624519,Savings,Germany,97092.87
15799910,Customer 15799910,Savings,France,0.00
15602479,Customer 15602479,Savings,Spain,129312.79
15617419,Customer 15617419,Savings,Germany,100315.10
15657603,Customer 15657603,Savings,France,81684.97
15570379,Customer 15570379,Savings,Spain,88827.53
15772996,Customer 15772996,Savings,Germany,152092.44
15729574,Customer 15729574,Savings,Spain,0.00
15737267,Customer 15737267,Savings,France,0.00
15799128,Customer 15799128,Savings,Spain,102406.76
15813327,Customer 15813327,Savings,France,109130.96
15711921,Customer 15711921,Savings,France,0.00
15654300,Customer 15654300,Savings,Germany,75242.28
15569945,Customer 15569945,Savings,Spain,0.00
15569666,Customer 15569666,Savings,France,0.00
15681887,Customer 15681887,Savings,Germany,129142.54
15608873,Customer 15608873,Savings,France,0.00
15762091,Customer 15762091,Savings,Germany,139129.92
15722053,Customer 15722053,Savings,Spain,0.00
15782100,Customer 15782100,Savings,Spain,66483.32
15765300,Customer 15765300,Savings,Germany,62389.03
15743570,Customer 15743570,Savings,France,0.00
15608541,Customer 15608541,Savings,France,91857.66
15750671,Customer 15750671,Savings,Spain,0.00
15813659,Customer 15813659,Savings,France,0.00
15757867,Customer 15757867,Savings,France,176173.52
15652914,Customer 15652914,Savings,Spain,0.00
15723818,Customer 15723818,Savings,France,131834.76
15713819,Customer 15713819,Savings,France,92347.96
15656484,Customer 15656484,Savings,France,0.00
15778515,Customer 15778515,Savings,France,95297.11
15803840,Customer 15803840,Savings,France,0.00
15735339,Customer 15735339,Savings,France,0.00
15600392,Customer 15600392,Savings,France,123845.36
15625740,Customer 15625740,Savings,Germany,143426.34
15663817,Customer 15663817,Savings,France,0.00
15734461,Customer 15734461,Savings,Germany,112708.20
15780142,Customer 15780142,Savings,France,100013.51
15709920,Customer 15709920,Savings,France,208165.53
15684248,Customer 15684248,Savings,Spain,0.00
15643158,Customer 15643158,Savings,France,0.00
15693902,Customer 15693902,Savings,France,0.00
15578307,Customer 15578307,Savings,France,121685.31
15585379,Customer 15585379,Savings,France,111525.02
15758510,Customer 15758510,Savings,France,0.00
15692918,Customer 15692918,Savings,Germany,113546.30
15705301,Customer 15705301,Savings,France,95696.52
15718231,Customer 15718231,Savings,France,88963.31
15567991,Customer 15567991,Savings,Spain,144880.34
15772650,Customer 15772650,Savings,France,136576.02
15574795,Customer 15574795,Savings,France,63093.01
15706036,Customer 15706036,Savings,Germany,132271.12
15723856,Customer 15723856,Savings,France,88814.40
15812920,Customer 15812920,Savings,Germany,90594.55
15691287,Customer 15691287,Savings,Germany,141816.25
15804797,Customer 15804797,Savings,France,138547.97
15708650,Customer 15708650,Savings,France,52192.08
15712777,Customer 15712777,Savings,France,124976.19
15786469,Customer 15786469,Savings,France,0.00
15669219,Customer 15669219,Savings,Germany,104356.38
15641004,Customer 15641004,Savings,Spain,150315.92
15648067,Customer 15648067,Savings,France,129299.28
15704014,Customer 15704014,Savings,Germany,140950.92
15645136,Customer 15645136,Savings,Spain,128065.12
15709604,Customer 15709604,Savings,France,107433.48
15713637,Customer 15713637,Savings,France,117468.67
15793901,Customer 15793901,Savings,France,0.00
15569759,Customer 15569759,Savings,France,0.00
15712930,Customer 15712930,Savings,France,0.00
15586504,Customer 15586504,Savings,France,0.00
15677317,Customer 15677317,Savings,France,153040.03
15664270,Customer 15664270,Savings,Germany,142084.04
15731519,Customer 15731519,Savings,France,0.00
15745623,Customer 15745623,Savings,France,112079.58
15813862,Customer 15813862,Savings,Spain,132044.60
15641934,Customer 15641934,Savings,Spain,66582.81
15713043,Customer 15713043,Savings,France,0.00
15700749,Customer 15700749,Savings,France,0.00
15697567,Customer 15697567,Savings,France,0.00
15715414,Customer 15715414,Savings,France,102895.10
15639530,Customer 15639530,Savings,Spain,0.00
15726058,Customer 15726058,Savings,Germany,117578.35
15725665,Customer 15725665,Savings,France,198546.10
15698872,Customer 15698872,Savings,Spain,0.00
15812184,Customer 15812184,Savings,France,0.00
15742609,Customer 15742609,Savings,Germany,116623.31
15815043,Customer 15815043,Savings,Spain,0.00
15640648,Customer 15640648,Savings,France,0.00
15627203,Customer 15627203,Savings,Spain,0.00
15786196,Customer 15786196,Savings,France,105770.70
15612095,Customer 15612095,Savings,France,0.00
15674368,Customer 15674368,Savings,France,94435.45
15783477,Customer 15783477,Savings,Germany,112889.91
15757559,Customer 15757559,Savings,France,0.00
15591036,Customer 15591036,Savings,Germany,127940.47
15761241,Customer 15761241,Savings,Germany,129745.10
15695078,Customer 15695078,Savings,France,0.00
15645744,Customer 15645744,Savings,France,0.00
15566988,Customer 15566988,Savings,Germany,141535.52
15749300,Customer 15749300,Savings,France,139914.27
15594340,Customer 15594340,Savings,France,120243.49
15607065,Customer 15607065,Savings,France,91835.16
15778089,Customer 15778089,Savings,Spain,0.00
15773723,Customer 15773723,Savings,Spain,67178.19
15697035,Customer 15697035,Savings,Spain,0.00
15679668,Customer 15679668,Savings,Spain,115378.94
15709861,Customer 15709861,Savings,Germany,127786.28
15791958,Customer 15791958,Savings,France,0.00
15791030,Customer 15791030,Savings,France,64900.32
15695339,Customer 15695339,Savings,Germany,109172.88
15658813,Customer 15658813,Savings,France,0.00
15715709,Customer 15715709,Savings,Germany,114091.38
15722533,Customer 15722533,Savings,France,0.00
15683118,Customer 15683118,Savings,France,0.00
15672798,Customer 15672798,Savings,France,145933.27
15680112,Customer 15680112,Savings,Germany,131504.73
15714575,Customer 15714575,Savings,Germany,107926.02
15806808,Customer 15806808,Savings,Germany,112281.60
15590637,Customer 15590637,Savings,France,0.00
15657535,Customer 15657535,Savings,Spain,0.00
15696141,Customer 15696141,Savings,Spain,0.00
15811947,Customer 15811947,Savings,France,124781.67
15649024,Customer 15649024,Savings,France,132865.56
15594928,Customer 15594928,Savings,Germany,129055.13
15765532,Customer 15765532,Savings,Germany,96166.88
15741719,Customer 15741719,Savings,France,165298.12
15665629,Customer 15665629,Savings,Spain,0.00
15728917,Customer 15728917,Savings,France,120682.53
15762993,Customer 15762993,Savings,Spain,102773.15
15571193,Customer 15571193,Savings,Germany,144386.32
15653521,Customer 15653521,Savings,Germany,104449.80
15802220,Customer 15802220,Savings,Spain,137102.65
15644132,Customer 15644132,Savings,France,142475.87
15600832,Customer 15600832,Savings,France,0.00
15797919,Customer 15797919,Savings,Spain,103195.20
15603743,Customer 15603743,Savings,France,112070.44
15579714,Customer 15579714,Savings,France,0.00
15634295,Customer 15634295,Savings,France,96473.59
15786680,Customer 15786680,Savings,Spain,0.00
15623499,Customer 15623499,Savings,Germany,108437.89
15691823,Customer 15691823,Savings,France,153195.59
15809279,Customer 15809279,Savings,France,96877.21
15758039,Customer 15758039,Savings,France,0.00
15807163,Customer 15807163,Savings,France,0.00
15631639,Customer 15631639,Savings,France,95452.89
15713770,Customer 15713770,Savings,Spain,63873.56
15698167,Customer 15698167,Savings,France,148298.59
15781710,Customer 15781710,Savings,Spain,0.00
15801296,Customer 15801296,Savings,Germany,143258.85
15704378,Customer 15704378,Savings,Germany,121342.24
15767891,Customer 15767891,Savings,Germany,99152.73
15640667,Customer 15640667,Savings,France,0.00
15702145,Customer 15702145,Savings,Spain,68423.89
15679738,Customer 15679738,Savings,Spain,0.00
15636634,Customer 15636634,Savings,Germany,79656.81
15809227,Customer 15809227,Savings,France,0.00
15601811,Customer 15601811,Savings,France,110240.04
15625494,Customer 15625494,Savings,France,125321.84
15723737,Customer 15723737,Savings,France,0.00
15682955,Customer 15682955,Savings,France,84378.90
15758856,Customer 15758856,Savings,France,0.00
15746065,Customer 15746065,Savings,Germany,136281.41
15783865,Customer 15783865,Savings,France,119380.37
15745455,Customer 15745455,Savings,Germany,108716.59
15583033,Customer 15583033,Savings,France,0.00
15644212,Customer 15644212,Savings,Spain,0.00
15735688,Customer 15735688,Savings,France,106596.29
15658577,Customer 15658577,Savings,France,99546.25
15606887,Customer 15606887,Savings,France,0.00
15783026,Customer 15783026,Savings,France,0.00
15579892,Customer 15579892,Savings,Spain,112615.86
15802088,Customer 15802088,Savings,Spain,0.00
15589323,Customer 15589323,Savings,France,0.00
15636395,Customer 15636395,Savings,France,0.00
15712772,Customer 15712772,Savings,France,75381.15
15700937,Customer 15700937,Savings,Spain,0.00
15766659,Customer 15766659,Savings,Spain,0.00
15814033,Customer 15814033,Savings,Spain,0.00
15783007,Customer 15783007,Savings,Germany,123086.39
15654183,Customer 15654183,Savings,France,0.00
15609899,Customer 15609899,Savings,Spain,0.00
15747323,Customer 15747323,Savings,Spain,109472.47
15582591,Customer 15582591,Savings,Spain,155766.05
15738835,Customer 15738835,Savings,Germany,101985.81
15782404,Customer 15782404,Savings,France,96019.50
15697480,Customer 15697480,Savings,France,0.00
15697045,Customer 15697045,Savings,Spain,0.00
15781234,Customer 15781234,Savings,France,147900.43
15579891,Customer 15579891,Savings,France,100755.66
15805690,Customer 15805690,Savings,Spain,0.00
15612139,Customer 15612139,Savings,France,83036.05
15568834,Customer 15568834,Savings,Spain,125427.37
15709917,Customer 15709917,Savings,France,98202.76
15718843,Customer 15718843,Savings,Spain,72509.91
15799494,Customer 15799494,Savings,Germany,140393.65
15673439,Customer 15673439,Savings,Spain,142644.64
15669011,Customer 15669011,Savings,France,23503.31
15581388,Customer 15581388,Savings,Spain,145729.71
15743153,Customer 15743153,Savings,Germany,122295.17
15579787,Customer 15579787,Savings,France,0.00
15759966,Customer 15759966,Savings,Spain,119799.27
15601045,Customer 15601045,Savings,Spain,163708.58
15764021,Customer 15764021,Savings,France,61687.33
15687218,Customer 15687218,Savings,France,79144.34
15626452,Customer 15626452,Savings,Spain,0.00
15700964,Customer 15700964,Savings,Germany,104848.68
15768887,Customer 15768887,Savings,Spain,0.00
15735358,Customer 15735358,Savings,Spain,0.00
15749472,Customer 15749472,Savings,France,0.00
15685872,Customer 15685872,Savings,France,146652.01
15760851,Customer 15760851,Savings,France,0.00
15734588,Customer 15734588,Savings,France,0.00
15784594,Customer 15784594,Savings,Germany,130622.34
15606435,Customer 15606435,Savings,Germany,187013.13
15790247,Customer 15790247,Savings,Spain,0.00
15676433,Customer 15676433,Savings,France,0.00
15625905,Customer 15625905,Savings,Spain,0.00
15626414,Customer 15626414,Savings,France,98862.54
15623220,Customer 15623220,Savings,Spain,0.00
15752857,Customer 15752857,Savings,Germany,98443.14
15677908,Customer 15677908,Savings,Spain,0.00
15773013,Customer 15773013,Savings,France,0.00
15623972,Customer 15623972,Savings,Germany,123575.51
15738627,Customer 15738627,Savings,France,0.00
15643392,Customer 15643392,Savings,France,105239.10
15684868,Customer 15684868,Savings,Germany,110993.79
15627854,Customer 15627854,Savings,Spain,0.00
15669253,Customer 15669253,Savings,Spain,157691.98
15758023,Customer 15758023,Savings,Germany,105245.21
15574558,Customer 15574558,Savings,Spain,0.00
15635256,Customer 15635256,Savings,France,117687.35
15680399,Customer 15680399,Savings,France,0.00
15674720,Customer 15674720,Savings,Germany,123067.63
15580249,Customer 15580249,Savings,France,0.00
15675431,Customer 15675431,Savings,France,0.00
15698285,Customer 15698285,Savings,France,101457.14
15810775,Customer 15810775,Savings,Spain,100549.43
15678173,Customer 15678173,Savings,Spain,174588.80
15665222,Customer 15665222,Savings,Spain,121161.57
15803908,Customer 15803908,Savings,France,0.00
15586039,Customer 15586039,Savings,Germany,90063.74
15802570,Customer 15802570,Savings,France,0.00
15781451,Customer 15781451,Savings,France,134936.97
15721019,Customer 15721019,Savings,France,110495.27
15738588,Customer 15738588,Savings,Germany,133200.09
15730657,Customer 15730657,Savings,France,82596.80
15739292,Customer 15739292,Savings,Germany,103837.75
15725945,Customer 15725945,Savings,Spain,0.00
15813159,Customer 15813159,Savings,France,93590.47
15636820,Customer 15636820,Savings,Germany,104149.66
15603880,Customer 15603880,Savings,Germany,114141.64
15619494,Customer 15619494,Savings,Germany,117153.00
15596992,Customer 15596992,Savings,Germany,156353.46
15735025,Customer 15735025,Savings,Spain,175534.78
15730759,Customer 15730759,Savings,France,135637.00
15752912,Customer 15752912,Savings,France,0.00
15711316,Customer 15711316,Savings,France,0.00
15738785,Customer 15738785,Savings,France,0.00
15777896,Customer 15777896,Savings,Germany,83415.04
15628963,Customer 15628963,Savings,Germany,141859.12
15742126,Customer 15742126,Savings,Germany,132767.66
15575623,Customer 15575623,Savings,France,110635.32
15741652,Customer 15741652,Savings,Spain,177657.35
15738884,Customer 15738884,Savings,Germany,157777.58
15615050,Customer 15615050,Savings,Germany,107915.94
15803005,Customer 15803005,Savings,Germany,86568.75
15743498,Customer 15743498,Savings,Germany,137755.76
15720463,Customer 15720463,Savings,France,137262.71
15588695,Customer 15588695,Savings,Spain,0.00
15665802,Customer 15665802,Savings,Spain,0.00
15571144,Customer 15571144,Savings,France,0.00
15750731,Customer 15750731,Savings,Germany,116309.01
15605134,Customer 15605134,Savings,France,131244.65
15626044,Customer 15626044,Savings,Germany,125155.83
15737910,Customer 15737910,Savings,Germany,140691.08
15761076,Customer 15761076,Savings,France,58820.32
15710105,Customer 15710105,Savings,Germany,105099.45
15577402,Customer 15577402,Savings,France,0.00
15803337,Customer 15803337,Savings,France,168372.52
15654372,Customer 15654372,Savings,Germany,94682.56
15585867,Customer 15585867,Savings,Spain,0.00
15662488,Customer 15662488,Savings,France,0.00
15604813,Customer 15604813,Savings,France,0.00
15611644,Customer 15611644,Savings,France,146329.73
15674928,Customer 15674928,Savings,Spain,0.00
15656100,Customer 15656100,Savings,France,167962.70
15764293,Customer 15764293,Savings,France,0.00
15636423,Customer 15636423,Savings,France,0.00
15607629,Customer 15607629,Savings,France,0.00
15577313,Customer 15577313,Savings,France,116967.68
15714493,Customer 15714493,Savings,Spain,0.00
15643359,Customer 15643359,Savings,Spain,0.00
15687913,Customer 15687913,Savings,Germany,93244.42
15790935,Customer 15790935,Savings,France,0.00
15708693,Customer 15708693,Savings,France,0.00
15672016,Customer 15672016,Savings,France,0.00
15727605,Customer 15727605,Savings,Germany,80442.06
15651144,Customer 15651144,Savings,Germany,150561.03
15749401,Customer 15749401,Savings,France,0.00
15691874,Customer 15691874,Savings,France,125474.44
15620735,Customer 15620735,Savings,Germany,127076.68
15769781,Customer 15769781,Savings,Spain,0.00
15624611,Customer 15624611,Savings,Spain,128650.11
15773071,Customer 15773071,Savings,Spain,145580.61
15720371,Customer 15720371,Savings,France,0.00
15717984,Customer 15717984,Savings,France,144900.58
15806407,Customer 15806407,Savings,France,0.00
15785042,Customer 15785042,Savings,France,97588.60
15809302,Customer 15809302,Savings,France,0.00
15677550,Customer 15677550,Savings,France,0.00
15654096,Customer 15654096,Savings,Germany,122200.31
15617320,Customer 15617320,Savings,Spain,151709.33
15653065,Customer 15653065,Savings,Spain,0.00
15649112,Customer 15649112,Savings,Spain,122134.40
15690526,Customer 15690526,Savings,Germany,137260.45
15806945,Customer 15806945,Savings,France,88594.14
15670066,Customer 15670066,Savings,Spain,0.00
15625761,Customer 15625761,Savings,Germany,127205.32
15761525,Customer 15761525,Savings,Spain,96997.09
15735080,Customer 15735080,Savings,France,0.00
15619537,Customer 15619537,Savings,France,142200.19
15598162,Customer 15598162,Savings,Germany,160761.41
15694300,Customer 15694300,Savings,France,0.00
15637235,Customer 15637235,Savings,Spain,0.00
15612444,Customer 15612444,Savings,France,0.00
15626457,Customer 15626457,Savings,France,116234.61
15627995,Customer 15627995,Savings,Germany,155143.52
15706128,Customer 15706128,Savings,France,0.00
15666430,Customer 15666430,Savings,France,0.00
15627385,Customer 15627385,Savings,France,84009.47
15581323,Customer 15581323,Savings,Germany,139246.22
15608109,Customer 15608109,Savings,Germany,170113.00
15801942,Customer 15801942,Savings,Spain,0.00
15567431,Customer 15567431,Savings,France,145578.28
15810167,Customer 15810167,Savings,Spain,126273.95
15644501,Customer 15644501,Savings,France,162482.76
15785290,Customer 15785290,Savings,France,0.00
15611157,Customer 15611157,Savings,France,87814.89
15673837,Customer 15673837,Savings,Spain,113858.95
15656822,Customer 15656822,Savings,Germany,87612.64
15580560,Customer 15580560,Savings,France,0.00
15760641,Customer 15760641,Savings,Germany,106648.98
15587584,Customer 15587584,Savings,Spain,0.00
15604146,Customer 15604146,Savings,Germany,103653.51
15813974,Customer 15813974,Savings,Germany,116880.53
15746986,Customer 15746986,Savings,Germany,97990.49
15759741,Customer 15759741,Savings,Germany,150635.30
15734892,Customer 15734892,Savings,Spain,0.00
15797194,Customer 15797194,Savings,France,129674.89
15723786,Customer 15723786,Savings,France,0.00
15642726,Customer 15642726,Savings,France,83568.26
15664339,Customer 15664339,Savings,Spain,178144.91
15754526,Customer 15754526,Savings,Germany,147137.74
15703037,Customer 15703037,Savings,France,0.00
15751412,Customer 15751412,Savings,France,114370.41
15609558,Customer 15609558,Savings,Germany,108289.28
15572408,Customer 15572408,Savings,Germany,149887.49
15613923,Customer 15613923,Savings,Spain,170172.90
15747000,Customer 15747000,Savings,France,0.00
15731781,Customer 15731781,Savings,France,0.00
15727198,Customer 15727198,Savings,Germany,64808.32
15794273,Customer 15794273,Savings,France,62732.65
15804950,Customer 15804950,Savings,France,0.00
15576304,Customer 15576304,Savings,France,95167.55
15645200,Customer 15645200,Savings,Germany,152508.99
15779627,Customer 15779627,Savings,Germany,134644.19
15750755,Customer 15750755,Savings,Spain,0.00
15569654,Customer 15569654,Savings,Germany,51293.47
15753079,Customer 15753079,Savings,France,0.00
15684995,Customer 15684995,Savings,Spain,116622.73
15790763,Customer 15790763,Savings,Spain,0.00
15766458,Customer 15766458,Savings,France,198113.86
15616221,Customer 15616221,Savings,France,85646.81
15776124,Customer 15776124,Savings,Spain,0.00
15665811,Customer 15665811,Savings,France,141234.98
15729804,Customer 15729804,Savings,France,0.00
15714062,Customer 15714062,Savings,France,77641.99
15592197,Customer 15592197,Savings,Spain,0.00
15793116,Customer 15793116,Savings,Germany,117304.29
15638231,Customer 15638231,Savings,Spain,0.00
15697678,Customer 15697678,Savings,Germany,92340.69
15800412,Customer 15800412,Savings,Germany,146780.52
15597610,Customer 15597610,Savings,Spain,144974.55
15726634,Customer 15726634,Savings,France,0.00
15670866,Customer 15670866,Savings,France,0.00
15667462,Customer 15667462,Savings,Spain,0.00
15662574,Customer 15662574,Savings,Spain,115137.26
15716926,Customer 15716926,Savings,France,101952.97
15603554,Customer 15603554,Savings,France,164649.52
15716800,Customer 15716800,Savings,France,0.00
15679429,Customer 15679429,Savings,France,91956.49
15616122,Customer 15616122,Savings,France,0.00
15742172,Customer 15742172,Savings,Germany,123938.60
15792305,Customer 15792305,Savings,Germany,123571.77
15636016,Customer 15636016,Savings,France,120777.88
15733138,Customer 15733138,Savings,Germany,90248.79
15669741,Customer 15669741,Savings,France,0.00
15616954,Customer 15616954,Savings,France,0.00
15729238,Customer 15729238,Savings,Germany,106396.48
15718242,Customer 15718242,Savings,Germany,104887.43
15682914,Customer 15682914,Savings,France,72079.71
15654274,Customer 15654274,Savings,France,0.00
15691457,Customer 15691457,Savings,Spain,0.00
15719649,Customer 15719649,Savings,France,99844.68
15778897,Customer 15778897,Savings,France,0.00
15589437,Customer 15589437,Savings,France,156815.71
15682369,Customer 15682369,Savings,France,146034.74
15626507,Customer 15626507,Savings,France,152283.39
15571995,Customer 15571995,Savings,Germany,118897.10
15673333,Customer 15673333,Savings,Germany,96781.39
15748752,Customer 15748752,Savings,Germany,102772.67
15725302,Customer 15725302,Savings,Spain,0.00
15722083,Customer 15722083,Savings,Spain,0.00
15771442,Customer 15771442,Savings,France,150578.00
15803633,Customer 15803633,Savings,France,0.00
15672185,Customer 15672185,Savings,France,0.00
15806486,Customer 15806486,Savings,France,0.00
15570895,Customer 15570895,Savings,France,163548.07
15614520,Customer 15614520,Savings,France,148580.12
15687492,Customer 15687492,Savings,Germany,96709.07
15675337,Customer 15675337,Savings,Germany,106011.59
15721047,Customer 15721047,Savings,Germany,135650.88
15589017,Customer 15589017,Savings,Germany,111362.76
15611186,Customer 15611186,Savings,France,39344.83
15617301,Customer 15617301,Savings,Germany,130809.77
15726046,Customer 15726046,Savings,France,133009.51
15585748,Customer 15585748,Savings,Germany,135337.49
15672826,Customer 15672826,Savings,France,112536.57
15595162,Customer 15595162,Savings,Spain,122570.69
15650026,Customer 15650026,Savings,France,63562.02
15745826,Customer 15745826,Savings,France,0.00
15708610,Customer 15708610,Savings,Germany,100368.63
15624471,Customer 15624471,Savings,France,0.00
15590097,Customer 15590097,Savings,Spain,136082.00
15689328,Customer 15689328,Savings,Germany,114169.16
15582154,Customer 15582154,Savings,France,47884.92
15734626,Customer 15734626,Savings,Spain,0.00
15702806,Customer 15702806,Savings,Spain,0.00
15620756,Customer 15620756,Savings,France,202904.64
15611331,Customer 15611331,Savings,France,0.00
15576935,Customer 15576935,Savings,Spain,161807.18
15661275,Customer 15661275,Savings,Germany,110791.97
15814940,Customer 15814940,Savings,Spain,0.00
15768471,Customer 15768471,Savings,Germany,108755.00
15697391,Customer 15697391,Savings,Spain,0.00
15793346,Customer 15793346,Savings,France,0.00
15608338,Customer 15608338,Savings,Spain,117294.12
15578546,Customer 15578546,Savings,Germany,102251.14
15656921,Customer 15656921,Savings,France,0.00
15761340,Customer 15761340,Savings,France,0.00
15591135,Customer 15591135,Savings,France,132057.92
15623219,Customer 15623219,Savings,France,0.00
15655229,Customer 15655229,Savings,Germany,114285.20
15805884,Customer 15805884,Savings,France,0.00
15668289,Customer 15668289,Savings,Spain,76087.98
15568562,Customer 15568562,Savings,France,160272.27
15773276,Customer 15773276,Savings,Spain,114552.60
15622801,Customer 15622801,Savings,France,102000.17
15779886,Customer 15779886,Savings,Spain,0.00
15713673,Customer 15713673,Savings,France,137853.00
15783083,Customer 15783083,Savings,France,0.00
15742824,Customer 15742824,Savings,Germany,162318.61
15621550,Customer 15621550,Savings,Spain,140292.58
15799480,Customer 15799480,Savings,France,0.00
15625247,Customer 15625247,Savings,France,0.00
15755241,Customer 15755241,Savings,France,0.00
15575679,Customer 15575679,Savings,France,126431.54
15668235,Customer 15668235,Savings,France,123475.04
15683183,Customer 15683183,Savings,Germany,97652.96
15684592,Customer 15684592,Savings,Spain,0.00
15591169,Customer 15591169,Savings,Germany,137455.99
15653455,Customer 15653455,Savings,France,0.00
15732563,Customer 15732563,Savings,Germany,99046.31
15656471,Customer 15656471,Savings,France,0.00
15598510,Customer 15598510,Savings,Germany,105907.42
15766427,Customer 15766427,Savings,Germany,97720.35
15785342,Customer 15785342,Savings,France,0.00
15641595,Customer 15641595,Savings,Spain,97392.18
15798429,Customer 15798429,Savings,France,0.00
15648136,Customer 15648136,Savings,Germany,152812.58
15812482,Customer 15812482,Savings,France,139301.68
15790810,Customer 15790810,Savings,France,76319.64
15687421,Customer 15687421,Savings,Spain,125919.35
15765643,Customer 15765643,Savings,France,124348.38
15654878,Customer 15654878,Savings,France,117199.80
15686835,Customer 15686835,Savings,Germany,148384.64
15768340,Customer 15768340,Savings,Germany,113905.48
15673599,Customer 15673599,Savings,Spain,133476.09
15689096,Customer 15689096,Savings,France,117879.32
15684294,Customer 15684294,Savings,France,0.00
15615828,Customer 15615828,Savings,France,122359.50
15746012,Customer 15746012,Savings,Spain,0.00
15615797,Customer 15615797,Savings,Germany,108585.35
15788494,Customer 15788494,Savings,France,145875.74
15793856,Customer 15793856,Savings,Spain,121542.57
15629545,Customer 15629545,Savings,Spain,109508.68
15661198,Customer 15661198,Savings,Germany,146407.11
15715117,Customer 15715117,Savings,France,0.00
15701074,Customer 15701074,Savings,Germany,112330.83
15793046,Customer 15793046,Savings,France,90413.12
15623744,Customer 15623744,Savings,France,105302.66
15611329,Customer 15611329,Savings,Spain,0.00
15740428,Customer 15740428,Savings,France,0.00
15781534,Customer 15781534,Savings,Germany,121520.36
15618243,Customer 15618243,Savings,Spain,103960.38
15784161,Customer 15784161,Savings,Germany,102945.01
15700325,Customer 15700325,Savings,France,92760.55
15659064,Customer 15659064,Savings,Spain,0.00
15658364,Customer 15658364,Savings,Germany,134590.21
15704340,Customer 15704340,Savings,France,104255.03
15793455,Customer 15793455,Savings,Spain,0.00
15579777,Customer 15579777,Savings,France,0.00
15632345,Customer 15632345,Savings,France,0.00
15814468,Customer 15814468,Savings,Germany,121399.98
15754820,Customer 15754820,Savings,Germany,147127.81
15707505,Customer 15707505,Savings,Spain,125927.51
15699507,Customer 15699507,Savings,France,0.00
15799600,Customer 15799600,Savings,Germany,111599.32
15794472,Customer 15794472,Savings,France,0.00
15646632,Customer 15646632,Savings,France,0.00
15676353,Customer 15676353,Savings,France,114212.60
15566312,Customer 15566312,Savings,Spain,0.00
15570414,Customer 15570414,Savings,Spain,115251.64
15776743,Customer 15776743,Savings,France,0.00
15674637,Customer 15674637,Savings,France,107571.61
15730418,Customer 15730418,Savings,France,0.00
15739972,Customer 15739972,Savings,Germany,152367.21
15661591,Customer 15661591,Savings,Germany,130969.77
15675585,Customer 15675585,Savings,Germany,97738.97
15814750,Customer 15814750,Savings,Spain,0.00
15593454,Customer 15593454,Savings,Spain,113794.22
15663421,Customer 15663421,Savings,Spain,128396.33
15576196,Customer 15576196,Savings,Spain,118207.69
15677324,Customer 15677324,Savings,Germany,124730.26
15568742,Customer 15568742,Savings,France,0.00
15693764,Customer 15693764,Savings,Spain,136298.65
15714260,Customer 15714260,Savings,France,0.00
15798200,Customer 15798200,Savings,France,0.00
15656627,Customer 15656627,Savings,France,0.00
15791111,Customer 15791111,Savings,France,125724.95
15638269,Customer 15638269,Savings,France,0.00
15807473,Customer 15807473,Savings,France,0.00
15708534,Customer 15708534,Savings,Spain,0.00
15640686,Customer 15640686,Savings,France,95872.86
15588904,Customer 15588904,Savings,France,0.00
15768763,Customer 15768763,Savings,France,0.00
15770543,Customer 15770543,Savings,France,74260.03
15642162,Customer 15642162,Savings,Germany,123407.69
15714046,Customer 15714046,Savings,Spain,123783.91
15575060,Customer 15575060,Savings,France,0.00
15812040,Customer 15812040,Savings,France,153880.15
15812073,Customer 15812073,Savings,France,0.00
15706810,Customer 15706810,Savings,Germany,106301.85
15584090,Customer 15584090,Savings,Spain,0.00
15810807,Customer 15810807,Savings,France,0.00
15582033,Customer 15582033,Savings,Germany,138076.47
15687607,Customer 15687607,Savings,France,135422.31
15588406,Customer 15588406,Savings,Spain,0.00
15784099,Customer 15784099,Savings,France,126875.62
15701352,Customer 15701352,Savings,Spain,96381.68
15789371,Customer 15789371,Savings,Germany,119703.10
15602845,Customer 15602845,Savings,Germany,152102.18
15707918,Customer 15707918,Savings,Germany,127675.39
15602812,Customer 15602812,Savings,Germany,133776.86
15675888,Customer 15675888,Savings,Spain,72788.03
15591822,Customer 15591822,Savings,Spain,76226.90
15738501,Customer 15738501,Savings,Germany,163630.76
15585907,Customer 15585907,Savings,Spain,0.00
15579040,Customer 15579040,Savings,France,0.00
15804211,Customer 15804211,Savings,France,155423.17
15736126,Customer 15736126,Savings,Germany,98710.89
15745399,Customer 15745399,Savings,Spain,0.00
15760749,Customer 15760749,Savings,Spain,126683.80
15637118,Customer 15637118,Savings,France,140700.61
15657829,Customer 15657829,Savings,Germany,168078.83
15738497,Customer 15738497,Savings,Spain,107726.93
15690695,Customer 15690695,Savings,France,0.00
15762351,Customer 15762351,Savings,Spain,0.00
15791172,Customer 15791172,Savings,Germany,35741.69
15598982,Customer 15598982,Savings,Germany,98268.84
15734765,Customer 15734765,Savings,France,133800.98
15642912,Customer 15642912,Savings,France,125682.79
15769516,Customer 15769516,Savings,France,0.00
15789379,Customer 15789379,Savings,France,130428.78
15695103,Customer 15695103,Savings,Spain,0.00
15801924,Customer 15801924,Savings,Spain,0.00
15767804,Customer 15767804,Savings,France,0.00
15718039,Customer 15718039,Savings,Germany,137138.20
15579994,Customer 15579994,Savings,France,73112.95
15595037,Customer 15595037,Savings,France,152347.01
15600720,Customer 15600720,Savings,Spain,115144.68
15782608,Customer 15782608,Savings,France,0.00
15566894,Customer 15566894,Savings,France,137817.52
15749123,Customer 15749123,Savings,Spain,157332.26
15668943,Customer 15668943,Savings,France,0.00
15577423,Customer 15577423,Savings,Germany,124586.93
15623102,Customer 15623102,Savings,Spain,116980.78
15728012,Customer 15728012,Savings,Spain,128398.38
15683363,Customer 15683363,Savings,Spain,0.00
15699335,Customer 15699335,Savings,Germany,137657.25
15574369,Customer 15574369,Savings,Spain,167259.44
15703167,Customer 15703167,Savings,France,0.00
15754874,Customer 15754874,Savings,France,119009.57
15723216,Customer 15723216,Savings,Germany,80002.33
15725094,Customer 15725094,Savings,France,140211.88
15647974,Customer 15647974,Savings,France,118742.74
15583371,Customer 15583371,Savings,Spain,138207.08
15772559,Customer 15772559,Savings,France,148636.21
15711251,Customer 15711251,Savings,France,178827.79
15719212,Customer 15719212,Savings,France,83134.30
15764927,Customer 15764927,Savings,France,121513.31
15731412,Customer 15731412,Savings,Germany,95900.04
15719170,Customer 15719170,Savings,France,112543.42
15596011,Customer 15596011,Savings,Spain,0.00
15614834,Customer 15614834,Savings,Spain,141751.82
15600510,Customer 15600510,Savings,Spain,124140.57
15625706,Customer 15625706,Savings,Germany,116546.59
15781409,Customer 15781409,Savings,France,0.00
15722583,Customer 15722583,Savings,Spain,157576.47
15677243,Customer 15677243,Savings,Spain,0.00
15815070,Customer 15815070,Savings,Germany,141428.99
15705899,Customer 15705899,Savings,Spain,127510.99
15701522,Customer 15701522,Savings,France,0.00
15755978,Customer 15755978,Savings,France,0.00
15722090,Customer 15722090,Savings,Spain,81818.49
15783526,Customer 15783526,Savings,France,100895.54
15632125,Customer 15632125,Savings,Germany,63832.43
15688395,Customer 15688395,Savings,France,0.00
15666975,Customer 15666975,Savings,France,116085.06
15682211,Customer 15682211,Savings,France,0.00
15637411,Customer 15637411,Savings,France,0.00
15591512,Customer 15591512,Savings,Germany,115761.51
15606855,Customer 15606855,Savings,Spain,0.00
15763683,Customer 15763683,Savings,Germany,139626.01
15641782,Customer 15641782,Savings,France,0.00
15677184,Customer 15677184,Savings,France,115576.44
15775042,Customer 15775042,Savings,France,0.00
15616630,Customer 15616630,Savings,Germany,77647.60
15800233,Customer 15800233,Savings,France,0.00
15588419,Customer 15588419,Savings,Germany,148962.46
15595557,Customer 15595557,Savings,France,0.00
15626143,Customer 15626143,Savings,France,0.00
15566030,Customer 15566030,Savings,Germany,80542.81
15701412,Customer 15701412,Savings,France,0.00
15702464,Customer 15702464,Savings,France,0.00
15573348,Customer 15573348,Savings,France,102050.47
15704160,Customer 15704160,Savings,Spain,0.00
15693704,Customer 15693704,Savings,France,114948.76
15664752,Customer 15664752,Savings,Germany,136000.45
15628292,Customer 15628292,Savings,France,156001.68
15621195,Customer 15621195,Savings,Germany,147974.16
15668629,Customer 15668629,Savings,Spain,0.00
15635197,Customer 15635197,Savings,Germany,90402.77
15592761,Customer 15592761,Savings,France,0.00
15574283,Customer 15574283,Savings,France,0.00
15598097,Customer 15598097,Savings,France,0.00
15711352,Customer 15711352,Savings,France,162701.65
15620751,Customer 15620751,Savings,France,0.00
15656717,Customer 15656717,Savings,France,0.00
15643121,Customer 15643121,Savings,Germany,82453.96
15723671,Customer 15723671,Savings,France,100107.99
15752846,Customer 15752846,Savings,France,0.00
15640852,Customer 15640852,Savings,Germany,83348.89
15789313,Customer 15789313,Savings,Germany,96553.52
15793688,Customer 15793688,Savings,France,201009.64
15770405,Customer 15770405,Savings,France,125167.74
15702561,Customer 15702561,Savings,France,0.00
15625964,Customer 15625964,Savings,France,153313.67
15761364,Customer 15761364,Savings,France,0.00
15590286,Customer 15590286,Savings,France,125879.29
15587978,Customer 15587978,Savings,Germany,170057.62
15773242,Customer 15773242,Savings,France,0.00
15761053,Customer 15761053,Savings,Germany,131326.47
15702095,Customer 15702095,Savings,Spain,128472.80
15764253,Customer 15764253,Savings,France,160485.16
15700801,Customer 15700801,Savings,Germany,84445.68
15730590,Customer 15730590,Savings,Germany,115409.18
15643916,Customer 15643916,Savings,Spain,62400.48
15720636,Customer 15720636,Savings,France,143054.56
15795429,Customer 15795429,Savings,France,133628.09
15609254,Customer 15609254,Savings,Spain,107135.04
15625141,Customer 15625141,Savings,Spain,0.00
15810898,Customer 15810898,Savings,France,151659.52
15775797,Customer 15775797,Savings,Spain,0.00
15795246,Customer 15795246,Savings,Germany,155903.82
15795275,Customer 15795275,Savings,Spain,82940.25
15571869,Customer 15571869,Savings,Germany,112650.89
15694143,Customer 15694143,Savings,France,0.00
15748231,Customer 15748231,Savings,Germany,95853.39
15632185,Customer 15632185,Savings,France,82228.67
15806249,Customer 15806249,Savings,Spain,0.00
15743293,Customer 15743293,Savings,Germany,163700.78
15598157,Customer 15598157,Savings,France,106328.08
15700946,Customer 15700946,Savings,France,152992.91
15722692,Customer 15722692,Savings,France,116439.65
15696506,Customer 15696506,Savings,Spain,101352.78
15728823,Customer 15728823,Savings,Spain,0.00
15808851,Customer 15808851,Savings,Germany,105609.17
15675231,Customer 15675231,Savings,France,0.00
15732299,Customer 15732299,Savings,France,0.00
15706269,Customer 15706269,Savings,France,103894.38
15590078,Customer 15590078,Savings,Spain,139834.93
15776985,Customer 15776985,Savings,France,112518.71
15756743,Customer 15756743,Savings,France,115895.42
15782364,Customer 15782364,Savings,Spain,146408.68
15604093,Customer 15604093,Savings,France,165363.31
15749328,Customer 15749328,Savings,France,0.00
15656322,Customer 15656322,Savings,Germany,71843.15
15685564,Customer 15685564,Savings,Spain,105492.53
15785831,Customer 15785831,Savings,France,183027.25
15796218,Customer 15796218,Savings,Germany,131968.57
15716218,Customer 15716218,Savings,France,104118.50
15572735,Customer 15572735,Savings,Spain,0.00
15633840,Customer 15633840,Savings,France,125023.10
15608760,Customer 15608760,Savings,France,74323.20
15627848,Customer 15627848,Savings,France,109346.13
15792029,Customer 15792029,Savings,France,0.00
15617331,Customer 15617331,Savings,Germany,109698.41
15651740,Customer 15651740,Savings,Spain,0.00
15636407,Customer 15636407,Savings,Germany,127758.09
15607526,Customer 15607526,Savings,Germany,102645.48
15632576,Customer 15632576,Savings,France,93249.40
15581505,Customer 15581505,Savings,France,0.00
15612207,Customer 15612207,Savings,Germany,87779.83
15707242,Customer 15707242,Savings,Spain,0.00
15721937,Customer 15721937,Savings,France,138131.34
15773852,Customer 15773852,Savings,Germany,70362.52
15719778,Customer 15719778,Savings,France,0.00
15650538,Customer 15650538,Savings,Germany,168286.58
15797475,Customer 15797475,Savings,France,86102.27
15780359,Customer 15780359,Savings,Germany,115142.90
15737104,Customer 15737104,Savings,Germany,126597.89
15789936,Customer 15789936,Savings,France,0.00
15709523,Customer 15709523,Savings,Germany,157989.21
15593425,Customer 15593425,Savings,Spain,187997.15
15776725,Customer 15776725,Savings,Germany,172192.49
15604706,Customer 15604706,Savings,Germany,133105.47
15790958,Customer 15790958,Savings,Spain,0.00
15747534,Customer 15747534,Savings,France,0.00
15574237,Customer 15574237,Savings,France,0.00
15690332,Customer 15690332,Savings,Germany,192407.97
15661290,Customer 15661290,Savings,Germany,107199.75
15651883,Customer 15651883,Savings,Germany,115796.70
15808905,Customer 15808905,Savings,France,164858.18
15715532,Customer 15715532,Savings,Germany,117633.28
15786078,Customer 15786078,Savings,France,0.00
15652401,Customer 15652401,Savings,France,0.00
15673074,Customer 15673074,Savings,Germany,126663.51
15598744,Customer 15598744,Savings,Germany,140273.47
15785975,Customer 15785975,Savings,Spain,0.00
15613180,Customer 15613180,Savings,Germany,153344.72
15584229,Customer 15584229,Savings,Germany,123943.18
15773804,Customer 15773804,Savings,France,0.00
15699515,Customer 15699515,Savings,Germany,98630.31
15705313,Customer 15705313,Savings,France,58036.33
15693817,Customer 15693817,Savings,Spain,0.00
15673790,Customer 15673790,Savings,Germany,109200.74
15674868,Customer 15674868,Savings,Spain,0.00
15692110,Customer 15692110,Savings,France,0.00
15645904,Customer 15645904,Savings,France,0.00
15581332,Customer 15581332,Savings,Germany,83173.98
15808544,Customer 15808544,Savings,France,0.00
15734948,Customer 15734948,Savings,Spain,0.00
15654531,Customer 15654531,Savings,France,82559.42
15637774,Customer 15637774,Savings,France,73494.21
15677141,Customer 15677141,Savings,Spain,132450.24
15739578,Customer 15739578,Savings,France,128663.90
15697360,Customer 15697360,Savings,France,79951.90
15655213,Customer 15655213,Savings,Germany,132508.30
15580872,Customer 15580872,Savings,Germany,120530.13
15683213,Customer 15683213,Savings,France,74988.59
15801188,Customer 15801188,Savings,France,94722.88
15645029,Customer 15645029,Savings,Spain,0.00
15633181,Customer 15633181,Savings,France,71269.89
15598259,Customer 15598259,Savings,Germany,98612.10
15576000,Customer 15576000,Savings,France,138033.55
15766047,Customer 15766047,Savings,France,91621.69
15596339,Customer 15596339,Savings,France,140014.42
15715199,Customer 15715199,Savings,Spain,126815.97
15615938,Customer 15615938,Savings,France,139663.37
15679991,Customer 15679991,Savings,France,0.00
15626135,Customer 15626135,Savings,France,165312.27
15792934,Customer 15792934,Savings,France,0.00
15744046,Customer 15744046,Savings,Spain,0.00
15700826,Customer 15700826,Savings,Germany,123699.28
15756301,Customer 15756301,Savings,Germany,97325.15
15586517,Customer 15586517,Savings,France,97041.16
15751297,Customer 15751297,Savings,France,0.00
15710365,Customer 15710365,Savings,France,104129.24
15679307,Customer 15679307,Savings,France,0.00
15610753,Customer 15610753,Savings,France,104367.50
15811036,Customer 15811036,Savings,France,135369.71
15610912,Customer 15610912,Savings,Spain,112119.48
15619932,Customer 15619932,Savings,France,123760.68
15746199,Customer 15746199,Savings,France,0.00
15584967,Customer 15584967,Savings,Spain,0.00
15734365,Customer 15734365,Savings,France,0.00
15726960,Customer 15726960,Savings,France,0.00
15665177,Customer 15665177,Savings,France,0.00
15779915,Customer 15779915,Savings,Spain,0.00
15729110,Customer 15729110,Savings,Spain,0.00
15575399,Customer 15575399,Savings,France,152160.21
15678374,Customer 15678374,Savings,France,0.00
15792679,Customer 15792679,Savings,France,0.00
15668767,Customer 15668767,Savings,France,0.00
15761886,Customer 15761886,Savings,France,172381.80
15583076,Customer 15583076,Savings,Germany,106116.56
15815615,Customer 15815615,Savings,France,141952.07
15591942,Customer 15591942,Savings,Spain,0.00
15724924,Customer 15724924,Savings,France,138497.84
15762123,Customer 15762123,Savings,Spain,0.00
15567893,Customer 15567893,Savings,Germany,124213.36
15648989,Customer 15648989,Savings,France,126872.60
15662021,Customer 15662021,Savings,Spain,0.00
15691627,Customer 15691627,Savings,France,0.00
15731751,Customer 15731751,Savings,France,120923.52
15635277,Customer 15635277,Savings,Spain,142643.54
15655252,Customer 15655252,Savings,Germany,79857.64
15803941,Customer 15803941,Savings,France,95502.21
15714380,Customer 15714380,Savings,France,0.00
15666559,Customer 15666559,Savings,Germany,197715.93
15799998,Customer 15799998,Savings,France,85859.76
15703763,Customer 15703763,Savings,France,85304.27
15795640,Customer 15795640,Savings,Germany,132371.30
15780056,Customer 15780056,Savings,Spain,0.00
15777873,Customer 15777873,Savings,France,0.00
15584749,Customer 15584749,Savings,Germany,79896.00
15765258,Customer 15765258,Savings,France,0.00
15623346,Customer 15623346,Savings,France,0.00
15614054,Customer 15614054,Savings,France,0.00
15766185,Customer 15766185,Savings,Germany,146587.30
15667632,Customer 15667632,Savings,France,0.00
15599024,Customer 15599024,Savings,Spain,0.00
15798709,Customer 15798709,Savings,Spain,109109.33
15741921,Customer 15741921,Savings,Spain,0.00
15793671,Customer 15793671,Savings,France,0.00
15797900,Customer 15797900,Savings,France,142147.32
15667932,Customer 15667932,Savings,Spain,0.00
15795933,Customer 15795933,Savings,France,0.00
15660403,Customer 15660403,Savings,Spain,0.00
15736299,Customer 15736299,Savings,France,109106.80
15759034,Customer 15759034,Savings,France,112262.84
15724663,Customer 15724663,Savings,Spain,0.00
15594556,Customer 15594556,Savings,Spain,0.00
15737169,Customer 15737169,Savings,Spain,144238.70
15632472,Customer 15632472,Savings,Spain,159397.75
15722813,Customer 15722813,Savings,Spain,125385.01
15588450,Customer 15588450,Savings,France,69365.25
15736717,Customer 15736717,Savings,France,155271.83
15680683,Customer 15680683,Savings,Spain,197200.04
15710316,Customer 15710316,Savings,Spain,144837.79
15746333,Customer 15746333,Savings,France,0.00
15606861,Customer 15606861,Savings,France,0.00
15641285,Customer 15641285,Savings,Spain,163085.79
15662908,Customer 15662908,Savings,Germany,125903.22
15814267,Customer 15814267,Savings,France,154377.30
15614923,Customer 15614923,Savings,Spain,107511.52
15579223,Customer 15579223,Savings,Germany,127406.50
15651389,Customer 15651389,Savings,Spain,143656.55
15677087,Customer 15677087,Savings,France,138106.75
15665784,Customer 15665784,Savings,France,128940.24
15576706,Customer 15576706,Savings,Germany,114453.58
15615473,Customer 15615473,Savings,France,0.00
15587299,Customer 15587299,Savings,France,0.00
15655389,Customer 15655389,Savings,France,131762.94
15784491,Customer 15784491,Savings,France,0.00
15809999,Customer 15809999,Savings,France,150300.65
15681115,Customer 15681115,Savings,Spain,108935.39
15629390,Customer 15629390,Savings,France,135847.47
15792668,Customer 15792668,Savings,Germany,109908.06
15583863,Customer 15583863,Savings,Germany,142946.18
15681878,Customer 15681878,Savings,Germany,104339.11
15782875,Customer 15782875,Savings,France,157274.36
15732235,Customer 15732235,Savings,France,98848.19
15735909,Customer 15735909,Savings,Germany,105103.33
15653448,Customer 15653448,Savings,France,0.00
15587647,Customer 15587647,Savings,Germany,127120.62
15701037,Customer 15701037,Savings,France,0.00
15727499,Customer 15727499,Savings,Germany,129118.50
15724838,Customer 15724838,Savings,France,0.00
15666711,Customer 15666711,Savings,France,0.00
15588933,Customer 15588933,Savings,France,146053.66
15763111,Customer 15763111,Savings,Spain,124577.15
15805676,Customer 15805676,Savings,Spain,151012.55
15586674,Customer 15586674,Savings,Spain,216109.88
15744553,Customer 15744553,Savings,France,144318.97
15776629,Customer 15776629,Savings,France,0.00
15647207,Customer 15647207,Savings,France,0.00
15715638,Customer 15715638,Savings,Germany,27517.15
15750602,Customer 15750602,Savings,France,147092.65
15766810,Customer 15766810,Savings,Germany,92246.14
15756625,Customer 15756625,Savings,France,0.00
15639552,Customer 15639552,Savings,Germany,148897.02
15633213,Customer 15633213,Savings,Spain,0.00
15610416,Customer 15610416,Savings,France,0.00
15715208,Customer 15715208,Savings,Germany,138335.96
15619608,Customer 15619608,Savings,Germany,92895.56
15628697,Customer 15628697,Savings,Spain,160736.63
15643826,Customer 15643826,Savings,France,0.00
15718588,Customer 15718588,Savings,France,0.00
15709741,Customer 15709741,Savings,France,107141.27
15723318,Customer 15723318,Savings,France,0.00
15717328,Customer 15717328,Savings,France,132446.08
15771299,Customer 15771299,Savings,France,92053.00
15706223,Customer 15706223,Savings,Spain,96798.79
15612358,Customer 15612358,Savings,Germany,134498.54
15769191,Customer 15769191,Savings,France,132387.91
15618816,Customer 15618816,Savings,Germany,147171.20
15730810,Customer 15730810,Savings,Spain,100524.69
15783463,Customer 15783463,Savings,France,0.00
15616213,Customer 15616213,Savings,Germany,138214.50
15611287,Customer 15611287,Savings,France,0.00
15786454,Customer 15786454,Savings,Spain,0.00
15768682,Customer 15768682,Savings,Spain,0.00
15766172,Customer 15766172,Savings,France,128743.55
15637646,Customer 15637646,Savings,France,122647.32
15653404,Customer 15653404,Savings,Spain,79263.90
15690546,Customer 15690546,Savings,France,0.00
15735636,Customer 15735636,Savings,France,121389.78
15605424,Customer 15605424,Savings,Spain,123906.55
15568449,Customer 15568449,Savings,Spain,143006.70
15688085,Customer 15688085,Savings,Spain,157597.61
15683483,Customer 15683483,Savings,Spain,127117.80
15659567,Customer 15659567,Savings,France,117103.26
15766667,Customer 15766667,Savings,Spain,102989.83
15624975,Customer 15624975,Savings,Spain,145118.83
15660878,Customer 15660878,Savings,France,126076.24
15586557,Customer 15586557,Savings,France,0.00
15746183,Customer 15746183,Savings,France,0.00
15631457,Customer 15631457,Savings,France,98186.70
15754053,Customer 15754053,Savings,France,0.00
15645839,Customer 15645839,Savings,France,0.00
15689955,Customer 15689955,Savings,France,0.00
15593510,Customer 15593510,Savings,Germany,129335.65
15654964,Customer 15654964,Savings,Spain,75801.74
15594039,Customer 15594039,Savings,Spain,0.00
15625929,Customer 15625929,Savings,France,159316.64
15815295,Customer 15815295,Savings,France,96479.81
15621818,Customer 15621818,Savings,Germany,117726.33
15652700,Customer 15652700,Savings,France,0.00
15636860,Customer 15636860,Savings,France,122351.29
15569432,Customer 15569432,Savings,France,0.00
15751455,Customer 15751455,Savings,France,0.00
15800583,Customer 15800583,Savings,Spain,0.00
15770214,Customer 15770214,Savings,France,0.00
15613463,Customer 15613463,Savings,Germany,132598.38
15587066,Customer 15587066,Savings,France,119272.29
15693752,Customer 15693752,Savings,France,0.00
15714874,Customer 15714874,Savings,France,0.00
15657809,Customer 15657809,Savings,France,106415.57
15651955,Customer 15651955,Savings,France,0.00
15570912,Customer 15570912,Savings,Germany,127772.10
15640266,Customer 15640266,Savings,Spain,104631.67
15652069,Customer 15652069,Savings,France,0.00
15596074,Customer 15596074,Savings,France,0.00
15800268,Customer 15800268,Savings,Germany,118050.79
15809847,Customer 15809847,Savings,France,0.00
15599074,Customer 15599074,Savings,Spain,136093.74
15599591,Customer 15599591,Savings,Germany,88477.36
15776096,Customer 15776096,Savings,Spain,161572.24
15611669,Customer 15611669,Savings,Germany,126608.37
15694098,Customer 15694098,Savings,France,68332.96
15713347,Customer 15713347,Savings,Spain,179852.26
15713094,Customer 15713094,Savings,France,0.00
15811978,Customer 15811978,Savings,Germany,104763.41
15799925,Customer 15799925,Savings,France,88541.57
15692575,Customer 15692575,Savings,France,162888.73
15743149,Customer 15743149,Savings,France,0.00
15776947,Customer 15776947,Savings,Spain,0.00
15700656,Customer 15700656,Savings,France,0.00
15594515,Customer 15594515,Savings,France,0.00
15787884,Customer 15787884,Savings,France,0.00
15577988,Customer 15577988,Savings,France,0.00
15795586,Customer 15795586,Savings,France,92474.05
15677739,Customer 15677739,Savings,France,0.00
15720134,Customer 15720134,Savings,Germany,115479.48
15688868,Customer 15688868,Savings,France,87098.91
15642996,Customer 15642996,Savings,Germany,86351.85
15771222,Customer 15771222,Savings,France,0.00
15605059,Customer 15605059,Savings,Germany,148843.56
15568088,Customer 15568088,Savings,Germany,163714.52
15665943,Customer 15665943,Savings,France,0.00
15795571,Customer 15795571,Savings,Spain,94153.56
15662243,Customer 15662243,Savings,France,162702.35
15593128,Customer 15593128,Savings,France,129255.20
15589739,Customer 15589739,Savings,France,90605.29
15787602,Customer 15787602,Savings,Spain,0.00
15685019,Customer 15685019,Savings,France,102787.42
15704209,Customer 15704209,Savings,France,120145.96
15605264,Customer 15605264,Savings,Germany,63723.78
15708265,Customer 15708265,Savings,Spain,159203.71
15740264,Customer 15740264,Savings,France,0.00
15615477,Customer 15615477,Savings,Spain,0.00
15727361,Customer 15727361,Savings,France,0.00
15760216,Customer 15760216,Savings,France,0.00
15806134,Customer 15806134,Savings,Germany,162691.16
15601351,Customer 15601351,Savings,France,127806.91
15669262,Customer 15669262,Savings,France,157960.49
15696989,Customer 15696989,Savings,Germany,139493.25
15688498,Customer 15688498,Savings,Germany,87096.82
15686964,Customer 15686964,Savings,France,84944.58
15625035,Customer 15625035,Savings,France,160139.59
15618391,Customer 15618391,Savings,France,0.00
15591344,Customer 15591344,Savings,Spain,0.00
15605455,Customer 15605455,Savings,France,0.00
15680804,Customer 15680804,Savings,France,0.00
15768282,Customer 15768282,Savings,Germany,94615.11
15685826,Customer 15685826,Savings,France,90727.79
15793491,Customer 15793491,Savings,Germany,119545.48
15797787,Customer 15797787,Savings,France,118311.76
15611171,Customer 15611171,Savings,France,129574.98
15601627,Customer 15601627,Savings,France,148163.57
15734085,Customer 15734085,Savings,Germany,117154.90
15809309,Customer 15809309,Savings,Spain,154251.67
15809462,Customer 15809462,Savings,France,0.00
15634628,Customer 15634628,Savings,France,65667.79
15775678,Customer 15775678,Savings,France,0.00
15579526,Customer 15579526,Savings,France,50194.59
15779103,Customer 15779103,Savings,Germany,96748.89
15738715,Customer 15738715,Savings,France,0.00
15593943,Customer 15593943,Savings,France,132667.17
15754574,Customer 15754574,Savings,Spain,0.00
15737814,Customer 15737814,Savings,France,127087.06
15670889,Customer 15670889,Savings,France,125566.90
15629299,Customer 15629299,Savings,Germany,106074.89
15771569,Customer 15771569,Savings,Germany,137367.94
15811927,Customer 15811927,Savings,France,157658.36
15785654,Customer 15785654,Savings,Germany,114422.85
15665524,Customer 15665524,Savings,Spain,103154.66
15736287,Customer 15736287,Savings,France,0.00
15765732,Customer 15765732,Savings,Spain,149592.14
15797381,Customer 15797381,Savings,Germany,133903.12
15598536,Customer 15598536,Savings,Germany,84587.90
15664506,Customer 15664506,Savings,Spain,197436.82
15575619,Customer 15575619,Savings,Spain,104254.27
15587394,Customer 15587394,Savings,France,140133.08
15654457,Customer 15654457,Savings,Spain,0.00
15762793,Customer 15762793,Savings,Germany,136980.23
15658067,Customer 15658067,Savings,Germany,120568.41
15642816,Customer 15642816,Savings,France,43658.33
15693088,Customer 15693088,Savings,France,0.00
15793883,Customer 15793883,Savings,France,0.00
15665283,Customer 15665283,Savings,France,72092.95
15680421,Customer 15680421,Savings,France,0.00
15695148,Customer 15695148,Savings,Spain,0.00
15636592,Customer 15636592,Savings,France,181821.96
15772618,Customer 15772618,Savings,France,90920.75
15724453,Customer 15724453,Savings,France,0.00
15565878,Customer 15565878,Savings,Spain,0.00
15609160,Customer 15609160,Savings,France,0.00
15678460,Customer 15678460,Savings,France,0.00
15662571,Customer 15662571,Savings,France,0.00
15606849,Customer 15606849,Savings,France,94920.71
15670738,Customer 15670738,Savings,Germany,113939.36
15662641,Customer 15662641,Savings,France,0.00
15727539,Customer 15727539,Savings,France,0.00
15651020,Customer 15651020,Savings,France,110666.42
15673877,Customer 15673877,Savings,France,0.00
15760865,Customer 15760865,Savings,Germany,141819.02
15705009,Customer 15705009,Savings,France,156974.26
15657540,Customer 15657540,Savings,France,151215.34
15707441,Customer 15707441,Savings,Spain,116318.23
15694765,Customer 15694765,Savings,Germany,113882.33
15649086,Customer 15649086,Savings,France,0.00
15650488,Customer 15650488,Savings,France,127253.98
15760924,Customer 15760924,Savings,Spain,100062.39
15700263,Customer 15700263,Savings,France,0.00
15806922,Customer 15806922,Savings,Spain,126605.14
15637522,Customer 15637522,Savings,France,106942.08
15636548,Customer 15636548,Savings,Spain,0.00
15566891,Customer 15566891,Savings,Germany,88594.93
15627185,Customer 15627185,Savings,Germany,123737.04
15754012,Customer 15754012,Savings,France,110752.15
15627514,Customer 15627514,Savings,Spain,0.00
15661433,Customer 15661433,Savings,France,0.00
15610653,Customer 15610653,Savings,Spain,0.00
15667002,Customer 15667002,Savings,Spain,0.00
15709199,Customer 15709199,Savings,Spain,0.00
15710087,Customer 15710087,Savings,Germany,125889.30
15679884,Customer 15679884,Savings,France,78314.63
15784180,Customer 15784180,Savings,France,206329.65
15808849,Customer 15808849,Savings,France,145536.90
15751549,Customer 15751549,Savings,Germany,77082.65
15588235,Customer 15588235,Savings,France,145081.73
15640418,Customer 15640418,Savings,Germany,115897.73
15721116,Customer 15721116,Savings,Spain,108058.07
15599084,Customer 15599084,Savings,France,191523.09
15773394,Customer 15773394,Savings,France,0.00
15625713,Customer 15625713,Savings,Spain,91187.90
15766417,Customer 15766417,Savings,France,0.00
15622578,Customer 15622578,Savings,France,113958.55
15799924,Customer 15799924,Savings,Spain,147167.25
15618363,Customer 15618363,Savings,Germany,82916.48
15637138,Customer 15637138,Savings,France,0.00
15781665,Customer 15781665,Savings,France,0.00
15804853,Customer 15804853,Savings,France,57098.96
15651627,Customer 15651627,Savings,Germany,115341.19
15680685,Customer 15680685,Savings,France,165257.20
15808930,Customer 15808930,Savings,France,0.00
15570970,Customer 15570970,Savings,France,0.00
15679961,Customer 15679961,Savings,Spain,68799.72
15705458,Customer 15705458,Savings,Spain,116120.19
15750396,Customer 15750396,Savings,France,0.00
15679928,Customer 15679928,Savings,France,84102.11
15711181,Customer 15711181,Savings,France,0.00
15698324,Customer 15698324,Savings,France,0.00
15807433,Customer 15807433,Savings,France,0.00
15636590,Customer 15636590,Savings,France,0.00
15628950,Customer 15628950,Savings,Germany,104013.79
15617206,Customer 15617206,Savings,Germany,120822.86
15603741,Customer 15603741,Savings,Spain,128389.12
15742607,Customer 15742607,Savings,Germany,102800.72
15747821,Customer 15747821,Savings,Germany,135470.90
15612043,Customer 15612043,Savings,France,90145.04
15809558,Customer 15809558,Savings,Spain,0.00
15803750,Customer 15803750,Savings,Spain,161801.47
15704681,Customer 15704681,Savings,Germany,99660.13
15667392,Customer 15667392,Savings,Spain,123081.84
15738889,Customer 15738889,Savings,France,102870.93
15598838,Customer 15598838,Savings,France,151105.68
15579109,Customer 15579109,Savings,Germany,163856.76
15799042,Customer 15799042,Savings,France,0.00
15697042,Customer 15697042,Savings,Spain,127290.61
15696605,Customer 15696605,Savings,France,180614.04
15802274,Customer 15802274,Savings,France,55053.62
15596808,Customer 15596808,Savings,Spain,96110.22
15705403,Customer 15705403,Savings,Spain,106521.49
15732903,Customer 15732903,Savings,France,82255.51
15581968,Customer 15581968,Savings,France,0.00
15683892,Customer 15683892,Savings,Germany,102395.79
15595447,Customer 15595447,Savings,Spain,118201.41
15569249,Customer 15569249,Savings,France,44582.07
15656188,Customer 15656188,Savings,Spain,0.00
15689661,Customer 15689661,Savings,France,0.00
15644934,Customer 15644934,Savings,France,105522.06
15721793,Customer 15721793,Savings,Germany,123936.54
15687413,Customer 15687413,Savings,Spain,0.00
15761286,Customer 15761286,Savings,Germany,119499.42
15658240,Customer 15658240,Savings,France,135814.70
15706232,Customer 15706232,Savings,France,0.00
15583394,Customer 15583394,Savings,Germany,106259.63
15715643,Customer 15715643,Savings,France,0.00
15644856,Customer 15644856,Savings,Spain,115463.16
15785488,Customer 15785488,Savings,Spain,0.00
15711571,Customer 15711571,Savings,Spain,120233.83
15778604,Customer 15778604,Savings,France,0.00
15751180,Customer 15751180,Savings,France,81132.21
15748360,Customer 15748360,Savings,Germany,122196.99
15770039,Customer 15770039,Savings,Germany,112290.22
15685096,Customer 15685096,Savings,France,0.00
15669501,Customer 15669501,Savings,France,0.00
15622631,Customer 15622631,Savings,France,154409.74
15586699,Customer 15586699,Savings,France,0.00
15702377,Customer 15702377,Savings,Spain,132759.80
15577170,Customer 15577170,Savings,France,76705.87
15769451,Customer 15769451,Savings,France,0.00
15811877,Customer 15811877,Savings,France,0.00
15648725,Customer 15648725,Savings,France,0.00
15752801,Customer 15752801,Savings,Germany,125961.74
15808175,Customer 15808175,Savings,France,49572.73
15681342,Customer 15681342,Savings,France,103015.12
15589210,Customer 15589210,Savings,France,0.00
15696826,Customer 15696826,Savings,France,104001.38
15614962,Customer 15614962,Savings,Spain,87116.71
15689061,Customer 15689061,Savings,France,82547.11
15640074,Customer 15640074,Savings,Spain,0.00
15776156,Customer 15776156,Savings,France,121325.84
15739548,Customer 15739548,Savings,France,111167.70
15662854,Customer 15662854,Savings,Germany,139714.40
15687688,Customer 15687688,Savings,Germany,139875.20
15715750,Customer 15715750,Savings,Germany,113063.83
15571121,Customer 15571121,Savings,France,138340.06
15726466,Customer 15726466,Savings,France,114974.24
15660390,Customer 15660390,Savings,France,0.00
15663942,Customer 15663942,Savings,France,0.00
15638610,Customer 15638610,Savings,Germany,117325.54
15644446,Customer 15644446,Savings,France,0.00
15585892,Customer 15585892,Savings,France,0.00
15609356,Customer 15609356,Savings,France,0.00
15803378,Customer 15803378,Savings,Spain,0.00
15599440,Customer 15599440,Savings,France,0.00
15692408,Customer 15692408,Savings,Spain,0.00
15683168,Customer 15683168,Savings,France,0.00
15790254,Customer 15790254,Savings,Spain,78737.61
15767729,Customer 15767729,Savings,Spain,182876.88
15768600,Customer 15768600,Savings,Germany,130023.38
15699839,Customer 15699839,Savings,France,152606.82
15786237,Customer 15786237,Savings,France,0.00
15694530,Customer 15694530,Savings,France,167268.98
15796813,Customer 15796813,Savings,France,167831.88
15605791,Customer 15605791,Savings,Germany,144287.60
15714087,Customer 15714087,Savings,Germany,151855.33
15711446,Customer 15711446,Savings,Spain,0.00
15588123,Customer 15588123,Savings,France,0.00
15748552,Customer 15748552,Savings,Germany,155994.15
15618410,Customer 15618410,Savings,Germany,147527.03
15672432,Customer 15672432,Savings,France,0.00
15610042,Customer 15610042,Savings,France,100267.03
15580914,Customer 15580914,Savings,Spain,83287.05
15583680,Customer 15583680,Savings,Spain,0.00
15813718,Customer 15813718,Savings,Spain,0.00
15767264,Customer 15767264,Savings,Germany,117438.17
15686461,Customer 15686461,Savings,France,121235.05
15678882,Customer 15678882,Savings,Germany,129965.18
15789611,Customer 15789611,Savings,Germany,150836.92
15668679,Customer 15668679,Savings,France,0.00
15631685,Customer 15631685,Savings,Germany,163894.35
15655658,Customer 15655658,Savings,France,0.00
15753591,Customer 15753591,Savings,France,0.00
15617348,Customer 15617348,Savings,France,0.00
15704581,Customer 15704581,Savings,Germany,87967.42
15738487,Customer 15738487,Savings,France,0.00
15648069,Customer 15648069,Savings,France,0.00
15737627,Customer 15737627,Savings,Germany,121093.29
15731586,Customer 15731586,Savings,Spain,121691.54
15757467,Customer 15757467,Savings,Spain,0.00
15597709,Customer 15597709,Savings,France,154121.32
15720529,Customer 15720529,Savings,France,0.00
15596797,Customer 15596797,Savings,Spain,0.00
15681755,Customer 15681755,Savings,France,0.00
15815271,Customer 15815271,Savings,Germany,165048.50
15682860,Customer 15682860,Savings,Spain,0.00
15621546,Customer 15621546,Savings,France,127638.35
15705918,Customer 15705918,Savings,France,0.00
15684512,Customer 15684512,Savings,Germany,135290.42
15671769,Customer 15671769,Savings,France,170252.05
15642934,Customer 15642934,Savings,Germany,108269.20
15594305,Customer 15594305,Savings,France,0.00
15789201,Customer 15789201,Savings,Germany,145623.36
15706762,Customer 15706762,Savings,France,145809.53
15766183,Customer 15766183,Savings,Germany,130334.84
15777994,Customer 15777994,Savings,France,0.00
15568162,Customer 15568162,Savings,Spain,0.00
15680643,Customer 15680643,Savings,Spain,0.00
15761854,Customer 15761854,Savings,France,0.00
15730793,Customer 15730793,Savings,Germany,111009.32
15692137,Customer 15692137,Savings,France,0.00
15608595,Customer 15608595,Savings,France,157371.54
15709459,Customer 15709459,Savings,Spain,0.00
15775750,Customer 15775750,Savings,France,134560.62
15585855,Customer 15585855,Savings,France,0.00
15752139,Customer 15752139,Savings,Germany,72373.62
15768295,Customer 15768295,Savings,France,109564.10
15766906,Customer 15766906,Savings,France,132116.13
15725776,Customer 15725776,Savings,Germany,101195.23
15682576,Customer 15682576,Savings,France,149436.73
15704081,Customer 15704081,Savings,Germany,130682.11
15719940,Customer 15719940,Savings,Germany,115280.49
15672894,Customer 15672894,Savings,France,129944.39
15667451,Customer 15667451,Savings,France,0.00
15636767,Customer 15636767,Savings,Spain,0.00
15571415,Customer 15571415,Savings,Germany,151802.29
15575605,Customer 15575605,Savings,France,0.00
15649160,Customer 15649160,Savings,France,138731.95
15615832,Customer 15615832,Savings,Spain,155621.08
15600975,Customer 15600975,Savings,France,150005.38
15690772,Customer 15690772,Savings,Spain,0.00
15565714,Customer 15565714,Savings,France,64430.06
15763108,Customer 15763108,Savings,Germany,106261.63
15723884,Customer 15723884,Savings,Spain,0.00
15644453,Customer 15644453,Savings,Germany,132670.53
15655464,Customer 15655464,Savings,France,0.00
15783883,Customer 15783883,Savings,Germany,117314.92
15787693,Customer 15787693,Savings,Spain,145874.35
15664793,Customer 15664793,Savings,Spain,146777.44
15642391,Customer 15642391,Savings,Germany,109978.83
15756538,Customer 15756538,Savings,France,0.00
15668830,Customer 15668830,Savings,Spain,108881.73
15796569,Customer 15796569,Savings,Spain,0.00
15677112,Customer 15677112,Savings,France,112957.26
15815040,Customer 15815040,Savings,Germany,103362.14
15590434,Customer 15590434,Savings,Spain,89015.61
15597536,Customer 15597536,Savings,Spain,133618.01
15723989,Customer 15723989,Savings,France,93680.43
15767358,Customer 15767358,Savings,Germany,97486.15
15594812,Customer 15594812,Savings,Spain,137794.18
15688210,Customer 15688210,Savings,France,101928.51
15681509,Customer 15681509,Savings,Spain,0.00
15572390,Customer 15572390,Savings,Spain,0.00
15801441,Customer 15801441,Savings,Germany,79585.96
15783859,Customer 15783859,Savings,France,161884.99
15575243,Customer 15575243,Savings,France,129068.54
15773421,Customer 15773421,Savings,France,0.00
15788776,Customer 15788776,Savings,Germany,132623.76
15765257,Customer 15765257,Savings,Spain,121461.87
15661412,Customer 15661412,Savings,France,175307.32
15636478,Customer 15636478,Savings,France,136658.61
15603683,Customer 15603683,Savings,Spain,146584.19
15651868,Customer 15651868,Savings,France,0.00
15815443,Customer 15815443,Savings,Spain,131414.76
15682686,Customer 15682686,Savings,France,0.00
15697460,Customer 15697460,Savings,Germany,99441.21
15748432,Customer 15748432,Savings,France,0.00
15698271,Customer 15698271,Savings,France,0.00
15808662,Customer 15808662,Savings,France,0.00
15690372,Customer 15690372,Savings,Spain,181110.13
15781875,Customer 15781875,Savings,Spain,100476.46
15801473,Customer 15801473,Savings,Germany,51949.95
15704509,Customer 15704509,Savings,France,121063.49
15694666,Customer 15694666,Savings,Spain,88441.64
15731166,Customer 15731166,Savings,France,127023.39
15728523,Customer 15728523,Savings,France,144147.68
15788442,Customer 15788442,Savings,Spain,173306.13
15689781,Customer 15689781,Savings,France,0.00
15764226,Customer 15764226,Savings,Germany,106425.75
15809837,Customer 15809837,Savings,Germany,135392.31
15805212,Customer 15805212,Savings,France,0.00
15716082,Customer 15716082,Savings,Spain,152685.40
15643056,Customer 15643056,Savings,Germany,82083.52
15654859,Customer 15654859,Savings,Spain,131629.17
15761158,Customer 15761158,Savings,France,0.00
15577515,Customer 15577515,Savings,Germany,108477.27
15723827,Customer 15723827,Savings,France,114779.35
15646594,Customer 15646594,Savings,France,57568.94
15712877,Customer 15712877,Savings,Spain,0.00
15598802,Customer 15598802,Savings,Spain,0.00
15699340,Customer 15699340,Savings,France,0.00
15691150,Customer 15691150,Savings,France,110559.46
15608688,Customer 15608688,Savings,France,0.00
15737998,Customer 15737998,Savings,France,0.00
15735837,Customer 15735837,Savings,Spain,0.00
15659100,Customer 15659100,Savings,France,128152.82
15609070,Customer 15609070,Savings,Germany,120961.50
15650313,Customer 15650313,Savings,Germany,129472.33
15627699,Customer 15627699,Savings,France,105000.23
15591010,Customer 15591010,Savings,Germany,109339.17
15798895,Customer 15798895,Savings,France,55328.40
15745375,Customer 15745375,Savings,Germany,72012.76
15775235,Customer 15775235,Savings,France,110480.48
15780088,Customer 15780088,Savings,Spain,132439.99
15649379,Customer 15649379,Savings,France,0.00
15713983,Customer 15713983,Savings,Germany,94108.54
15709252,Customer 15709252,Savings,Germany,105173.99
15699238,Customer 15699238,Savings,Spain,0.00
15732884,Customer 15732884,Savings,France,131959.86
15587297,Customer 15587297,Savings,France,0.00
15684722,Customer 15684722,Savings,France,122952.90
15621244,Customer 15621244,Savings,France,107379.68
15744273,Customer 15744273,Savings,Germany,122641.56
15682540,Customer 15682540,Savings,France,0.00
15636521,Customer 15636521,Savings,Spain,124037.28
15785339,Customer 15785339,Savings,France,117565.03
15638983,Customer 15638983,Savings,France,133189.40
15654625,Customer 15654625,Savings,Germany,120252.02
15697310,Customer 15697310,Savings,Germany,152264.81
15678210,Customer 15678210,Savings,France,105069.98
15575438,Customer 15575438,Savings,France,115076.06
15632789,Customer 15632789,Savings,France,0.00
15621423,Customer 15621423,Savings,France,117280.23
15573520,Customer 15573520,Savings,Germany,110540.43
15740458,Customer 15740458,Savings,Spain,135095.47
15762799,Customer 15762799,Savings,Germany,187861.18
15686885,Customer 15686885,Savings,Germany,124655.59
15565996,Customer 15565996,Savings,France,0.00
15662152,Customer 15662152,Savings,France,134105.01
15711742,Customer 15711742,Savings,France,0.00
15701885,Customer 15701885,Savings,France,0.00
15774262,Customer 15774262,Savings,Germany,83693.34
15567839,Customer 15567839,Savings,France,114631.23
15644400,Customer 15644400,Savings,France,128601.98
15797246,Customer 15797246,Savings,Germany,91258.52
15778290,Customer 15778290,Savings,France,70416.75
15708714,Customer 15708714,Savings,France,0.00
15586183,Customer 15586183,Savings,France,0.00
15761733,Customer 15761733,Savings,France,0.00
15773934,Customer 15773934,Savings,France,88294.60
15705343,Customer 15705343,Savings,Spain,0.00
15593959,Customer 15593959,Savings,France,93577.30
15664615,Customer 15664615,Savings,Germany,136650.89
15671014,Customer 15671014,Savings,Spain,98765.84
15657778,Customer 15657778,Savings,France,84309.57
15585192,Customer 15585192,Savings,Spain,136258.06
15592914,Customer 15592914,Savings,France,0.00
15770995,Customer 15770995,Savings,Germany,131160.85
15570990,Customer 15570990,Savings,Spain,145222.99
15596165,Customer 15596165,Savings,Germany,98141.57
15788131,Customer 15788131,Savings,France,0.00
15800773,Customer 15800773,Savings,Spain,102282.61
15690153,Customer 15690153,Savings,France,116121.84
15638989,Customer 15638989,Savings,France,190066.54
15623210,Customer 15623210,Savings,Germany,149349.58
15652658,Customer 15652658,Savings,France,155176.83
15684440,Customer 15684440,Savings,Germany,98986.28
15730287,Customer 15730287,Savings,France,147726.98
15720353,Customer 15720353,Savings,France,0.00
15767231,Customer 15767231,Savings,France,144852.06
15761554,Customer 15761554,Savings,France,89299.81
15706637,Customer 15706637,Savings,Spain,0.00
15690492,Customer 15690492,Savings,France,97663.16
15694237,Customer 15694237,Savings,Spain,95161.75
15729771,Customer 15729771,Savings,Germany,154586.92
15609823,Customer 15609823,Savings,Spain,127095.14
15793366,Customer 15793366,Savings,Germany,92526.15
15614813,Customer 15614813,Savings,Germany,107362.80
15566495,Customer 15566495,Savings,Spain,0.00
15707602,Customer 15707602,Savings,France,127286.04
15635244,Customer 15635244,Savings,France,0.00
15805627,Customer 15805627,Savings,France,0.00
15607986,Customer 15607986,Savings,France,139930.18
15799785,Customer 15799785,Savings,Germany,77949.69
15699963,Customer 15699963,Savings,France,121405.04
15624595,Customer 15624595,Savings,Spain,124580.69
15629750,Customer 15629750,Savings,France,133087.76
15651460,Customer 15651460,Savings,Spain,0.00
15753550,Customer 15753550,Savings,France,0.00
15594133,Customer 15594133,Savings,Spain,0.00
15772329,Customer 15772329,Savings,Germany,103741.14
15591552,Customer 15591552,Savings,France,98877.95
15750921,Customer 15750921,Savings,France,105843.26
15701687,Customer 15701687,Savings,Spain,77526.66
15728906,Customer 15728906,Savings,France,0.00
15670029,Customer 15670029,Savings,France,0.00
15763579,Customer 15763579,Savings,Germany,105264.88
15728010,Customer 15728010,Savings,France,0.00
15663194,Customer 15663194,Savings,Germany,110150.43
15736510,Customer 15736510,Savings,Spain,0.00
15745804,Customer 15745804,Savings,France,0.00
15631451,Customer 15631451,Savings,Spain,0.00
15746995,Customer 15746995,Savings,Germany,138166.30
15730673,Customer 15730673,Savings,Germany,122265.24
15734649,Customer 15734649,Savings,Spain,133295.98
15701081,Customer 15701081,Savings,France,0.00
15632503,Customer 15632503,Savings,France,148326.09
15585928,Customer 15585928,Savings,Germany,68927.57
15648681,Customer 15648681,Savings,France,139914.60
15747757,Customer 15747757,Savings,Germany,118723.11
15718921,Customer 15718921,Savings,Spain,106957.28
15571081,Customer 15571081,Savings,France,190238.93
15734578,Customer 15734578,Savings,France,113537.73
15579583,Customer 15579583,Savings,Spain,101090.27
15622729,Customer 15622729,Savings,France,0.00
15662189,Customer 15662189,Savings,Spain,0.00
15692718,Customer 15692718,Savings,France,0.00
15762716,Customer 15762716,Savings,Spain,168920.75
15724851,Customer 15724851,Savings,Germany,111589.67
15587266,Customer 15587266,Savings,Germany,172310.33
15675926,Customer 15675926,Savings,Germany,118028.35
15706268,Customer 15706268,Savings,Germany,147910.30
15581871,Customer 15581871,Savings,Germany,131287.36
15666166,Customer 15666166,Savings,France,121276.32
15671582,Customer 15671582,Savings,Spain,109869.32
15680901,Customer 15680901,Savings,France,97435.85
15642336,Customer 15642336,Savings,France,0.00
15653147,Customer 15653147,Savings,France,133853.27
15571284,Customer 15571284,Savings,Germany,109528.16
15591360,Customer 15591360,Savings,France,84607.34
15810485,Customer 15810485,Savings,Germany,101438.00
15611973,Customer 15611973,Savings,France,0.00
15735572,Customer 15735572,Savings,France,113657.83
15567860,Customer 15567860,Savings,Spain,189318.16
15795690,Customer 15795690,Savings,France,99513.91
15706464,Customer 15706464,Savings,Spain,97585.32
15725028,Customer 15725028,Savings,France,0.00
15751167,Customer 15751167,Savings,France,0.00
15633944,Customer 15633944,Savings,Spain,136659.74
15672637,Customer 15672637,Savings,France,85755.86
15680895,Customer 15680895,Savings,Spain,0.00
15793825,Customer 15793825,Savings,France,0.00
15611318,Customer 15611318,Savings,Spain,51690.89
15768474,Customer 15768474,Savings,Spain,0.00
15716276,Customer 15716276,Savings,France,111669.68
15623668,Customer 15623668,Savings,Germany,154741.45
15696361,Customer 15696361,Savings,Germany,125681.51
15607988,Customer 15607988,Savings,Germany,155303.71
15637891,Customer 15637891,Savings,Germany,140681.68
15789865,Customer 15789865,Savings,France,71902.52
15627190,Customer 15627190,Savings,France,146606.60
15788224,Customer 15788224,Savings,Germany,123949.75
15702149,Customer 15702149,Savings,Germany,144753.21
15708236,Customer 15708236,Savings,France,91285.22
15568469,Customer 15568469,Savings,France,0.00
15764444,Customer 15764444,Savings,Germany,125850.53
15794204,Customer 15794204,Savings,France,108116.66
15807546,Customer 15807546,Savings,France,0.00
15782159,Customer 15782159,Savings,France,67639.56
15618703,Customer 15618703,Savings,Spain,150200.23
15793317,Customer 15793317,Savings,Spain,141287.15
15740487,Customer 15740487,Savings,France,0.00
15722479,Customer 15722479,Savings,France,0.00
15688264,Customer 15688264,Savings,France,0.00
15583067,Customer 15583067,Savings,France,97157.96
15686670,Customer 15686670,Savings,France,0.00
15593345,Customer 15593345,Savings,Germany,125241.17
15811690,Customer 15811690,Savings,Germany,128966.13
15734008,Customer 15734008,Savings,Germany,152581.06
15771856,Customer 15771856,Savings,Spain,0.00
15762045,Customer 15762045,Savings,Germany,142688.57
15778142,Customer 15778142,Savings,Germany,130089.56
15689268,Customer 15689268,Savings,France,0.00
15721507,Customer 15721507,Savings,France,117094.02
15750476,Customer 15750476,Savings,Spain,0.00
15810723,Customer 15810723,Savings,France,0.00
15787229,Customer 15787229,Savings,Spain,0.00
15570508,Customer 15570508,Savings,France,90218.90
15617065,Customer 15617065,Savings,Spain,194532.66
15689786,Customer 15689786,Savings,Germany,169743.83
15648876,Customer 15648876,Savings,France,0.00
15802106,Customer 15802106,Savings,France,155973.88
15773869,Customer 15773869,Savings,Spain,129321.44
15711635,Customer 15711635,Savings,Germany,138650.49
15795527,Customer 15795527,Savings,Spain,136487.86
15759133,Customer 15759133,Savings,France,0.00
15679394,Customer 15679394,Savings,France,38617.20
15801072,Customer 15801072,Savings,France,0.00
15646082,Customer 15646082,Savings,France,82909.14
15796111,Customer 15796111,Savings,Germany,145151.40
15670646,Customer 15670646,Savings,Spain,147187.84
15578722,Customer 15578722,Savings,France,0.00
15815095,Customer 15815095,Savings,Spain,108185.81
15730360,Customer 15730360,Savings,France,0.00
15763194,Customer 15763194,Savings,France,0.00
15720725,Customer 15720725,Savings,France,0.00
15567834,Customer 15567834,Savings,France,105918.10
15720644,Customer 15720644,Savings,France,0.00
15811742,Customer 15811742,Savings,Spain,0.00
15813363,Customer 15813363,Savings,Spain,0.00
15717629,Customer 15717629,Savings,Germany,59972.26
15713160,Customer 15713160,Savings,Spain,157228.61
15568878,Customer 15568878,Savings,Spain,0.00
15809800,Customer 15809800,Savings,France,0.00
15736420,Customer 15736420,Savings,France,210433.08
15757933,Customer 15757933,Savings,Germany,102452.71
15623072,Customer 15623072,Savings,Spain,0.00
15683993,Customer 15683993,Savings,France,142987.46
15570947,Customer 15570947,Savings,Spain,143330.56
15797767,Customer 15797767,Savings,France,0.00
15731989,Customer 15731989,Savings,France,120165.40
15591035,Customer 15591035,Savings,Spain,0.00
15586479,Customer 15586479,Savings,France,0.00
15605872,Customer 15605872,Savings,France,66573.17
15666012,Customer 15666012,Savings,France,102833.46
15641733,Customer 15641733,Savings,France,164757.56
15593178,Customer 15593178,Savings,Spain,153610.61
15649183,Customer 15649183,Savings,Spain,0.00
15736399,Customer 15736399,Savings,Spain,0.00
15751137,Customer 15751137,Savings,Germany,169025.83
15757188,Customer 15757188,Savings,Spain,153455.72
15726167,Customer 15726167,Savings,France,0.00
15624850,Customer 15624850,Savings,France,153972.89
15717700,Customer 15717700,Savings,Spain,114609.55
15716347,Customer 15716347,Savings,Germany,143625.83
15696287,Customer 15696287,Savings,Germany,116520.28
15638871,Customer 15638871,Savings,France,80926.02
15765093,Customer 15765093,Savings,France,166594.78
15592999,Customer 15592999,Savings,France,115465.98
15641715,Customer 15641715,Savings,France,0.00
15607746,Customer 15607746,Savings,France,0.00
15625311,Customer 15625311,Savings,Germany,92618.62
15573077,Customer 15573077,Savings,Germany,141825.88
15735106,Customer 15735106,Savings,Spain,149594.02
15672912,Customer 15672912,Savings,Spain,130051.66
15589881,Customer 15589881,Savings,France,0.00
15660144,Customer 15660144,Savings,France,0.00
15664083,Customer 15664083,Savings,Germany,158468.76
15690898,Customer 15690898,Savings,France,161889.79
15808023,Customer 15808023,Savings,France,133681.78
15676909,Customer 15676909,Savings,Spain,0.00
15764922,Customer 15764922,Savings,Spain,187294.46
15766734,Customer 15766734,Savings,France,0.00
15795079,Customer 15795079,Savings,Spain,0.00
15757434,Customer 15757434,Savings,France,119706.22
15673747,Customer 15673747,Savings,France,0.00
15808386,Customer 15808386,Savings,Germany,138523.20
15603565,Customer 15603565,Savings,Spain,90778.76
15744044,Customer 15744044,Savings,Germany,99353.42
15577771,Customer 15577771,Savings,Germany,111524.49
15769548,Customer 15769548,Savings,France,128645.67
15802071,Customer 15802071,Savings,Germany,117458.51
15677395,Customer 15677395,Savings,France,129189.15
15632010,Customer 15632010,Savings,Spain,121260.19
15779492,Customer 15779492,Savings,Spain,94231.13
15694677,Customer 15694677,Savings,France,0.00
15704315,Customer 15704315,Savings,France,163757.06
15742009,Customer 15742009,Savings,Spain,0.00
15766663,Customer 15766663,Savings,France,0.00
15742297,Customer 15742297,Savings,France,141005.47
15688059,Customer 15688059,Savings,Germany,105356.09
15752344,Customer 15752344,Savings,Spain,0.00
15698749,Customer 15698749,Savings,Germany,85897.95
15631693,Customer 15631693,Savings,France,0.00
15604536,Customer 15604536,Savings,Germany,164672.66
15802869,Customer 15802869,Savings,Germany,99169.67
15635598,Customer 15635598,Savings,France,0.00
15592326,Customer 15592326,Savings,France,0.00
15736533,Customer 15736533,Savings,Germany,124053.03
15647191,Customer 15647191,Savings,France,0.00
15622507,Customer 15622507,Savings,Germany,103499.09
15765487,Customer 15765487,Savings,Germany,151766.71
15646521,Customer 15646521,Savings,Spain,0.00
15746258,Customer 15746258,Savings,France,101486.96
15692430,Customer 15692430,Savings,Germany,123601.56
15625501,Customer 15625501,Savings,Germany,127201.58
15640521,Customer 15640521,Savings,Germany,144962.74
15790630,Customer 15790630,Savings,France,0.00
15664720,Customer 15664720,Savings,Spain,122017.19
15750055,Customer 15750055,Savings,Spain,100262.88
15644878,Customer 15644878,Savings,Spain,117302.62
15754578,Customer 15754578,Savings,France,135984.15
15705379,Customer 15705379,Savings,France,0.00
15761047,Customer 15761047,Savings,Germany,160997.54
15671293,Customer 15671293,Savings,Germany,128389.63
15687527,Customer 15687527,Savings,Spain,0.00
15647898,Customer 15647898,Savings,Spain,130554.51
15671534,Customer 15671534,Savings,Germany,90212.00
15591248,Customer 15591248,Savings,France,71996.29
15676156,Customer 15676156,Savings,France,85615.66
15812918,Customer 15812918,Savings,France,62339.81
15604130,Customer 15604130,Savings,Spain,142319.03
15700549,Customer 15700549,Savings,France,0.00
15715519,Customer 15715519,Savings,Spain,0.00
15707042,Customer 15707042,Savings,France,87413.19
15605276,Customer 15605276,Savings,France,0.00
15630592,Customer 15630592,Savings,France,0.00
15636626,Customer 15636626,Savings,France,97560.16
15740411,Customer 15740411,Savings,Germany,141787.31
15593834,Customer 15593834,Savings,Spain,129934.64
15804235,Customer 15804235,Savings,France,166178.02
15679801,Customer 15679801,Savings,Spain,163097.55
15673907,Customer 15673907,Savings,France,0.00
15636562,Customer 15636562,Savings,Spain,0.00
15702571,Customer 15702571,Savings,Germany,151958.19
15627365,Customer 15627365,Savings,France,0.00
15748499,Customer 15748499,Savings,Germany,118400.91
15598614,Customer 15598614,Savings,Spain,0.00
15668889,Customer 15668889,Savings,Germany,116322.27
15800049,Customer 15800049,Savings,Spain,0.00
15583724,Customer 15583724,Savings,Spain,0.00
15622083,Customer 15622083,Savings,Germany,143138.91
15645571,Customer 15645571,Savings,Spain,0.00
15598266,Customer 15598266,Savings,France,0.00
15667934,Customer 15667934,Savings,France,129804.17
15569682,Customer 15569682,Savings,Germany,108308.11
15772941,Customer 15772941,Savings,Germany,110153.27
15586174,Customer 15586174,Savings,Germany,116377.48
15803682,Customer 15803682,Savings,Germany,117791.06
15627328,Customer 15627328,Savings,Spain,0.00
15717065,Customer 15717065,Savings,France,105419.73
15602456,Customer 15602456,Savings,Germany,99219.47
15721569,Customer 15721569,Savings,Germany,119327.93
15573798,Customer 15573798,Savings,France,83947.12
15638272,Customer 15638272,Savings,Spain,99883.16
15799859,Customer 15799859,Savings,France,165438.26
15599152,Customer 15599152,Savings,France,156111.24
15737909,Customer 15737909,Savings,France,111095.58
15646190,Customer 15646190,Savings,France,119963.45
15711249,Customer 15711249,Savings,Spain,0.00
15671987,Customer 15671987,Savings,Spain,153137.74
15812766,Customer 15812766,Savings,Spain,156111.08
15778589,Customer 15778589,Savings,France,113014.70
15750104,Customer 15750104,Savings,Germany,132615.73
15784526,Customer 15784526,Savings,France,102016.38
15646563,Customer 15646563,Savings,France,0.00
15744423,Customer 15744423,Savings,France,0.00
15593694,Customer 15593694,Savings,France,0.00
15785367,Customer 15785367,Savings,France,0.00
15687765,Customer 15687765,Savings,Germany,80380.24
15789014,Customer 15789014,Savings,France,108909.12
15703177,Customer 15703177,Savings,France,90865.80
15660263,Customer 15660263,Savings,France,99799.76
15776545,Customer 15776545,Savings,France,200724.96
15683276,Customer 15683276,Savings,Spain,140363.95
15599272,Customer 15599272,Savings,France,151844.64
15589541,Customer 15589541,Savings,France,0.00
15608804,Customer 15608804,Savings,Germany,133231.48
15645820,Customer 15645820,Savings,France,0.00
15659031,Customer 15659031,Savings,France,126598.99
15790113,Customer 15790113,Savings,Germany,113317.10
15652289,Customer 15652289,Savings,France,0.00
15605341,Customer 15605341,Savings,France,93173.88
15697844,Customer 15697844,Savings,Spain,0.00
15652048,Customer 15652048,Savings,Germany,105007.31
15587038,Customer 15587038,Savings,Spain,0.00
15660528,Customer 15660528,Savings,Spain,0.00
15700300,Customer 15700300,Savings,Germany,131593.85
15642001,Customer 15642001,Savings,Germany,119530.52
15580366,Customer 15580366,Savings,Germany,118614.60
15657228,Customer 15657228,Savings,Germany,95829.13
15729377,Customer 15729377,Savings,France,0.00
15686913,Customer 15686913,Savings,France,0.00
15631267,Customer 15631267,Savings,France,153590.73
15632275,Customer 15632275,Savings,France,0.00
15715907,Customer 15715907,Savings,France,113109.52
15764841,Customer 15764841,Savings,France,130557.24
15748649,Customer 15748649,Savings,France,93183.19
15771409,Customer 15771409,Savings,France,151933.63
15779207,Customer 15779207,Savings,Germany,125495.64
15814116,Customer 15814116,Savings,France,0.00
15665087,Customer 15665087,Savings,Germany,118547.72
15611189,Customer 15611189,Savings,Spain,97792.21
15729718,Customer 15729718,Savings,France,0.00
15733602,Customer 15733602,Savings,Spain,0.00
15620103,Customer 15620103,Savings,France,167181.01
15770406,Customer 15770406,Savings,Germany,121355.19
15800554,Customer 15800554,Savings,France,0.00
15611409,Customer 15611409,Savings,Spain,0.00
15646535,Customer 15646535,Savings,France,113226.47
15575430,Customer 15575430,Savings,France,118392.75
15711299,Customer 15711299,Savings,Germany,145262.54
15642063,Customer 15642063,Savings,France,163505.16
15706602,Customer 15706602,Savings,Spain,118114.28
15592773,Customer 15592773,Savings,Germany,108449.23
15786539,Customer 15786539,Savings,France,0.00
15737542,Customer 15737542,Savings,Germany,103294.56
15590234,Customer 15590234,Savings,France,0.00
15773776,Customer 15773776,Savings,France,0.00
15728082,Customer 15728082,Savings,Spain,0.00
15609987,Customer 15609987,Savings,France,119919.12
15735330,Customer 15735330,Savings,France,0.00
15649430,Customer 15649430,Savings,France,0.00
15768777,Customer 15768777,Savings,Spain,0.00
15777893,Customer 15777893,Savings,France,0.00
15791326,Customer 15791326,Savings,France,0.00
15615176,Customer 15615176,Savings,France,0.00
15735221,Customer 15735221,Savings,France,0.00
15617991,Customer 15617991,Savings,France,128744.04
15658504,Customer 15658504,Savings,Germany,137727.34
15785705,Customer 15785705,Savings,Germany,106731.58
15801817,Customer 15801817,Savings,France,123544.21
15752578,Customer 15752578,Savings,France,133968.96
15781574,Customer 15781574,Savings,Spain,126534.60
15792107,Customer 15792107,Savings,Spain,0.00
15569917,Customer 15569917,Savings,Spain,87609.68
15721504,Customer 15721504,Savings,Spain,0.00
15757306,Customer 15757306,Savings,Spain,0.00
15647295,Customer 15647295,Savings,France,0.00
15642098,Customer 15642098,Savings,Spain,108960.00
15696120,Customer 15696120,Savings,Spain,0.00
15675176,Customer 15675176,Savings,France,144953.31
15700046,Customer 15700046,Savings,France,103544.88
15782089,Customer 15782089,Savings,France,0.00
15706394,Customer 15706394,Savings,France,0.00
15759387,Customer 15759387,Savings,Germany,101487.18
15623369,Customer 15623369,Savings,France,105355.81
15732943,Customer 15732943,Savings,Spain,77967.50
15750545,Customer 15750545,Savings,France,0.00
15809909,Customer 15809909,Savings,Spain,0.00
15642448,Customer 15642448,Savings,Spain,120047.77
15791944,Customer 15791944,Savings,France,175464.85
15768342,Customer 15768342,Savings,France,79475.30
15567919,Customer 15567919,Savings,Germany,167735.69
15674750,Customer 15674750,Savings,Spain,0.00
15778345,Customer 15778345,Savings,France,74385.98
15687634,Customer 15687634,Savings,Germany,94754.00
15666096,Customer 15666096,Savings,Spain,0.00
15581700,Customer 15581700,Savings,Germany,86920.86
15656417,Customer 15656417,Savings,France,132077.48
15649101,Customer 15649101,Savings,France,127847.86
15781975,Customer 15781975,Savings,France,0.00
15700511,Customer 15700511,Savings,Germany,176702.36
15770255,Customer 15770255,Savings,Germany,83555.58
15643574,Customer 15643574,Savings,France,0.00
15595010,Customer 15595010,Savings,Spain,0.00
15580579,Customer 15580579,Savings,France,0.00
15748532,Customer 15748532,Savings,Spain,0.00
15773789,Customer 15773789,Savings,Spain,96858.35
15600027,Customer 15600027,Savings,Spain,0.00
15620832,Customer 15620832,Savings,France,0.00
15568819,Customer 15568819,Savings,Germany,132796.04
15748691,Customer 15748691,Savings,Spain,154970.54
15583552,Customer 15583552,Savings,Germany,88902.21
15588019,Customer 15588019,Savings,France,98738.92
15713250,Customer 15713250,Savings,France,0.00
15569595,Customer 15569595,Savings,France,0.00
15794868,Customer 15794868,Savings,Germany,137456.28
15576680,Customer 15576680,Savings,France,0.00
15613699,Customer 15613699,Savings,France,73937.02
15609758,Customer 15609758,Savings,France,158621.04
15762392,Customer 15762392,Savings,Spain,113257.20
15693382,Customer 15693382,Savings,France,0.00
15791769,Customer 15791769,Savings,France,116536.43
15712483,Customer 15712483,Savings,Spain,0.00
15636454,Customer 15636454,Savings,France,101070.69
15710138,Customer 15710138,Savings,Spain,0.00
15571571,Customer 15571571,Savings,Germany,127331.46
15638751,Customer 15638751,Savings,Spain,0.00
15598574,Customer 15598574,Savings,Spain,0.00
15796787,Customer 15796787,Savings,France,105969.42
15615670,Customer 15615670,Savings,France,119547.46
15705506,Customer 15705506,Savings,Spain,0.00
15599535,Customer 15599535,Savings,Spain,138668.18
15768449,Customer 15768449,Savings,France,51582.50
15725002,Customer 15725002,Savings,France,0.00
15611682,Customer 15611682,Savings,Spain,169902.92
15749964,Customer 15749964,Savings,France,87262.40
15678779,Customer 15678779,Savings,France,0.00
15752601,Customer 15752601,Savings,France,0.00
15758477,Customer 15758477,Savings,France,0.00
15629133,Customer 15629133,Savings,France,0.00
15604963,Customer 15604963,Savings,France,0.00
15796413,Customer 15796413,Savings,France,0.00
15812470,Customer 15812470,Savings,France,0.00
15587443,Customer 15587443,Savings,France,0.00
15689692,Customer 15689692,Savings,Germany,150348.37
15779586,Customer 15779586,Savings,Germany,115074.02
15667588,Customer 15667588,Savings,Spain,0.00
15624423,Customer 15624423,Savings,France,99986.98
15591107,Customer 15591107,Savings,Germany,110357.00
15748986,Customer 15748986,Savings,Germany,166685.92
15793896,Customer 15793896,Savings,Spain,95312.80
15620570,Customer 15620570,Savings,France,202443.47
15727811,Customer 15727811,Savings,Germany,109493.62
15707681,Customer 15707681,Savings,Germany,88977.39
15702030,Customer 15702030,Savings,France,104982.57
15673238,Customer 15673238,Savings,Germany,154110.99
15604196,Customer 15604196,Savings,France,185714.28
15769356,Customer 15769356,Savings,Germany,116022.53
15665590,Customer 15665590,Savings,France,0.00
15572361,Customer 15572361,Savings,Germany,164011.48
15667460,Customer 15667460,Savings,France,0.00
15654760,Customer 15654760,Savings,France,101514.89
15632669,Customer 15632669,Savings,Spain,0.00
15613673,Customer 15613673,Savings,France,0.00
15698522,Customer 15698522,Savings,Germany,134599.33
15741633,Customer 15741633,Savings,Spain,147511.26
15674583,Customer 15674583,Savings,France,78396.08
15665374,Customer 15665374,Savings,Spain,0.00
15588854,Customer 15588854,Savings,France,110581.29
15810716,Customer 15810716,Savings,Germany,151836.36
15776921,Customer 15776921,Savings,Germany,83624.55
15569394,Customer 15569394,Savings,France,148197.15
15788215,Customer 15788215,Savings,Spain,122924.75
15641007,Customer 15641007,Savings,France,72594.00
15594651,Customer 15594651,Savings,France,115221.36
15575146,Customer 15575146,Savings,Germany,117808.74
15608916,Customer 15608916,Savings,France,147754.68
15666297,Customer 15666297,Savings,Spain,0.00
15598586,Customer 15598586,Savings,France,113292.17
15665014,Customer 15665014,Savings,Spain,0.00
15701738,Customer 15701738,Savings,Germany,115163.38
15650591,Customer 15650591,Savings,Germany,118098.62
15652667,Customer 15652667,Savings,France,0.00
15679622,Customer 15679622,Savings,France,0.00
15730150,Customer 15730150,Savings,Spain,120825.70
15813192,Customer 15813192,Savings,France,0.00
15606554,Customer 15606554,Savings,France,0.00
15611794,Customer 15611794,Savings,Germany,133845.28
15672357,Customer 15672357,Savings,Spain,0.00
15711759,Customer 15711759,Savings,France,108541.04
15615296,Customer 15615296,Savings,France,0.00
15699294,Customer 15699294,Savings,France,0.00
15788634,Customer 15788634,Savings,Spain,113817.06
15660871,Customer 15660871,Savings,France,137300.23
15618258,Customer 15618258,Savings,Spain,158024.38
15722535,Customer 15722535,Savings,France,127837.54
15711977,Customer 15711977,Savings,France,161533.00
15690169,Customer 15690169,Savings,France,161171.70
15790689,Customer 15790689,Savings,Spain,80958.36
15665181,Customer 15665181,Savings,Spain,0.00
15633608,Customer 15633608,Savings,France,146193.60
15805261,Customer 15805261,Savings,Spain,0.00
15740356,Customer 15740356,Savings,Germany,115021.76
15808223,Customer 15808223,Savings,Spain,126773.43
15769980,Customer 15769980,Savings,Germany,92889.91
15675450,Customer 15675450,Savings,France,0.00
15776494,Customer 15776494,Savings,France,146622.35
15592412,Customer 15592412,Savings,Germany,131038.14
15777452,Customer 15777452,Savings,France,88820.29
15692258,Customer 15692258,Savings,Spain,115406.97
15791045,Customer 15791045,Savings,France,132951.92
15807889,Customer 15807889,Savings,Germany,108891.70
15602043,Customer 15602043,Savings,Germany,141788.63
15807335,Customer 15807335,Savings,Spain,116954.32
15629985,Customer 15629985,Savings,Germany,90450.00
15679453,Customer 15679453,Savings,Germany,125997.22
15637315,Customer 15637315,Savings,Spain,0.00
15691513,Customer 15691513,Savings,France,0.00
15622289,Customer 15622289,Savings,Spain,0.00
15715184,Customer 15715184,Savings,Spain,144637.86
15702801,Customer 15702801,Savings,France,86616.35
15719931,Customer 15719931,Savings,France,0.00
15806081,Customer 15806081,Savings,Germany,127924.25
15796336,Customer 15796336,Savings,Spain,0.00
15647306,Customer 15647306,Savings,France,131240.61
15742369,Customer 15742369,Savings,Spain,0.00
15655859,Customer 15655859,Savings,Spain,120046.74
15675650,Customer 15675650,Savings,France,97819.36
15574119,Customer 15574119,Savings,Spain,62979.93
15754168,Customer 15754168,Savings,France,0.00
15763029,Customer 15763029,Savings,Germany,161450.03
15765048,Customer 15765048,Savings,France,0.00
15786215,Customer 15786215,Savings,France,119496.25
15707559,Customer 15707559,Savings,France,0.00
15582129,Customer 15582129,Savings,France,43772.66
15687540,Customer 15687540,Savings,France,100249.41
15787196,Customer 15787196,Savings,Spain,0.00
15670898,Customer 15670898,Savings,France,108028.08
15775433,Customer 15775433,Savings,Germany,53013.29
15700693,Customer 15700693,Savings,France,0.00
15677955,Customer 15677955,Savings,Germany,122088.67
15570086,Customer 15570086,Savings,Germany,90544.00
15794875,Customer 15794875,Savings,Spain,0.00
15673591,Customer 15673591,Savings,France,141252.18
15631756,Customer 15631756,Savings,France,147813.05
15757617,Customer 15757617,Savings,France,134140.68
15612729,Customer 15612729,Savings,France,0.00
15637857,Customer 15637857,Savings,France,0.00
15681007,Customer 15681007,Savings,France,128548.49
15593622,Customer 15593622,Savings,France,122198.21
15629273,Customer 15629273,Savings,Germany,145177.84
15765846,Customer 15765846,Savings,Spain,94222.53
15596013,Customer 15596013,Savings,Germany,143212.22
15722473,Customer 15722473,Savings,France,0.00
15774936,Customer 15774936,Savings,Germany,143350.41
15685640,Customer 15685640,Savings,France,130931.83
15566563,Customer 15566563,Savings,France,137851.31
15768746,Customer 15768746,Savings,France,0.00
15689952,Customer 15689952,Savings,Spain,0.00
15725906,Customer 15725906,Savings,Spain,0.00
15634501,Customer 15634501,Savings,France,140614.15
15571940,Customer 15571940,Savings,Spain,118680.57
15741643,Customer 15741643,Savings,Germany,122917.69
15806822,Customer 15806822,Savings,France,0.00
15701166,Customer 15701166,Savings,France,131754.11
15718531,Customer 15718531,Savings,France,0.00
15628308,Customer 15628308,Savings,France,0.00
15585287,Customer 15585287,Savings,Germany,119948.09
15781619,Customer 15781619,Savings,France,0.00
15805162,Customer 15805162,Savings,France,0.00
15588535,Customer 15588535,Savings,Spain,0.00
15775307,Customer 15775307,Savings,Spain,97266.10
15777616,Customer 15777616,Savings,Germany,113690.83
15692291,Customer 15692291,Savings,Spain,99056.22
15680843,Customer 15680843,Savings,France,0.00
15606232,Customer 15606232,Savings,Spain,116338.68
15641585,Customer 15641585,Savings,France,97339.99
15684358,Customer 15684358,Savings,France,0.00
15806389,Customer 15806389,Savings,Germany,137592.31
15641860,Customer 15641860,Savings,Germany,108760.27
15814237,Customer 15814237,Savings,Germany,128770.88
15808780,Customer 15808780,Savings,France,0.00
15767064,Customer 15767064,Savings,Spain,44054.84
15751177,Customer 15751177,Savings,Germany,119657.53
15613427,Customer 15613427,Savings,Germany,108797.63
15647259,Customer 15647259,Savings,Spain,0.00
15748660,Customer 15748660,Savings,Germany,102025.32
15726695,Customer 15726695,Savings,Spain,122446.61
15757473,Customer 15757473,Savings,France,158786.67
15809509,Customer 15809509,Savings,France,125689.29
15715512,Customer 15715512,Savings,Germany,154640.41
15614168,Customer 15614168,Savings,Germany,146710.76
15679818,Customer 15679818,Savings,Germany,136709.35
15609928,Customer 15609928,Savings,Germany,129305.09
15731246,Customer 15731246,Savings,Spain,0.00
15685243,Customer 15685243,Savings,France,0.00
15638730,Customer 15638730,Savings,France,82844.33
15697034,Customer 15697034,Savings,Spain,0.00
15699225,Customer 15699225,Savings,France,0.00
15677387,Customer 15677387,Savings,Germany,76692.22
15759184,Customer 15759184,Savings,France,117715.84
15595991,Customer 15595991,Savings,France,87105.32
15681332,Customer 15681332,Savings,France,0.00
15756299,Customer 15756299,Savings,France,69311.16
15750547,Customer 15750547,Savings,France,0.00
15566380,Customer 15566380,Savings,Spain,66948.67
15675963,Customer 15675963,Savings,France,0.00
15674671,Customer 15674671,Savings,Spain,128410.71
15621466,Customer 15621466,Savings,Germany,99897.53
15607176,Customer 15607176,Savings,France,0.00
15570299,Customer 15570299,Savings,Germany,152622.34
15613197,Customer 15613197,Savings,France,0.00
15798885,Customer 15798885,Savings,France,138227.19
15714883,Customer 15714883,Savings,France,111395.53
15604497,Customer 15604497,Savings,Germany,84386.57
15773949,Customer 15773949,Savings,France,0.00
15774164,Customer 15774164,Savings,Germany,174673.65
15774127,Customer 15774127,Savings,France,0.00
15619016,Customer 15619016,Savings,Germany,109019.65
15795759,Customer 15795759,Savings,Germany,107906.75
15798844,Customer 15798844,Savings,France,128914.97
15717962,Customer 15717962,Savings,Spain,111179.83
15691504,Customer 15691504,Savings,Germany,124099.13
15693893,Customer 15693893,Savings,Germany,122471.09
15672499,Customer 15672499,Savings,France,134692.40
15750410,Customer 15750410,Savings,France,123816.50
15568904,Customer 15568904,Savings,Germany,106288.54
15649033,Customer 15649033,Savings,Germany,127723.25
15780989,Customer 15780989,Savings,Spain,145843.82
15771059,Customer 15771059,Savings,Germany,148200.72
15687852,Customer 15687852,Savings,France,104145.65
15695280,Customer 15695280,Savings,Germany,142755.25
15592751,Customer 15592751,Savings,Germany,81245.79
15598338,Customer 15598338,Savings,Germany,168560.46
15735784,Customer 15735784,Savings,France,0.00
15629128,Customer 15629128,Savings,Germany,132193.94
15642870,Customer 15642870,Savings,France,0.00
15637977,Customer 15637977,Savings,Germany,139330.10
15600792,Customer 15600792,Savings,Spain,0.00
15576131,Customer 15576131,Savings,France,0.00
15686588,Customer 15686588,Savings,France,134571.50
15761018,Customer 15761018,Savings,Germany,143829.20
15616029,Customer 15616029,Savings,France,0.00
15761149,Customer 15761149,Savings,France,133444.97
15802758,Customer 15802758,Savings,Germany,104753.84
15647838,Customer 15647838,Savings,Germany,116574.84
15735968,Customer 15735968,Savings,France,0.00
15581286,Customer 15581286,Savings,France,176914.80
15625445,Customer 15625445,Savings,France,68348.18
15600173,Customer 15600173,Savings,France,0.00
15635143,Customer 15635143,Savings,France,56726.83
15664849,Customer 15664849,Savings,Spain,65269.23
15762455,Customer 15762455,Savings,Spain,66220.17
15797165,Customer 15797165,Savings,France,0.00
15788189,Customer 15788189,Savings,France,96147.55
15780492,Customer 15780492,Savings,France,0.00
15678497,Customer 15678497,Savings,Spain,0.00
15588560,Customer 15588560,Savings,Germany,145330.43
15606003,Customer 15606003,Savings,France,0.00
15611756,Customer 15611756,Savings,Germany,124192.28
15789563,Customer 15789563,Savings,Germany,111288.18
15702416,Customer 15702416,Savings,France,107805.67
15766288,Customer 15766288,Savings,Germany,103700.69
15667633,Customer 15667633,Savings,France,0.00
15622774,Customer 15622774,Savings,France,0.00
15755416,Customer 15755416,Savings,France,87739.08
15769915,Customer 15769915,Savings,Spain,133313.34
15643908,Customer 15643908,Savings,France,0.00
15627395,Customer 15627395,Savings,Germany,154902.66
15679663,Customer 15679663,Savings,France,0.00
15651581,Customer 15651581,Savings,Germany,112595.85
15596379,Customer 15596379,Savings,Germany,119695.75
15746674,Customer 15746674,Savings,France,0.00
15801256,Customer 15801256,Savings,Spain,0.00
15663808,Customer 15663808,Savings,Germany,152614.51
15598521,Customer 15598521,Savings,Germany,131647.01
15621457,Customer 15621457,Savings,France,96654.72
15764726,Customer 15764726,Savings,France,137583.04
15646374,Customer 15646374,Savings,Germany,62717.84
15716501,Customer 15716501,Savings,France,95377.13
15589948,Customer 15589948,Savings,Spain,135936.10
15811343,Customer 15811343,Savings,Germany,161591.11
15659677,Customer 15659677,Savings,France,142382.03
15594436,Customer 15594436,Savings,Spain,0.00
15748995,Customer 15748995,Savings,Spain,0.00
15677062,Customer 15677062,Savings,France,127043.09
15697201,Customer 15697201,Savings,Spain,0.00
15666453,Customer 15666453,Savings,Germany,78885.88
15693771,Customer 15693771,Savings,Spain,95922.90
15569867,Customer 15569867,Savings,France,0.00
15711602,Customer 15711602,Savings,France,91711.59
15717736,Customer 15717736,Savings,Germany,110031.09
15750441,Customer 15750441,Savings,France,81210.72
15732791,Customer 15732791,Savings,Germany,122947.92
15775104,Customer 15775104,Savings,France,182065.85
15757607,Customer 15757607,Savings,France,0.00
15793070,Customer 15793070,Savings,Spain,69974.66
15760456,Customer 15760456,Savings,France,123711.73
15665385,Customer 15665385,Savings,France,76495.04
15612418,Customer 15612418,Savings,France,0.00
15727138,Customer 15727138,Savings,Spain,0.00
15732061,Customer 15732061,Savings,Germany,121874.89
15776051,Customer 15776051,Savings,France,0.00
15616530,Customer 15616530,Savings,France,188455.19
15632344,Customer 15632344,Savings,France,99045.93
15744979,Customer 15744979,Savings,France,0.00
15745433,Customer 15745433,Savings,Germany,205770.78
15683657,Customer 15683657,Savings,France,79340.95
15718572,Customer 15718572,Savings,Germany,138456.03
15665783,Customer 15665783,Savings,France,0.00
15652782,Customer 15652782,Savings,Germany,101099.90
15707025,Customer 15707025,Savings,Spain,0.00
15647807,Customer 15647807,Savings,France,109219.83
15718281,Customer 15718281,Savings,Germany,123276.69
15660571,Customer 15660571,Savings,Spain,113034.31
15727857,Customer 15727857,Savings,Spain,0.00
15639252,Customer 15639252,Savings,Spain,129548.50
15628144,Customer 15628144,Savings,France,74812.84
15683560,Customer 15683560,Savings,France,0.00
15653275,Customer 15653275,Savings,Spain,0.00
15622182,Customer 15622182,Savings,Germany,153538.13
15613962,Customer 15613962,Savings,France,0.00
15618437,Customer 15618437,Savings,Spain,0.00
15783338,Customer 15783338,Savings,Spain,155619.36
15764491,Customer 15764491,Savings,Spain,159693.90
15712960,Customer 15712960,Savings,Spain,171653.17
15688157,Customer 15688157,Savings,Germany,47685.47
15579287,Customer 15579287,Savings,France,0.00
15570931,Customer 15570931,Savings,France,0.00
15615177,Customer 15615177,Savings,Spain,123692.00
15809906,Customer 15809906,Savings,Germany,148853.29
15652169,Customer 15652169,Savings,France,133161.95
15649450,Customer 15649450,Savings,Germany,143221.35
15777179,Customer 15777179,Savings,France,0.00
15803538,Customer 15803538,Savings,Spain,0.00
15610936,Customer 15610936,Savings,France,0.00
15590094,Customer 15590094,Savings,Germany,126265.88
15572706,Customer 15572706,Savings,France,0.00
15634564,Customer 15634564,Savings,Spain,112713.34
15684296,Customer 15684296,Savings,France,141173.03
15702293,Customer 15702293,Savings,Spain,0.00
15642099,Customer 15642099,Savings,Spain,0.00
15773273,Customer 15773273,Savings,Spain,118866.36
15613337,Customer 15613337,Savings,France,0.00
15800482,Customer 15800482,Savings,Spain,0.00
15732644,Customer 15732644,Savings,Spain,92316.31
15713426,Customer 15713426,Savings,Germany,122185.53
15640789,Customer 15640789,Savings,France,123345.85
15598892,Customer 15598892,Savings,France,73070.18
15606436,Customer 15606436,Savings,Spain,0.00
15751227,Customer 15751227,Savings,France,95120.59
15812365,Customer 15812365,Savings,France,102800.65
15616088,Customer 15616088,Savings,France,97072.42
15803886,Customer 15803886,Savings,Spain,132876.55
15587311,Customer 15587311,Savings,Spain,0.00
15617401,Customer 15617401,Savings,France,0.00
15775886,Customer 15775886,Savings,France,0.00
15807305,Customer 15807305,Savings,France,0.00
15761717,Customer 15761717,Savings,France,51962.91
15628008,Customer 15628008,Savings,Spain,98759.89
15583755,Customer 15583755,Savings,Germany,156570.86
15661409,Customer 15661409,Savings,France,0.00
15774250,Customer 15774250,Savings,France,159024.71
15681476,Customer 15681476,Savings,France,73493.17
15654870,Customer 15654870,Savings,France,0.00
15790448,Customer 15790448,Savings,France,69617.36
15785326,Customer 15785326,Savings,Spain,136526.26
15592854,Customer 15592854,Savings,France,113736.27
15617486,Customer 15617486,Savings,France,106723.28
15806796,Customer 15806796,Savings,Germany,138847.90
15644699,Customer 15644699,Savings,France,0.00
15622305,Customer 15622305,Savings,Germany,107868.14
15608209,Customer 15608209,Savings,Germany,96926.12
15626898,Customer 15626898,Savings,France,77599.23
15644297,Customer 15644297,Savings,Germany,178787.54
15731569,Customer 15731569,Savings,France,0.00
15582149,Customer 15582149,Savings,Germany,129668.43
15802483,Customer 15802483,Savings,France,146178.13
15686999,Customer 15686999,Savings,France,0.00
15772479,Customer 15772479,Savings,France,0.00
15778884,Customer 15778884,Savings,France,154763.21
15623630,Customer 15623630,Savings,Germany,116251.24
15774316,Customer 15774316,Savings,France,0.00
15695097,Customer 15695097,Savings,Germany,100954.88
15645404,Customer 15645404,Savings,France,124620.01
15750574,Customer 15750574,Savings,Spain,0.00
15636812,Customer 15636812,Savings,France,112701.04
15712068,Customer 15712068,Savings,Spain,84692.50
15652030,Customer 15652030,Savings,Germany,108204.52
15577398,Customer 15577398,Savings,France,86449.39
15756848,Customer 15756848,Savings,Spain,0.00
15806929,Customer 15806929,Savings,Germany,73194.99
15656005,Customer 15656005,Savings,Germany,124593.23
15722632,Customer 15722632,Savings,Germany,119655.77
15794356,Customer 15794356,Savings,Germany,121765.37
15659656,Customer 15659656,Savings,France,110837.73
15588341,Customer 15588341,Savings,Spain,99835.17
15709142,Customer 15709142,Savings,Germany,91057.37
15627042,Customer 15627042,Savings,France,0.00
15627517,Customer 15627517,Savings,Spain,149400.27
15803032,Customer 15803032,Savings,Germany,89111.63
15665129,Customer 15665129,Savings,Germany,132527.90
15628272,Customer 15628272,Savings,France,114997.42
15678206,Customer 15678206,Savings,France,161798.53
15678427,Customer 15678427,Savings,Germany,96129.32
15678067,Customer 15678067,Savings,Spain,0.00
15793331,Customer 15793331,Savings,France,133050.97
15699532,Customer 15699532,Savings,France,120124.35
15605827,Customer 15605827,Savings,France,0.00
15643635,Customer 15643635,Savings,Spain,133705.74
15787710,Customer 15787710,Savings,Spain,0.00
15614137,Customer 15614137,Savings,France,0.00
15754494,Customer 15754494,Savings,France,152805.05
15713440,Customer 15713440,Savings,Germany,151701.45
15803479,Customer 15803479,Savings,France,0.00
15709639,Customer 15709639,Savings,France,112465.06
15601719,Customer 15601719,Savings,Germany,156007.09
15772482,Customer 15772482,Savings,Germany,132405.52
15591489,Customer 15591489,Savings,France,142662.68
15629002,Customer 15629002,Savings,Germany,102603.30
15798053,Customer 15798053,Savings,Spain,0.00
15753895,Customer 15753895,Savings,Spain,0.00
15595426,Customer 15595426,Savings,Spain,105000.85
15645815,Customer 15645815,Savings,France,0.00
15632848,Customer 15632848,Savings,France,69518.95
15703068,Customer 15703068,Savings,Germany,126145.54
15791513,Customer 15791513,Savings,France,138937.35
15587210,Customer 15587210,Savings,Germany,113581.98
15793803,Customer 15793803,Savings,France,112572.39
15787756,Customer 15787756,Savings,Germany,114514.71
15723437,Customer 15723437,Savings,France,0.00
15702715,Customer 15702715,Savings,France,0.00
15809872,Customer 15809872,Savings,France,84906.45
15644295,Customer 15644295,Savings,Spain,126816.18
15778694,Customer 15778694,Savings,Germany,105249.76
15759555,Customer 15759555,Savings,Spain,0.00
15631406,Customer 15631406,Savings,Germany,109387.90
15616676,Customer 15616676,Savings,Germany,122478.51
15771154,Customer 15771154,Savings,France,137732.23
15669491,Customer 15669491,Savings,France,157866.77
15697691,Customer 15697691,Savings,France,0.00
15665180,Customer 15665180,Savings,France,136789.14
15752588,Customer 15752588,Savings,France,0.00
15743051,Customer 15743051,Savings,France,144684.03
15571873,Customer 15571873,Savings,France,107065.31
15679743,Customer 15679743,Savings,France,91301.72
15769412,Customer 15769412,Savings,Spain,207034.96
15775124,Customer 15775124,Savings,Spain,0.00
15732113,Customer 15732113,Savings,Spain,0.00
15578141,Customer 15578141,Savings,Spain,0.00
15595874,Customer 15595874,Savings,Spain,0.00
15755642,Customer 15755642,Savings,France,0.00
15576526,Customer 15576526,Savings,Spain,0.00
15792489,Customer 15792489,Savings,Spain,0.00
15733705,Customer 15733705,Savings,France,92472.10
15807221,Customer 15807221,Savings,Spain,0.00
15573045,Customer 15573045,Savings,France,127738.75
15756824,Customer 15756824,Savings,Germany,101242.98
15773520,Customer 15773520,Savings,France,92599.55
15627439,Customer 15627439,Savings,Spain,0.00
15701439,Customer 15701439,Savings,Spain,0.00
15785352,Customer 15785352,Savings,France,82373.94
15616525,Customer 15616525,Savings,Spain,141356.47
15717489,Customer 15717489,Savings,France,0.00
15795737,Customer 15795737,Savings,Spain,72664.00
15693877,Customer 15693877,Savings,France,123365.34
15576111,Customer 15576111,Savings,Germany,121898.58
15595713,Customer 15595713,Savings,Spain,0.00
15808868,Customer 15808868,Savings,France,103696.97
15708193,Customer 15708193,Savings,France,0.00
15697801,Customer 15697801,Savings,Germany,74129.18
15770121,Customer 15770121,Savings,France,0.00
15800524,Customer 15800524,Savings,Germany,185379.02
15686236,Customer 15686236,Savings,Germany,118087.68
15659807,Customer 15659807,Savings,Spain,109402.13
15736078,Customer 15736078,Savings,Germany,130367.87
15620836,Customer 15620836,Savings,Germany,108410.87
15698184,Customer 15698184,Savings,France,90408.16
15717643,Customer 15717643,Savings,France,90425.15
15776596,Customer 15776596,Savings,Spain,140094.59
15814757,Customer 15814757,Savings,Spain,0.00
15812607,Customer 15812607,Savings,Germany,95439.40
15663888,Customer 15663888,Savings,Germany,204017.40
15748882,Customer 15748882,Savings,Spain,0.00
15690829,Customer 15690829,Savings,Germany,137115.16
15695819,Customer 15695819,Savings,Germany,134740.19
15696834,Customer 15696834,Savings,France,0.00
15797710,Customer 15797710,Savings,Germany,98955.87
15700654,Customer 15700654,Savings,Germany,49157.09
15583764,Customer 15583764,Savings,Germany,130240.33
15688849,Customer 15688849,Savings,France,108019.27
15661473,Customer 15661473,Savings,Germany,126725.25
15601030,Customer 15601030,Savings,Germany,96693.66
15789557,Customer 15789557,Savings,Germany,129810.60
15745250,Customer 15745250,Savings,France,156652.13
15590349,Customer 15590349,Savings,France,0.00
15741693,Customer 15741693,Savings,France,130661.96
15618446,Customer 15618446,Savings,France,0.00
15766552,Customer 15766552,Savings,France,0.00
15668775,Customer 15668775,Savings,France,130747.10
15757895,Customer 15757895,Savings,Germany,106629.49
15774551,Customer 15774551,Savings,Spain,112029.83
15684011,Customer 15684011,Savings,Germany,130575.26
15736146,Customer 15736146,Savings,Germany,96679.71
15656286,Customer 15656286,Savings,France,0.00
15774847,Customer 15774847,Savings,France,171740.69
15619340,Customer 15619340,Savings,Spain,0.00
15815656,Customer 15815656,Savings,Germany,100116.67
15623357,Customer 15623357,Savings,Germany,120596.93
15601324,Customer 15601324,Savings,France,0.00
15715510,Customer 15715510,Savings,France,95984.69
15663770,Customer 15663770,Savings,France,142557.11
15779267,Customer 15779267,Savings,France,0.00
15597957,Customer 15597957,Savings,Spain,0.00
15584620,Customer 15584620,Savings,Germany,143644.16
15750772,Customer 15750772,Savings,France,132129.72
15706557,Customer 15706557,Savings,France,0.00
15594391,Customer 15594391,Savings,France,183555.24
15661656,Customer 15661656,Savings,France,91902.56
15631217,Customer 15631217,Savings,France,156218.19
15588955,Customer 15588955,Savings,Germany,93259.57
15758252,Customer 15758252,Savings,Germany,168085.38
15740223,Customer 15740223,Savings,Germany,107714.74
15805413,Customer 15805413,Savings,France,117852.26
15635116,Customer 15635116,Savings,Spain,0.00
15764892,Customer 15764892,Savings,Spain,84474.62
15795936,Customer 15795936,Savings,France,0.00
15655232,Customer 15655232,Savings,Germany,126803.34
15640133,Customer 15640133,Savings,France,0.00
15751524,Customer 15751524,Savings,Germany,68806.84
15670552,Customer 15670552,Savings,France,115141.18
15623966,Customer 15623966,Savings,France,0.00
15752193,Customer 15752193,Savings,Spain,90723.36
15607269,Customer 15607269,Savings,Germany,151249.45
15700752,Customer 15700752,Savings,France,0.00
15777901,Customer 15777901,Savings,Germany,94752.49
15639117,Customer 15639117,Savings,Spain,0.00
15720203,Customer 15720203,Savings,Spain,0.00
15586236,Customer 15586236,Savings,France,132084.66
15676645,Customer 15676645,Savings,France,0.00
15715988,Customer 15715988,Savings,France,0.00
15603749,Customer 15603749,Savings,France,45472.28
15608956,Customer 15608956,Savings,France,0.00
15733872,Customer 15733872,Savings,Germany,130229.71
15666982,Customer 15666982,Savings,Germany,123948.85
15602647,Customer 15602647,Savings,Germany,127415.85
15623063,Customer 15623063,Savings,Germany,110067.71
15682928,Customer 15682928,Savings,Spain,65521.20
15729246,Customer 15729246,Savings,Spain,0.00
15588928,Customer 15588928,Savings,France,0.00
15803352,Customer 15803352,Savings,Germany,155736.42
15607485,Customer 15607485,Savings,Spain,0.00
15656249,Customer 15656249,Savings,France,118307.57
15761783,Customer 15761783,Savings,France,0.00
15716605,Customer 15716605,Savings,Germany,103099.17
15757425,Customer 15757425,Savings,France,0.00
15603096,Customer 15603096,Savings,France,125789.69
15588580,Customer 15588580,Savings,Germany,109646.83
15770539,Customer 15770539,Savings,France,127187.86
15572022,Customer 15572022,Savings,France,0.00
15571843,Customer 15571843,Savings,Spain,0.00
15752502,Customer 15752502,Savings,France,130385.82
15609058,Customer 15609058,Savings,France,107787.47
15775108,Customer 15775108,Savings,France,99325.04
15708904,Customer 15708904,Savings,France,0.00
15600086,Customer 15600086,Savings,France,123764.95
15814675,Customer 15814675,Savings,Germany,128264.03
15572777,Customer 15572777,Savings,Spain,86006.21
15585106,Customer 15585106,Savings,Germany,57068.43
15738936,Customer 15738936,Savings,Germany,103607.24
15750970,Customer 15750970,Savings,Spain,99004.24
15725772,Customer 15725772,Savings,Spain,0.00
15692106,Customer 15692106,Savings,Spain,147386.72
15791533,Customer 15791533,Savings,Spain,93608.28
15715715,Customer 15715715,Savings,Spain,0.00
15785576,Customer 15785576,Savings,Germany,119496.87
15798834,Customer 15798834,Savings,Spain,0.00
15744127,Customer 15744127,Savings,France,0.00
15637427,Customer 15637427,Savings,Spain,0.00
15576990,Customer 15576990,Savings,Germany,152885.77
15615352,Customer 15615352,Savings,France,99607.37
15647333,Customer 15647333,Savings,France,137003.68
15572050,Customer 15572050,Savings,Germany,122831.58
15581370,Customer 15581370,Savings,Spain,99811.44
15813503,Customer 15813503,Savings,Spain,154712.58
15769783,Customer 15769783,Savings,Spain,0.00
15793135,Customer 15793135,Savings,Germany,147687.24
15599182,Customer 15599182,Savings,Spain,0.00
15689517,Customer 15689517,Savings,France,127009.83
15641366,Customer 15641366,Savings,Germany,124737.96
15588859,Customer 15588859,Savings,Spain,179356.28
15732293,Customer 15732293,Savings,Spain,0.00
15568032,Customer 15568032,Savings,Germany,127320.36
15623525,Customer 15623525,Savings,Spain,125175.58
15606601,Customer 15606601,Savings,France,186788.96
15800811,Customer 15800811,Savings,France,148556.74
15610711,Customer 15610711,Savings,Germany,128644.46
15809654,Customer 15809654,Savings,France,127476.73
15576077,Customer 15576077,Savings,France,159561.93
15643378,Customer 15643378,Savings,France,112419.92
15566790,Customer 15566790,Savings,France,129991.76
15774402,Customer 15774402,Savings,Spain,0.00
15694641,Customer 15694641,Savings,Spain,0.00
15605916,Customer 15605916,Savings,France,0.00
15812356,Customer 15812356,Savings,Germany,89175.06
15644179,Customer 15644179,Savings,France,0.00
15771674,Customer 15771674,Savings,Spain,162390.52
15623314,Customer 15623314,Savings,Germany,190353.08
15613292,Customer 15613292,Savings,France,0.00
15813871,Customer 15813871,Savings,France,0.00
15759480,Customer 15759480,Savings,France,139180.97
15587712,Customer 15587712,Savings,France,114435.47
15671165,Customer 15671165,Savings,France,149950.19
15620746,Customer 15620746,Savings,France,126115.60
15706537,Customer 15706537,Savings,Germany,111396.97
15589312,Customer 15589312,Savings,France,115007.08
15741180,Customer 15741180,Savings,France,102141.90
15733888,Customer 15733888,Savings,Spain,133686.52
15798532,Customer 15798532,Savings,France,120879.73
15577359,Customer 15577359,Savings,Spain,0.00
15614936,Customer 15614936,Savings,Spain,82321.88
15747647,Customer 15747647,Savings,Spain,0.00
15588566,Customer 15588566,Savings,Spain,116474.28
15570141,Customer 15570141,Savings,France,132352.69
15800793,Customer 15800793,Savings,Germany,182491.57
15572415,Customer 15572415,Savings,France,0.00
15635125,Customer 15635125,Savings,Spain,120787.18
15636551,Customer 15636551,Savings,France,130181.47
15600912,Customer 15600912,Savings,Germany,88348.43
15768476,Customer 15768476,Savings,Spain,0.00
15650266,Customer 15650266,Savings,Germany,146186.28
15621004,Customer 15621004,Savings,France,0.00
15748352,Customer 15748352,Savings,Spain,104488.17
15788920,Customer 15788920,Savings,Germany,109196.67
15743236,Customer 15743236,Savings,France,80538.56
15637717,Customer 15637717,Savings,Germany,109026.80
15635500,Customer 15635500,Savings,Germany,61319.63
15634792,Customer 15634792,Savings,France,0.00
15607560,Customer 15607560,Savings,France,0.00
15727177,Customer 15727177,Savings,France,177822.03
15774358,Customer 15774358,Savings,Germany,110939.30
15791304,Customer 15791304,Savings,Germany,165413.43
15603328,Customer 15603328,Savings,France,77805.66
15804937,Customer 15804937,Savings,France,0.00
15804142,Customer 15804142,Savings,Spain,175575.95
15608845,Customer 15608845,Savings,Spain,124197.22
15702434,Customer 15702434,Savings,France,0.00
15632609,Customer 15632609,Savings,France,160132.75
15603550,Customer 15603550,Savings,Germany,70258.88
15755239,Customer 15755239,Savings,Germany,162657.64
15670528,Customer 15670528,Savings,Germany,132217.45
15732704,Customer 15732704,Savings,Spain,148042.97
15589019,Customer 15589019,Savings,Spain,92855.02
15677796,Customer 15677796,Savings,Germany,129289.98
15760177,Customer 15760177,Savings,Spain,100252.18
15636595,Customer 15636595,Savings,Spain,107592.89
15737275,Customer 15737275,Savings,France,113096.41
15672905,Customer 15672905,Savings,Spain,0.00
15753955,Customer 15753955,Savings,Spain,149940.04
15708504,Customer 15708504,Savings,Germany,121438.58
15592451,Customer 15592451,Savings,France,0.00
15790455,Customer 15790455,Savings,France,0.00
15572174,Customer 15572174,Savings,France,148874.01
15656330,Customer 15656330,Savings,Spain,68138.37
15569626,Customer 15569626,Savings,Spain,110080.30
15608726,Customer 15608726,Savings,France,0.00
15637366,Customer 15637366,Savings,Germany,114268.85
15778049,Customer 15778049,Savings,Germany,117412.35
15727421,Customer 15727421,Savings,France,0.00
15688865,Customer 15688865,Savings,France,0.00
15751032,Customer 15751032,Savings,Germany,35549.81
15734737,Customer 15734737,Savings,France,0.00
15746515,Customer 15746515,Savings,France,136492.92
15664311,Customer 15664311,Savings,Germany,123675.69
15708139,Customer 15708139,Savings,France,139532.34
15768574,Customer 15768574,Savings,Spain,178713.98
15738018,Customer 15738018,Savings,France,0.00
15699753,Customer 15699753,Savings,France,89086.31
15703199,Customer 15703199,Savings,Spain,96143.47
15627830,Customer 15627830,Savings,Germany,32197.64
15570855,Customer 15570855,Savings,France,0.00
15772503,Customer 15772503,Savings,France,0.00
15584453,Customer 15584453,Savings,Spain,0.00
15710111,Customer 15710111,Savings,France,0.00
15618562,Customer 15618562,Savings,Germany,140306.38
15706764,Customer 15706764,Savings,France,0.00
15798737,Customer 15798737,Savings,France,0.00
15712608,Customer 15712608,Savings,Germany,74483.97
15636736,Customer 15636736,Savings,France,0.00
15703544,Customer 15703544,Savings,Spain,0.00
15815645,Customer 15815645,Savings,France,152303.66
15705739,Customer 15705739,Savings,Germany,159904.79
15709643,Customer 15709643,Savings,France,0.00
15669805,Customer 15669805,Savings,Germany,99557.94
15737489,Customer 15737489,Savings,Spain,116886.59
15775131,Customer 15775131,Savings,Spain,142188.20
15765283,Customer 15765283,Savings,Germany,149961.99
15628715,Customer 15628715,Savings,France,0.00
15813283,Customer 15813283,Savings,France,0.00
15745716,Customer 15745716,Savings,Spain,0.00
15598485,Customer 15598485,Savings,Spain,28649.64
15696552,Customer 15696552,Savings,France,81025.60
15754569,Customer 15754569,Savings,France,0.00
15701741,Customer 15701741,Savings,France,152462.79
15572631,Customer 15572631,Savings,France,0.00
15636069,Customer 15636069,Savings,Spain,155519.59
15682467,Customer 15682467,Savings,France,118851.05
15790744,Customer 15790744,Savings,France,92899.27
15625023,Customer 15625023,Savings,France,0.00
15731267,Customer 15731267,Savings,France,75263.70
15742879,Customer 15742879,Savings,Spain,147904.31
15757015,Customer 15757015,Savings,Germany,106640.50
15770711,Customer 15770711,Savings,Germany,90696.78
15569430,Customer 15569430,Savings,Spain,175509.80
15617304,Customer 15617304,Savings,France,0.00
15704466,Customer 15704466,Savings,France,0.00
15664681,Customer 15664681,Savings,France,114321.28
15605534,Customer 15605534,Savings,Germany,95560.04
15792473,Customer 15792473,Savings,Germany,88379.81
15802625,Customer 15802625,Savings,Germany,85915.52
15766017,Customer 15766017,Savings,Germany,72309.30
15762172,Customer 15762172,Savings,France,0.00
15728333,Customer 15728333,Savings,France,0.00
15792868,Customer 15792868,Savings,France,0.00
15605698,Customer 15605698,Savings,France,0.00
15777060,Customer 15777060,Savings,France,0.00
15626243,Customer 15626243,Savings,France,133844.22
15719898,Customer 15719898,Savings,France,154872.08
15599976,Customer 15599976,Savings,France,0.00
15752809,Customer 15752809,Savings,Spain,116121.67
15589698,Customer 15589698,Savings,Germany,107104.50
15609977,Customer 15609977,Savings,France,71026.77
15750121,Customer 15750121,Savings,France,0.00
15734177,Customer 15734177,Savings,France,0.00
15781347,Customer 15781347,Savings,France,0.00
15592025,Customer 15592025,Savings,France,0.00
15670163,Customer 15670163,Savings,France,0.00
15765402,Customer 15765402,Savings,France,145644.05
15624343,Customer 15624343,Savings,Spain,129667.77
15602354,Customer 15602354,Savings,Germany,109341.87
15579183,Customer 15579183,Savings,France,0.00
15584899,Customer 15584899,Savings,France,0.00
15723658,Customer 15723658,Savings,Spain,0.00
15803965,Customer 15803965,Savings,France,87485.67
15682489,Customer 15682489,Savings,France,0.00
15813645,Customer 15813645,Savings,France,53369.13
15766787,Customer 15766787,Savings,France,0.00
15687171,Customer 15687171,Savings,Spain,146679.77
15690744,Customer 15690744,Savings,France,112499.42
15707974,Customer 15707974,Savings,Spain,48387.00
15673084,Customer 15673084,Savings,Spain,68079.80
15814772,Customer 15814772,Savings,Germany,160133.88
15743709,Customer 15743709,Savings,France,66190.33
15610343,Customer 15610343,Savings,France,0.00
15737414,Customer 15737414,Savings,France,123761.68
15788480,Customer 15788480,Savings,Germany,122325.58
15568519,Customer 15568519,Savings,France,0.00
15792453,Customer 15792453,Savings,Spain,138912.17
15658100,Customer 15658100,Savings,France,0.00
15695197,Customer 15695197,Savings,Germany,128524.19
15749807,Customer 15749807,Savings,Spain,0.00
15773876,Customer 15773876,Savings,France,0.00
15591698,Customer 15591698,Savings,Germany,132934.89
15712813,Customer 15712813,Savings,Germany,150805.17
15763898,Customer 15763898,Savings,Spain,0.00
15793324,Customer 15793324,Savings,Spain,0.00
15757759,Customer 15757759,Savings,Spain,165969.26
15796230,Customer 15796230,Savings,Germany,124495.98
15611729,Customer 15611729,Savings,Germany,141559.50
15709531,Customer 15709531,Savings,France,114756.14
15650751,Customer 15650751,Savings,France,0.00
15641413,Customer 15641413,Savings,Germany,155393.98
15753840,Customer 15753840,Savings,Spain,0.00
15669994,Customer 15669994,Savings,Germany,128663.81
15695301,Customer 15695301,Savings,Spain,113522.64
15792004,Customer 15792004,Savings,Spain,0.00
15603035,Customer 15603035,Savings,France,0.00
15717286,Customer 15717286,Savings,Spain,79035.95
15577107,Customer 15577107,Savings,Spain,0.00
15754747,Customer 15754747,Savings,Germany,141918.09
15705676,Customer 15705676,Savings,France,107944.33
15751912,Customer 15751912,Savings,France,0.00
15677336,Customer 15677336,Savings,Germany,120043.13
15684395,Customer 15684395,Savings,Spain,125191.69
15659949,Customer 15659949,Savings,France,96399.31
15812422,Customer 15812422,Savings,France,0.00
15806941,Customer 15806941,Savings,France,76961.60
15637690,Customer 15637690,Savings,Germany,98675.74
15632882,Customer 15632882,Savings,Germany,126817.13
15807107,Customer 15807107,Savings,France,121394.42
15661034,Customer 15661034,Savings,Germany,106059.40
15811958,Customer 15811958,Savings,Germany,112755.34
15785167,Customer 15785167,Savings,Spain,0.00
15646720,Customer 15646720,Savings,Spain,0.00
15658614,Customer 15658614,Savings,Germany,145400.69
15704657,Customer 15704657,Savings,France,72647.64
15567147,Customer 15567147,Savings,Spain,0.00
15701319,Customer 15701319,Savings,Germany,96340.81
15745266,Customer 15745266,Savings,Spain,0.00
15650437,Customer 15650437,Savings,Germany,124450.36
15764314,Customer 15764314,Savings,Germany,113877.23
15612594,Customer 15612594,Savings,Spain,0.00
15593501,Customer 15593501,Savings,France,148667.81
15804150,Customer 15804150,Savings,France,0.00
15649297,Customer 15649297,Savings,France,111065.93
15641110,Customer 15641110,Savings,France,0.00
15660608,Customer 15660608,Savings,France,158697.61
15806570,Customer 15806570,Savings,France,0.00
15715345,Customer 15715345,Savings,Spain,0.00
15755521,Customer 15755521,Savings,France,90044.32
15579074,Customer 15579074,Savings,Germany,84651.79
15641158,Customer 15641158,Savings,Germany,102128.27
15752507,Customer 15752507,Savings,Germany,148846.39
15597983,Customer 15597983,Savings,France,154953.94
15586069,Customer 15586069,Savings,France,108883.29
15655082,Customer 15655082,Savings,France,112070.86
15720155,Customer 15720155,Savings,Germany,131354.39
15582116,Customer 15582116,Savings,Germany,132746.20
15749365,Customer 15749365,Savings,France,0.00
15632069,Customer 15632069,Savings,France,125211.55
15663134,Customer 15663134,Savings,Spain,0.00
15766683,Customer 15766683,Savings,Germany,139422.37
15707219,Customer 15707219,Savings,France,0.00
15709232,Customer 15709232,Savings,Germany,157099.47
15801351,Customer 15801351,Savings,France,0.00
15578747,Customer 15578747,Savings,Spain,83600.24
15675626,Customer 15675626,Savings,France,0.00
15583736,Customer 15583736,Savings,Germany,81795.74
15590011,Customer 15590011,Savings,Spain,129378.32
15609913,Customer 15609913,Savings,France,0.00
15719479,Customer 15719479,Savings,Spain,0.00
15575147,Customer 15575147,Savings,France,99339.00
15597309,Customer 15597309,Savings,Spain,0.00
15648367,Customer 15648367,Savings,Germany,74430.10
15758031,Customer 15758031,Savings,Spain,91241.85
15751771,Customer 15751771,Savings,Germany,99092.45
15689288,Customer 15689288,Savings,France,0.00
15731026,Customer 15731026,Savings,Germany,100062.16
15775809,Customer 15775809,Savings,Germany,98723.67
15743076,Customer 15743076,Savings,Spain,0.00
15658258,Customer 15658258,Savings,France,128760.32
15756321,Customer 15756321,Savings,Spain,144772.69
15706799,Customer 15706799,Savings,Spain,0.00
15775703,Customer 15775703,Savings,France,71281.29
15642636,Customer 15642636,Savings,France,117035.89
15704651,Customer 15704651,Savings,France,0.00
15806771,Customer 15806771,Savings,France,3768.69
15566735,Customer 15566735,Savings,Germany,108913.84
15681671,Customer 15681671,Savings,Germany,101100.22
15775949,Customer 15775949,Savings,France,110615.47
15586752,Customer 15586752,Savings,Germany,152143.89
15582519,Customer 15582519,Savings,France,121797.09
15658233,Customer 15658233,Savings,France,109798.25
15755330,Customer 15755330,Savings,Germany,122403.24
15605072,Customer 15605072,Savings,France,145860.98
15617538,Customer 15617538,Savings,Spain,0.00
15591428,Customer 15591428,Savings,France,0.00
15692142,Customer 15692142,Savings,Germany,105086.74
15692931,Customer 15692931,Savings,France,114991.45
15781127,Customer 15781127,Savings,Spain,96769.04
15677136,Customer 15677136,Savings,France,0.00
15677828,Customer 15677828,Savings,France,0.00
15567897,Customer 15567897,Savings,Germany,132725.10
15793641,Customer 15793641,Savings,France,0.00
15678333,Customer 15678333,Savings,France,0.00
15630511,Customer 15630511,Savings,France,0.00
15792627,Customer 15792627,Savings,Spain,84557.82
15717191,Customer 15717191,Savings,France,93817.41
15625716,Customer 15625716,Savings,France,113913.53
15710053,Customer 15710053,Savings,Germany,140406.68
15580043,Customer 15580043,Savings,Spain,105229.34
15601410,Customer 15601410,Savings,Spain,0.00
15684669,Customer 15684669,Savings,France,137891.35
15619083,Customer 15619083,Savings,France,0.00
15692207,Customer 15692207,Savings,France,0.00
15730705,Customer 15730705,Savings,France,165252.52
15749688,Customer 15749688,Savings,France,0.00
15728542,Customer 15728542,Savings,France,0.00
15760063,Customer 15760063,Savings,Spain,0.00
15658982,Customer 15658982,Savings,Germany,122034.40
15758769,Customer 15758769,Savings,France,0.00
15778481,Customer 15778481,Savings,France,118962.58
15661162,Customer 15661162,Savings,Spain,0.00
15568164,Customer 15568164,Savings,France,71379.53
15601569,Customer 15601569,Savings,France,171178.25
15772383,Customer 15772383,Savings,France,131307.11
15667456,Customer 15667456,Savings,Spain,0.00
15672983,Customer 15672983,Savings,Spain,87099.85
15799534,Customer 15799534,Savings,France,183135.39
15582847,Customer 15582847,Savings,France,0.00
15612478,Customer 15612478,Savings,France,0.00
15709621,Customer 15709621,Savings,France,0.00
15802009,Customer 15802009,Savings,France,0.00
15698816,Customer 15698816,Savings,Spain,72535.45
15574830,Customer 15574830,Savings,Germany,128137.42
15603082,Customer 15603082,Savings,France,0.00
15685947,Customer 15685947,Savings,Germany,115915.53
15643048,Customer 15643048,Savings,France,0.00
15807568,Customer 15807568,Savings,France,0.00
15597591,Customer 15597591,Savings,France,107000.49
15747558,Customer 15747558,Savings,Spain,0.00
15756655,Customer 15756655,Savings,France,0.00
15589949,Customer 15589949,Savings,Spain,152806.74
15601012,Customer 15601012,Savings,France,92887.06
15724269,Customer 15724269,Savings,France,0.00
15567506,Customer 15567506,Savings,Germany,114940.67
15791877,Customer 15791877,Savings,Germany,140641.26
15794360,Customer 15794360,Savings,Germany,71816.74
15686538,Customer 15686538,Savings,France,0.00
15585985,Customer 15585985,Savings,France,165282.42
15699257,Customer 15699257,Savings,Spain,143145.87
15804104,Customer 15804104,Savings,France,114731.76
15727619,Customer 15727619,Savings,Germany,113909.69
15740237,Customer 15740237,Savings,Germany,116695.27
15801436,Customer 15801436,Savings,France,0.00
15705735,Customer 15705735,Savings,Spain,0.00
15649359,Customer 15649359,Savings,France,0.00
15624892,Customer 15624892,Savings,Germany,93978.96
15784918,Customer 15784918,Savings,Germany,121968.11
15584785,Customer 15584785,Savings,France,97324.91
15797197,Customer 15797197,Savings,Spain,0.00
15574858,Customer 15574858,Savings,France,0.00
15794101,Customer 15794101,Savings,France,0.00
15743245,Customer 15743245,Savings,France,145155.37
15791535,Customer 15791535,Savings,France,137222.77
15605215,Customer 15605215,Savings,France,0.00
15771749,Customer 15771749,Savings,Germany,114268.22
15616833,Customer 15616833,Savings,Spain,0.00
15750728,Customer 15750728,Savings,Spain,0.00
15769353,Customer 15769353,Savings,France,150490.32
15770091,Customer 15770091,Savings,Germany,160858.13
15716420,Customer 15716420,Savings,Spain,170288.38
15740602,Customer 15740602,Savings,Germany,111568.01
15796071,Customer 15796071,Savings,Spain,83889.03
15811389,Customer 15811389,Savings,Germany,171982.95
15783875,Customer 15783875,Savings,France,0.00
15671800,Customer 15671800,Savings,France,137624.40
15677288,Customer 15677288,Savings,France,121159.65
15633525,Customer 15633525,Savings,France,0.00
15634606,Customer 15634606,Savings,Spain,0.00
15579207,Customer 15579207,Savings,France,91184.01
15619892,Customer 15619892,Savings,Spain,0.00
15567778,Customer 15567778,Savings,Germany,144027.80
15711750,Customer 15711750,Savings,France,0.00
15751084,Customer 15751084,Savings,France,140170.61
15768945,Customer 15768945,Savings,France,62092.90
15586931,Customer 15586931,Savings,Spain,0.00
15636353,Customer 15636353,Savings,Spain,0.00
15623858,Customer 15623858,Savings,France,0.00
15703354,Customer 15703354,Savings,France,103516.87
15663987,Customer 15663987,Savings,Spain,0.00
15780805,Customer 15780805,Savings,France,0.00
15768566,Customer 15768566,Savings,France,0.00
15643229,Customer 15643229,Savings,France,0.00
15754940,Customer 15754940,Savings,Spain,85162.26
15676576,Customer 15676576,Savings,France,143061.88
15800068,Customer 15800068,Savings,Spain,0.00
15648030,Customer 15648030,Savings,Spain,137388.01
15668594,Customer 15668594,Savings,Germany,137712.01
15728709,Customer 15728709,Savings,Germany,106901.42
15724181,Customer 15724181,Savings,Spain,105603.21
15647546,Customer 15647546,Savings,Germany,150679.71
15702601,Customer 15702601,Savings,Germany,108300.27
15567725,Customer 15567725,Savings,France,52016.08
15674179,Customer 15674179,Savings,Germany,60515.13
15686957,Customer 15686957,Savings,Germany,158584.28
15607690,Customer 15607690,Savings,Germany,118812.50
15806546,Customer 15806546,Savings,Spain,0.00
15632850,Customer 15632850,Savings,France,0.00
15709016,Customer 15709016,Savings,Germany,91219.29
15638068,Customer 15638068,Savings,Spain,0.00
15749345,Customer 15749345,Savings,France,76318.64
15791321,Customer 15791321,Savings,Spain,0.00
15699095,Customer 15699095,Savings,France,0.00
15638329,Customer 15638329,Savings,Germany,111432.13
15575445,Customer 15575445,Savings,Spain,150148.51
15752622,Customer 15752622,Savings,France,38550.06
15774507,Customer 15774507,Savings,France,119013.86
15570857,Customer 15570857,Savings,Germany,111213.64
15599386,Customer 15599386,Savings,Germany,71097.23
15744913,Customer 15744913,Savings,Spain,109632.85
15647292,Customer 15647292,Savings,France,148368.02
15728838,Customer 15728838,Savings,France,148600.91
15584704,Customer 15584704,Savings,France,71083.98
15749068,Customer 15749068,Savings,France,139625.34
15622985,Customer 15622985,Savings,France,0.00
15587676,Customer 15587676,Savings,France,0.00
15779496,Customer 15779496,Savings,France,81564.10
15733460,Customer 15733460,Savings,Spain,0.00
15711457,Customer 15711457,Savings,France,124540.28
15795290,Customer 15795290,Savings,France,133616.39
15611223,Customer 15611223,Savings,Germany,101648.50
15794159,Customer 15794159,Savings,France,124281.84
15780677,Customer 15780677,Savings,France,0.00
15690175,Customer 15690175,Savings,Spain,0.00
15722599,Customer 15722599,Savings,France,183613.66
15569976,Customer 15569976,Savings,Germany,136186.44
15707011,Customer 15707011,Savings,France,137682.68
15702277,Customer 15702277,Savings,France,106005.54
15801915,Customer 15801915,Savings,France,152310.55
15580213,Customer 15580213,Savings,France,0.00
15637947,Customer 15637947,Savings,Spain,134446.04
15715888,Customer 15715888,Savings,France,142289.28
15732967,Customer 15732967,Savings,France,0.00
15737047,Customer 15737047,Savings,France,0.00
15694039,Customer 15694039,Savings,Germany,149003.76
15649457,Customer 15649457,Savings,Germany,131341.46
15742809,Customer 15742809,Savings,Spain,77919.78
15637829,Customer 15637829,Savings,France,0.00
15633194,Customer 15633194,Savings,France,108309.00
15611635,Customer 15611635,Savings,Spain,0.00
15638774,Customer 15638774,Savings,Spain,0.00
15722037,Customer 15722037,Savings,Germany,115462.02
15672930,Customer 15672930,Savings,Spain,0.00
15668774,Customer 15668774,Savings,Germany,122739.10
15780966,Customer 15780966,Savings,France,0.00
15659694,Customer 15659694,Savings,Germany,113781.50
15624424,Customer 15624424,Savings,Spain,0.00
15708713,Customer 15708713,Savings,France,0.00
15755405,Customer 15755405,Savings,France,128284.45
15647570,Customer 15647570,Savings,Germany,120591.19
15684348,Customer 15684348,Savings,France,0.00
15702541,Customer 15702541,Savings,France,166968.28
15646942,Customer 15646942,Savings,Spain,0.00
15748920,Customer 15748920,Savings,France,0.00
15694581,Customer 15694581,Savings,Spain,0.00
15643215,Customer 15643215,Savings,Germany,71667.97
15649060,Customer 15649060,Savings,Germany,82729.47
15774258,Customer 15774258,Savings,France,0.00
15731553,Customer 15731553,Savings,France,0.00
15617029,Customer 15617029,Savings,Spain,0.00
15780716,Customer 15780716,Savings,Germany,129626.19
15577018,Customer 15577018,Savings,Germany,114035.39
15809515,Customer 15809515,Savings,Germany,151922.94
15789924,Customer 15789924,Savings,France,0.00
15725076,Customer 15725076,Savings,Spain,107751.68
15672481,Customer 15672481,Savings,France,0.00
15574115,Customer 15574115,Savings,Spain,101179.23
15661830,Customer 15661830,Savings,Spain,0.00
15665879,Customer 15665879,Savings,France,0.00
15673820,Customer 15673820,Savings,France,0.00
15747772,Customer 15747772,Savings,Germany,58571.18
15666197,Customer 15666197,Savings,Germany,153058.64
15773639,Customer 15773639,Savings,Germany,98270.34
15581893,Customer 15581893,Savings,France,130788.71
15672447,Customer 15672447,Savings,Germany,99165.84
15777830,Customer 15777830,Savings,France,0.00
15713890,Customer 15713890,Savings,France,0.00
15577598,Customer 15577598,Savings,Spain,115636.05
15786042,Customer 15786042,Savings,Germany,185932.18
15753462,Customer 15753462,Savings,Germany,72549.00
15759690,Customer 15759690,Savings,France,0.00
15801414,Customer 15801414,Savings,France,0.00
15656141,Customer 15656141,Savings,France,0.00
15608701,Customer 15608701,Savings,Germany,121890.06
15582892,Customer 15582892,Savings,France,99786.07
15632967,Customer 15632967,Savings,France,0.00
15587573,Customer 15587573,Savings,Germany,115084.53
15654891,Customer 15654891,Savings,France,0.00
15611365,Customer 15611365,Savings,France,127661.69
15749103,Customer 15749103,Savings,Germany,118907.60
15810203,Customer 15810203,Savings,Germany,77627.33
15813660,Customer 15813660,Savings,Spain,160625.17
15605673,Customer 15605673,Savings,Spain,0.00
15669282,Customer 15669282,Savings,France,124266.86
15792726,Customer 15792726,Savings,France,127974.06
15593241,Customer 15593241,Savings,France,0.00
15683053,Customer 15683053,Savings,Spain,0.00
15632736,Customer 15632736,Savings,Germany,104911.35
15731865,Customer 15731865,Savings,France,0.00
15760450,Customer 15760450,Savings,France,0.00
15787204,Customer 15787204,Savings,Spain,110646.54
15650454,Customer 15650454,Savings,France,0.00
15573730,Customer 15573730,Savings,Germany,126704.49
15705050,Customer 15705050,Savings,France,0.00
15791342,Customer 15791342,Savings,Spain,84560.04
15684316,Customer 15684316,Savings,France,0.00
15700540,Customer 15700540,Savings,Germany,129893.56
15770631,Customer 15770631,Savings,Spain,167385.81
15790594,Customer 15790594,Savings,France,0.00
15604020,Customer 15604020,Savings,Germany,105858.71
15637599,Customer 15637599,Savings,Germany,123070.89
15736578,Customer 15736578,Savings,France,0.00
15666332,Customer 15666332,Savings,Spain,0.00
15727291,Customer 15727291,Savings,France,0.00
15785920,Customer 15785920,Savings,Germany,125141.24
15658987,Customer 15658987,Savings,France,96173.17
15687719,Customer 15687719,Savings,Spain,0.00
15799641,Customer 15799641,Savings,Spain,0.00
15758702,Customer 15758702,Savings,France,0.00
15689526,Customer 15689526,Savings,Germany,127543.11
15586848,Customer 15586848,Savings,France,0.00
15707637,Customer 15707637,Savings,France,0.00
15719426,Customer 15719426,Savings,France,103101.56
15639265,Customer 15639265,Savings,France,126113.28
15576124,Customer 15576124,Savings,France,40488.76
15757829,Customer 15757829,Savings,Germany,137389.77
15633227,Customer 15633227,Savings,France,85146.36
15753092,Customer 15753092,Savings,Germany,129828.58
15782939,Customer 15782939,Savings,France,80214.36
15746338,Customer 15746338,Savings,France,0.00
15590676,Customer 15590676,Savings,France,141796.43
15599329,Customer 15599329,Savings,France,195238.29
15783097,Customer 15783097,Savings,Germany,111348.15
15597885,Customer 15597885,Savings,France,0.00
15597467,Customer 15597467,Savings,France,0.00
15724764,Customer 15724764,Savings,Germany,64404.26
15778418,Customer 15778418,Savings,Germany,154309.67
15684769,Customer 15684769,Savings,France,129431.36
15756167,Customer 15756167,Savings,Spain,134204.67
15632439,Customer 15632439,Savings,France,0.00
15755138,Customer 15755138,Savings,France,0.00
15659092,Customer 15659092,Savings,France,0.00
15742116,Customer 15742116,Savings,Germany,116711.06
15801994,Customer 15801994,Savings,France,0.00
15647572,Customer 15647572,Savings,Spain,54980.81
15644551,Customer 15644551,Savings,Spain,99773.85
15709135,Customer 15709135,Savings,Germany,101231.77
15684469,Customer 15684469,Savings,Germany,117070.21
15627637,Customer 15627637,Savings,Germany,73314.04
15667093,Customer 15667093,Savings,France,0.00
15690589,Customer 15690589,Savings,France,212314.03
15595350,Customer 15595350,Savings,France,136067.82
15777586,Customer 15777586,Savings,Spain,109052.04
15804064,Customer 15804064,Savings,France,79126.17
15717770,Customer 15717770,Savings,Spain,0.00
15754443,Customer 15754443,Savings,France,108308.00
15776939,Customer 15776939,Savings,Germany,102290.56
15713517,Customer 15713517,Savings,France,102025.08
15683522,Customer 15683522,Savings,Germany,113383.07
15673995,Customer 15673995,Savings,Spain,102541.10
15771054,Customer 15771054,Savings,Spain,0.00
15578788,Customer 15578788,Savings,Spain,0.00
15737408,Customer 15737408,Savings,France,109941.51
15750837,Customer 15750837,Savings,Germany,141749.68
15576022,Customer 15576022,Savings,France,0.00
15635502,Customer 15635502,Savings,France,0.00
15627298,Customer 15627298,Savings,France,85146.48
15811415,Customer 15811415,Savings,France,134066.10
15645059,Customer 15645059,Savings,France,0.00
15689671,Customer 15689671,Savings,Spain,0.00
15718667,Customer 15718667,Savings,France,87619.29
15803202,Customer 15803202,Savings,France,0.00
15593683,Customer 15593683,Savings,Spain,0.00
15703394,Customer 15703394,Savings,Spain,0.00
15570289,Customer 15570289,Savings,Germany,103409.16
15567437,Customer 15567437,Savings,Germany,123040.38
15711687,Customer 15711687,Savings,France,108128.52
15656592,Customer 15656592,Savings,Germany,169023.33
15634373,Customer 15634373,Savings,France,0.00
15769125,Customer 15769125,Savings,Spain,0.00
15711386,Customer 15711386,Savings,France,0.00
15714241,Customer 15714241,Savings,Spain,222267.63
15642530,Customer 15642530,Savings,Germany,144090.42
15713599,Customer 15713599,Savings,France,114835.43
15744770,Customer 15744770,Savings,France,0.00
15780498,Customer 15780498,Savings,France,145030.92
15624397,Customer 15624397,Savings,France,71240.30
15615219,Customer 15615219,Savings,France,138772.15
15570908,Customer 15570908,Savings,Spain,93617.07
15762855,Customer 15762855,Savings,Spain,0.00
15661827,Customer 15661827,Savings,Spain,0.00
15746035,Customer 15746035,Savings,Spain,74237.20
15691906,Customer 15691906,Savings,Germany,127421.78
15793424,Customer 15793424,Savings,Spain,61274.70
15577905,Customer 15577905,Savings,France,106486.66
15667216,Customer 15667216,Savings,France,73194.52
15673971,Customer 15673971,Savings,Germany,146498.76
15701238,Customer 15701238,Savings,France,0.00
15644849,Customer 15644849,Savings,France,0.00
15635531,Customer 15635531,Savings,Spain,0.00
15632263,Customer 15632263,Savings,Spain,120355.00
15720110,Customer 15720110,Savings,France,117265.21
15619045,Customer 15619045,Savings,France,0.00
15697510,Customer 15697510,Savings,Spain,0.00
15784923,Customer 15784923,Savings,Germany,109974.22
15567383,Customer 15567383,Savings,Germany,98009.13
15732621,Customer 15732621,Savings,France,0.00
15757981,Customer 15757981,Savings,France,0.00
15727819,Customer 15727819,Savings,Spain,171671.90
15738088,Customer 15738088,Savings,Spain,0.00
15765173,Customer 15765173,Savings,France,0.00
15665159,Customer 15665159,Savings,France,128213.96
15618203,Customer 15618203,Savings,Germany,116197.65
15791452,Customer 15791452,Savings,France,0.00
15638159,Customer 15638159,Savings,Spain,86607.39
15585466,Customer 15585466,Savings,France,0.00
15677310,Customer 15677310,Savings,Germany,98854.34
15646262,Customer 15646262,Savings,France,0.00
15656901,Customer 15656901,Savings,France,0.00
15621093,Customer 15621093,Savings,Germany,97338.19
15592123,Customer 15592123,Savings,France,0.00
15589200,Customer 15589200,Savings,Spain,0.00
15602934,Customer 15602934,Savings,France,131698.57
15812720,Customer 15812720,Savings,Germany,130110.45
15695383,Customer 15695383,Savings,Spain,0.00
15723064,Customer 15723064,Savings,Spain,165149.13
15761606,Customer 15761606,Savings,Spain,101707.80
15650322,Customer 15650322,Savings,France,105588.66
15669782,Customer 15669782,Savings,Germany,111336.89
15751628,Customer 15751628,Savings,France,78391.17
15809057,Customer 15809057,Savings,Spain,0.00
15617052,Customer 15617052,Savings,France,0.00
15590810,Customer 15590810,Savings,Germany,144326.09
15801293,Customer 15801293,Savings,Germany,101278.25
15770968,Customer 15770968,Savings,Germany,108711.57
15572356,Customer 15572356,Savings,Spain,108555.07
15603247,Customer 15603247,Savings,Germany,146781.24
15619116,Customer 15619116,Savings,France,0.00
15691792,Customer 15691792,Savings,Spain,0.00
15783276,Customer 15783276,Savings,France,0.00
15766137,Customer 15766137,Savings,France,0.00
15574554,Customer 15574554,Savings,Germany,103291.25
15578671,Customer 15578671,Savings,Spain,209490.21
15716608,Customer 15716608,Savings,Spain,0.00
15690670,Customer 15690670,Savings,France,0.00
15630466,Customer 15630466,Savings,France,0.00
15630349,Customer 15630349,Savings,Spain,0.00
15803801,Customer 15803801,Savings,France,0.00
15647890,Customer 15647890,Savings,France,149405.18
15606115,Customer 15606115,Savings,France,191665.21
15714642,Customer 15714642,Savings,Spain,0.00
15741181,Customer 15741181,Savings,France,135071.12
15773973,Customer 15773973,Savings,France,0.00
15758546,Customer 15758546,Savings,Spain,0.00
15598940,Customer 15598940,Savings,Germany,181804.34
15669783,Customer 15669783,Savings,France,47020.65
15624993,Customer 15624993,Savings,France,128518.98
15760568,Customer 15760568,Savings,Germany,142658.04
15699047,Customer 15699047,Savings,France,120150.39
15616168,Customer 15616168,Savings,France,81905.95
15773146,Customer 15773146,Savings,France,137998.20
15770375,Customer 15770375,Savings,Germany,123126.29
15589725,Customer 15589725,Savings,France,0.00
15710034,Customer 15710034,Savings,Germany,135645.29
15800806,Customer 15800806,Savings,Spain,122449.31
15570485,Customer 15570485,Savings,Spain,161766.87
15575391,Customer 15575391,Savings,France,0.00
15790750,Customer 15790750,Savings,Germany,123187.51
15714832,Customer 15714832,Savings,Germany,150956.71
15619953,Customer 15619953,Savings,Spain,105021.28
15673929,Customer 15673929,Savings,France,0.00
15578835,Customer 15578835,Savings,Spain,133204.91
15752388,Customer 15752388,Savings,Spain,0.00
15797081,Customer 15797081,Savings,Germany,115488.52
15570194,Customer 15570194,Savings,France,0.00
15580149,Customer 15580149,Savings,Spain,0.00
15777708,Customer 15777708,Savings,Spain,0.00
15769955,Customer 15769955,Savings,France,0.00
15810444,Customer 15810444,Savings,Germany,130565.02
15645593,Customer 15645593,Savings,France,91328.71
15765345,Customer 15765345,Savings,France,0.00
15760873,Customer 15760873,Savings,France,81310.34
15794178,Customer 15794178,Savings,France,107136.60
15589361,Customer 15589361,Savings,Spain,0.00
15662483,Customer 15662483,Savings,France,0.00
15809736,Customer 15809736,Savings,France,0.00
15731148,Customer 15731148,Savings,France,108477.49
15774328,Customer 15774328,Savings,Germany,144757.97
15646969,Customer 15646969,Savings,Spain,0.00
15718769,Customer 15718769,Savings,Spain,113110.26
15610226,Customer 15610226,Savings,France,106414.57
15616270,Customer 15616270,Savings,Spain,106920.91
15790717,Customer 15790717,Savings,Spain,0.00
15635703,Customer 15635703,Savings,Germany,131513.26
15616365,Customer 15616365,Savings,France,0.00
15630244,Customer 15630244,Savings,France,134320.23
15734714,Customer 15734714,Savings,France,79715.36
15721433,Customer 15721433,Savings,France,74306.19
15590201,Customer 15590201,Savings,Spain,0.00
15590828,Customer 15590828,Savings,Germany,126428.38
15752097,Customer 15752097,Savings,Spain,99640.89
15800031,Customer 15800031,Savings,France,66338.68
15630857,Customer 15630857,Savings,Spain,0.00
15689953,Customer 15689953,Savings,Spain,128226.37
15759733,Customer 15759733,Savings,France,0.00
15810826,Customer 15810826,Savings,France,0.00
15668009,Customer 15668009,Savings,Spain,0.00
15743456,Customer 15743456,Savings,France,0.00
15725762,Customer 15725762,Savings,France,122168.65
15761713,Customer 15761713,Savings,France,178074.33
15769246,Customer 15769246,Savings,Germany,135078.41
15781129,Customer 15781129,Savings,Spain,69434.40
15599124,Customer 15599124,Savings,France,0.00
15639004,Customer 15639004,Savings,France,0.00
15810995,Customer 15810995,Savings,Germany,122726.56
15653773,Customer 15653773,Savings,France,164496.99
15708357,Customer 15708357,Savings,Spain,0.00
15733597,Customer 15733597,Savings,France,150219.41
15789560,Customer 15789560,Savings,France,187534.79
15699524,Customer 15699524,Savings,France,0.00
15626475,Customer 15626475,Savings,France,0.00
15810839,Customer 15810839,Savings,France,103108.17
15684318,Customer 15684318,Savings,Germany,96486.57
15768120,Customer 15768120,Savings,Germany,90560.48
15712807,Customer 15712807,Savings,Spain,131764.96
15696371,Customer 15696371,Savings,Spain,92476.88
15675794,Customer 15675794,Savings,Germany,152076.93
15774277,Customer 15774277,Savings,France,0.00
15603764,Customer 15603764,Savings,France,0.00
15618647,Customer 15618647,Savings,France,43504.42
15614643,Customer 15614643,Savings,Spain,0.00
15707696,Customer 15707696,Savings,Spain,0.00
15749583,Customer 15749583,Savings,Germany,93569.86
15815125,Customer 15815125,Savings,Spain,102486.21
15779620,Customer 15779620,Savings,France,0.00
15768233,Customer 15768233,Savings,Germany,114346.30
15637788,Customer 15637788,Savings,France,110203.77
15777046,Customer 15777046,Savings,France,128362.59
15788723,Customer 15788723,Savings,Germany,143888.22
15790489,Customer 15790489,Savings,Spain,170600.78
15739476,Customer 15739476,Savings,France,0.00
15612670,Customer 15612670,Savings,Spain,0.00
15631222,Customer 15631222,Savings,France,75339.64
15658972,Customer 15658972,Savings,France,122038.34
15724691,Customer 15724691,Savings,France,0.00
15740442,Customer 15740442,Savings,France,186825.57
15760427,Customer 15760427,Savings,France,124788.18
15677939,Customer 15677939,Savings,France,0.00
15611599,Customer 15611599,Savings,France,0.00
15633474,Customer 15633474,Savings,France,138553.57
15671973,Customer 15671973,Savings,Spain,0.00
15790019,Customer 15790019,Savings,France,105387.89
15737735,Customer 15737735,Savings,Spain,95053.10
15661745,Customer 15661745,Savings,France,0.00
15797065,Customer 15797065,Savings,Spain,0.00
15710671,Customer 15710671,Savings,France,137361.96
15656522,Customer 15656522,Savings,Spain,158537.42
15705085,Customer 15705085,Savings,Spain,0.00
15744873,Customer 15744873,Savings,Germany,143595.87
15781914,Customer 15781914,Savings,Germany,169947.41
15637354,Customer 15637354,Savings,France,148167.83
15717307,Customer 15717307,Savings,France,0.00
15746695,Customer 15746695,Savings,France,48023.83
15804962,Customer 15804962,Savings,France,155655.46
15665378,Customer 15665378,Savings,France,0.00
15757865,Customer 15757865,Savings,France,0.00
15578787,Customer 15578787,Savings,France,0.00
15794323,Customer 15794323,Savings,France,121240.76
15697546,Customer 15697546,Savings,France,0.00
15629519,Customer 15629519,Savings,France,0.00
15624703,Customer 15624703,Savings,Germany,129847.75
15570002,Customer 15570002,Savings,Germany,118772.71
15808566,Customer 15808566,Savings,France,0.00
15805463,Customer 15805463,Savings,Germany,105163.88
15709136,Customer 15709136,Savings,France,0.00
15801605,Customer 15801605,Savings,France,0.00
15567855,Customer 15567855,Savings,France,0.00
15675141,Customer 15675141,Savings,France,93934.63
15665759,Customer 15665759,Savings,France,117866.92
15761487,Customer 15761487,Savings,France,0.00
15700394,Customer 15700394,Savings,Spain,122857.46
15631162,Customer 15631162,Savings,France,0.00
15630641,Customer 15630641,Savings,France,127103.97
15585066,Customer 15585066,Savings,France,0.00
15722991,Customer 15722991,Savings,France,96402.96
15737404,Customer 15737404,Savings,France,132512.26
15722409,Customer 15722409,Savings,Spain,107604.66
15806420,Customer 15806420,Savings,France,0.00
15658148,Customer 15658148,Savings,France,0.00
15810660,Customer 15810660,Savings,Germany,120875.23
15709780,Customer 15709780,Savings,France,71786.90
15727350,Customer 15727350,Savings,France,113143.12
15752312,Customer 15752312,Savings,Spain,150777.72
15616745,Customer 15616745,Savings,Spain,174894.53
15572294,Customer 15572294,Savings,France,0.00
15674110,Customer 15674110,Savings,France,160416.56
15662501,Customer 15662501,Savings,France,91246.53
15649239,Customer 15649239,Savings,Spain,0.00
15700424,Customer 15700424,Savings,France,0.00
15636388,Customer 15636388,Savings,Germany,98775.23
15713975,Customer 15713975,Savings,Germany,139756.12
15592925,Customer 15592925,Savings,Spain,177626.77
15581626,Customer 15581626,Savings,France,0.00
15641319,Customer 15641319,Savings,Spain,0.00
15723481,Customer 15723481,Savings,Spain,0.00
15787825,Customer 15787825,Savings,Germany,152496.82
15710726,Customer 15710726,Savings,France,0.00
15627195,Customer 15627195,Savings,Germany,112930.28
15657957,Customer 15657957,Savings,Germany,113674.20
15676117,Customer 15676117,Savings,France,0.00
15607874,Customer 15607874,Savings,France,144450.58
15796993,Customer 15796993,Savings,France,171236.30
15649858,Customer 15649858,Savings,Spain,96776.49
15811032,Customer 15811032,Savings,Germany,145984.92
15679963,Customer 15679963,Savings,Germany,96353.80
15579131,Customer 15579131,Savings,France,0.00
15572428,Customer 15572428,Savings,Germany,115777.23
15622461,Customer 15622461,Savings,France,122822.00
15636105,Customer 15636105,Savings,Spain,0.00
15583849,Customer 15583849,Savings,France,0.00
15718780,Customer 15718780,Savings,Spain,79450.09
15739271,Customer 15739271,Savings,Germany,122394.00
15697129,Customer 15697129,Savings,Spain,0.00
15763415,Customer 15763415,Savings,Germany,134378.89
15796617,Customer 15796617,Savings,France,0.00
15626628,Customer 15626628,Savings,Spain,88161.85
15765857,Customer 15765857,Savings,Spain,142412.13
15742511,Customer 15742511,Savings,France,121030.90
15786433,Customer 15786433,Savings,Germany,165982.43
15685805,Customer 15685805,Savings,Spain,0.00
15627971,Customer 15627971,Savings,France,206663.75
15783025,Customer 15783025,Savings,Germany,94661.53
15726289,Customer 15726289,Savings,France,174400.36
15802118,Customer 15802118,Savings,Spain,123428.69
15607990,Customer 15607990,Savings,Spain,175735.50
15695932,Customer 15695932,Savings,Spain,78381.13
15812279,Customer 15812279,Savings,France,115345.86
15687558,Customer 15687558,Savings,Germany,118613.34
15729065,Customer 15729065,Savings,Germany,109960.06
15698902,Customer 15698902,Savings,Germany,142703.40
15570192,Customer 15570192,Savings,Germany,121729.42
15809265,Customer 15809265,Savings,France,0.00
15745201,Customer 15745201,Savings,France,139496.35
15580623,Customer 15580623,Savings,Spain,0.00
15578156,Customer 15578156,Savings,Spain,138521.83
15631063,Customer 15631063,Savings,France,0.00
15692577,Customer 15692577,Savings,Germany,83727.68
15810910,Customer 15810910,Savings,Spain,0.00
15723217,Customer 15723217,Savings,France,0.00
15733111,Customer 15733111,Savings,Spain,124179.30
15610727,Customer 15610727,Savings,France,128829.25
15792720,Customer 15792720,Savings,France,171490.78
15723153,Customer 15723153,Savings,Spain,0.00
15802823,Customer 15802823,Savings,Spain,0.00
15756118,Customer 15756118,Savings,Spain,0.00
15684934,Customer 15684934,Savings,France,0.00
15776936,Customer 15776936,Savings,France,160818.08
15729087,Customer 15729087,Savings,Germany,156367.60
15786463,Customer 15786463,Savings,Germany,121669.93
15717498,Customer 15717498,Savings,France,133970.22
15718406,Customer 15718406,Savings,France,0.00
15799468,Customer 15799468,Savings,France,96127.27
15626383,Customer 15626383,Savings,Spain,121907.97
15597385,Customer 15597385,Savings,Spain,0.00
15570271,Customer 15570271,Savings,Spain,0.00
15690330,Customer 15690330,Savings,Germany,77701.64
15680611,Customer 15680611,Savings,France,0.00
15810227,Customer 15810227,Savings,France,0.00
15807194,Customer 15807194,Savings,Spain,113922.44
15712199,Customer 15712199,Savings,Germany,183997.70
15694995,Customer 15694995,Savings,France,0.00
15723400,Customer 15723400,Savings,France,0.00
15654772,Customer 15654772,Savings,France,89799.46
15574743,Customer 15574743,Savings,Spain,0.00
15807593,Customer 15807593,Savings,Spain,85660.96
15686718,Customer 15686718,Savings,Germany,115569.21
15695299,Customer 15695299,Savings,France,81828.22
15722701,Customer 15722701,Savings,Germany,132694.73
15799635,Customer 15799635,Savings,Spain,108867.00
15742323,Customer 15742323,Savings,France,0.00
15658435,Customer 15658435,Savings,France,0.00
15586029,Customer 15586029,Savings,Germany,96152.68
15772337,Customer 15772337,Savings,Germany,153855.52
15807555,Customer 15807555,Savings,France,0.00
15603378,Customer 15603378,Savings,France,141334.95
15792862,Customer 15792862,Savings,Germany,104584.11
15657349,Customer 15657349,Savings,Germany,98173.02
15777614,Customer 15777614,Savings,Spain,0.00
15653952,Customer 15653952,Savings,Germany,135157.05
15724336,Customer 15724336,Savings,Germany,171601.27
15689594,Customer 15689594,Savings,France,179539.20
15801920,Customer 15801920,Savings,Germany,80615.46
15653347,Customer 15653347,Savings,Spain,0.00
15749951,Customer 15749951,Savings,Germany,126285.73
15648178,Customer 15648178,Savings,Germany,137964.51
15738662,Customer 15738662,Savings,Germany,159434.03
15640855,Customer 15640855,Savings,Germany,113574.61
15584288,Customer 15584288,Savings,France,0.00
15760988,Customer 15760988,Savings,Germany,124573.33
15569624,Customer 15569624,Savings,Germany,105864.60
15597949,Customer 15597949,Savings,Germany,104552.61
15604551,Customer 15604551,Savings,France,0.00
15617476,Customer 15617476,Savings,France,0.00
15645323,Customer 15645323,Savings,France,0.00
15793311,Customer 15793311,Savings,Germany,119492.88
15764153,Customer 15764153,Savings,France,130499.09
15802560,Customer 15802560,Savings,Spain,140576.11
15728608,Customer 15728608,Savings,Germany,91025.58
15770474,Customer 15770474,Savings,France,0.00
15724444,Customer 15724444,Savings,France,125877.65
15753110,Customer 15753110,Savings,Spain,45752.78
15711521,Customer 15711521,Savings,France,121778.71
15632816,Customer 15632816,Savings,Germany,127948.57
15693637,Customer 15693637,Savings,France,0.00
15725509,Customer 15725509,Savings,Germany,115286.68
15684645,Customer 15684645,Savings,Germany,62078.21
15692235,Customer 15692235,Savings,France,0.00
15777459,Customer 15777459,Savings,Spain,175406.13
15656937,Customer 15656937,Savings,Spain,131643.25
15610643,Customer 15610643,Savings,Germany,151739.65
15777315,Customer 15777315,Savings,France,93616.35
15611058,Customer 15611058,Savings,Germany,138597.54
15630413,Customer 15630413,Savings,France,0.00
15635942,Customer 15635942,Savings,France,0.00
15648858,Customer 15648858,Savings,France,85225.21
15810732,Customer 15810732,Savings,France,148749.29
15705448,Customer 15705448,Savings,Germany,130013.12
15730488,Customer 15730488,Savings,Spain,0.00
15620443,Customer 15620443,Savings,France,0.00
15741078,Customer 15741078,Savings,France,111729.47
15753161,Customer 15753161,Savings,France,180169.44
15711396,Customer 15711396,Savings,Spain,0.00
15593499,Customer 15593499,Savings,Spain,0.00
15579189,Customer 15579189,Savings,France,0.00
15743545,Customer 15743545,Savings,Spain,0.00
15791316,Customer 15791316,Savings,France,0.00
15608246,Customer 15608246,Savings,Germany,103914.17
15676526,Customer 15676526,Savings,France,88772.87
15813911,Customer 15813911,Savings,France,0.00
15630195,Customer 15630195,Savings,France,131184.67
15736250,Customer 15736250,Savings,France,117810.79
15671334,Customer 15671334,Savings,France,0.00
15574169,Customer 15574169,Savings,Germany,92466.21
15718839,Customer 15718839,Savings,Germany,102741.15
15762331,Customer 15762331,Savings,France,178755.84
15606901,Customer 15606901,Savings,France,0.00
15713559,Customer 15713559,Savings,Germany,146602.25
15768881,Customer 15768881,Savings,France,0.00
15743075,Customer 15743075,Savings,France,0.00
15660980,Customer 15660980,Savings,Spain,115702.67
15810942,Customer 15810942,Savings,Germany,137655.31
15728362,Customer 15728362,Savings,France,0.00
15683339,Customer 15683339,Savings,Spain,59877.33
15685476,Customer 15685476,Savings,France,100082.14
15663650,Customer 15663650,Savings,Germany,107304.39
15617434,Customer 15617434,Savings,Spain,0.00
15622470,Customer 15622470,Savings,Spain,96032.22
15703682,Customer 15703682,Savings,Spain,0.00
15727391,Customer 15727391,Savings,Germany,144553.50
15711062,Customer 15711062,Savings,Germany,86172.81
15567339,Customer 15567339,Savings,France,0.00
15760662,Customer 15760662,Savings,Germany,87212.80
15605737,Customer 15605737,Savings,France,0.00
15692977,Customer 15692977,Savings,Germany,130700.92
15672082,Customer 15672082,Savings,France,0.00
15600280,Customer 15600280,Savings,France,0.00
15804052,Customer 15804052,Savings,Spain,0.00
15576065,Customer 15576065,Savings,Spain,171325.98
15796838,Customer 15796838,Savings,Spain,92930.92
15693526,Customer 15693526,Savings,France,0.00
15748595,Customer 15748595,Savings,France,77556.79
15679029,Customer 15679029,Savings,France,102874.28
15753639,Customer 15753639,Savings,France,146093.39
15604138,Customer 15604138,Savings,Spain,0.00
15666095,Customer 15666095,Savings,Spain,79811.72
15643487,Customer 15643487,Savings,Spain,105473.74
15764033,Customer 15764033,Savings,Germany,121927.92
15747288,Customer 15747288,Savings,Spain,61671.19
15790599,Customer 15790599,Savings,Germany,149363.12
15737705,Customer 15737705,Savings,France,152309.37
15737194,Customer 15737194,Savings,France,0.00
15726776,Customer 15726776,Savings,Spain,111629.29
15804357,Customer 15804357,Savings,France,0.00
15664432,Customer 15664432,Savings,Spain,96296.78
15688984,Customer 15688984,Savings,France,95830.43
15583026,Customer 15583026,Savings,France,135919.33
15771668,Customer 15771668,Savings,France,185966.64
15779904,Customer 15779904,Savings,France,0.00
15784323,Customer 15784323,Savings,France,0.00
15756277,Customer 15756277,Savings,Germany,92244.83
15663312,Customer 15663312,Savings,France,112727.06
15793197,Customer 15793197,Savings,France,100359.54
15731463,Customer 15731463,Savings,Germany,105301.50
15621768,Customer 15621768,Savings,Spain,112994.65
15691323,Customer 15691323,Savings,Germany,89025.88
15781326,Customer 15781326,Savings,France,95478.17
15595640,Customer 15595640,Savings,France,0.00
15814331,Customer 15814331,Savings,Germany,119127.46
15602030,Customer 15602030,Savings,France,128206.79
15747974,Customer 15747974,Savings,France,0.00
15611315,Customer 15611315,Savings,Germany,71433.08
15636977,Customer 15636977,Savings,Germany,118214.32
15690337,Customer 15690337,Savings,France,102258.11
15680666,Customer 15680666,Savings,Spain,151963.26
15679551,Customer 15679551,Savings,Spain,163764.84
15778915,Customer 15778915,Savings,France,128551.36
15568849,Customer 15568849,Savings,Spain,118158.74
15747762,Customer 15747762,Savings,France,118520.41
15753679,Customer 15753679,Savings,France,0.00
15750049,Customer 15750049,Savings,France,163823.37
15606097,Customer 15606097,Savings,Germany,104469.58
15802368,Customer 15802368,Savings,France,0.00
15767488,Customer 15767488,Savings,Spain,0.00
15669946,Customer 15669946,Savings,Germany,141726.88
15612103,Customer 15612103,Savings,Germany,137852.96
15645353,Customer 15645353,Savings,France,0.00
15650018,Customer 15650018,Savings,France,154100.30
15659002,Customer 15659002,Savings,France,0.00
15616028,Customer 15616028,Savings,France,0.00
15660475,Customer 15660475,Savings,France,0.00
15652615,Customer 15652615,Savings,France,140004.96
15653572,Customer 15653572,Savings,Spain,127132.96
15628059,Customer 15628059,Savings,France,0.00
15703413,Customer 15703413,Savings,France,125328.56
15610433,Customer 15610433,Savings,France,0.00
15770548,Customer 15770548,Savings,Germany,139986.65
15645637,Customer 15645637,Savings,Germany,119787.76
15590888,Customer 15590888,Savings,Spain,107556.06
15568326,Customer 15568326,Savings,France,0.00
15655368,Customer 15655368,Savings,France,0.00
15665579,Customer 15665579,Savings,France,142705.95
15676091,Customer 15676091,Savings,France,0.00
15716984,Customer 15716984,Savings,Spain,0.00
15715078,Customer 15715078,Savings,France,161613.94
15569452,Customer 15569452,Savings,Germany,116353.20
15628863,Customer 15628863,Savings,France,60013.81
15778192,Customer 15778192,Savings,Spain,0.00
15793723,Customer 15793723,Savings,Germany,144272.07
15798943,Customer 15798943,Savings,France,0.00
15764708,Customer 15764708,Savings,France,117696.67
15791040,Customer 15791040,Savings,Spain,79954.61
15631512,Customer 15631512,Savings,France,149989.39
15640106,Customer 15640106,Savings,France,124339.90
15710315,Customer 15710315,Savings,Germany,135759.40
15771535,Customer 15771535,Savings,Spain,0.00
15611947,Customer 15611947,Savings,France,83074.00
15670266,Customer 15670266,Savings,France,141792.61
15609083,Customer 15609083,Savings,France,0.00
15567923,Customer 15567923,Savings,France,0.00
15788183,Customer 15788183,Savings,Germany,106870.12
15735782,Customer 15735782,Savings,France,120962.59
15774401,Customer 15774401,Savings,Spain,0.00
15737971,Customer 15737971,Savings,France,0.00
15758750,Customer 15758750,Savings,France,110527.17
15611767,Customer 15611767,Savings,Germany,133723.43
15643770,Customer 15643770,Savings,France,112670.48
15744717,Customer 15744717,Savings,France,0.00
15570681,Customer 15570681,Savings,France,116084.32
15792650,Customer 15792650,Savings,Spain,0.00
15605531,Customer 15605531,Savings,Spain,0.00
15605339,Customer 15605339,Savings,France,0.00
15672216,Customer 15672216,Savings,France,82441.75
15812893,Customer 15812893,Savings,France,0.00
15624180,Customer 15624180,Savings,Germany,134171.80
15701364,Customer 15701364,Savings,France,0.00
15762588,Customer 15762588,Savings,France,0.00
15806318,Customer 15806318,Savings,Germany,124442.38
15712596,Customer 15712596,Savings,France,0.00
15600399,Customer 15600399,Savings,France,0.00
15576216,Customer 15576216,Savings,Germany,108862.76
15620750,Customer 15620750,Savings,France,141099.43
15623489,Customer 15623489,Savings,France,128843.67
15667944,Customer 15667944,Savings,France,86843.61
15584928,Customer 15584928,Savings,Germany,120074.97
15779913,Customer 15779913,Savings,France,130231.80
15644977,Customer 15644977,Savings,France,0.00
15749679,Customer 15749679,Savings,France,109724.38
15629010,Customer 15629010,Savings,Germany,111743.43
15768465,Customer 15768465,Savings,Germany,121309.17
15767781,Customer 15767781,Savings,France,82697.28
15635364,Customer 15635364,Savings,France,44301.43
15722004,Customer 15722004,Savings,France,138317.94
15766044,Customer 15766044,Savings,Germany,120688.61
15586680,Customer 15586680,Savings,France,176913.52
15635388,Customer 15635388,Savings,Spain,89047.14
15655175,Customer 15655175,Savings,Germany,114318.78
15639133,Customer 15639133,Savings,France,0.00
15799653,Customer 15799653,Savings,Germany,94753.55
15723872,Customer 15723872,Savings,Spain,0.00
15775627,Customer 15775627,Savings,France,0.00
15630704,Customer 15630704,Savings,Germany,106520.73
15815534,Customer 15815534,Savings,Spain,134006.39
15697249,Customer 15697249,Savings,Germany,132837.70
15681316,Customer 15681316,Savings,France,120549.29
15682523,Customer 15682523,Savings,France,139432.55
15650244,Customer 15650244,Savings,Spain,80895.44
15648638,Customer 15648638,Savings,Spain,0.00
15795747,Customer 15795747,Savings,Spain,171646.76
15607330,Customer 15607330,Savings,Spain,109121.71
15624013,Customer 15624013,Savings,France,109844.81
15800805,Customer 15800805,Savings,France,140931.82
15667321,Customer 15667321,Savings,Spain,0.00
15601116,Customer 15601116,Savings,France,0.00
15622033,Customer 15622033,Savings,Germany,101543.51
15758451,Customer 15758451,Savings,Germany,102708.77
15688689,Customer 15688689,Savings,Germany,149000.91
15652674,Customer 15652674,Savings,France,83459.86
15806327,Customer 15806327,Savings,France,75893.11
15649618,Customer 15649618,Savings,Germany,167395.60
15677117,Customer 15677117,Savings,France,0.00
15751445,Customer 15751445,Savings,Germany,71283.09
15749669,Customer 15749669,Savings,France,0.00
15656351,Customer 15656351,Savings,Spain,0.00
15667438,Customer 15667438,Savings,France,104016.88
15682273,Customer 15682273,Savings,France,127616.56
15580912,Customer 15580912,Savings,France,154737.88
15785183,Customer 15785183,Savings,Spain,0.00
15705383,Customer 15705383,Savings,France,125476.31
15712903,Customer 15712903,Savings,France,176511.08
15774285,Customer 15774285,Savings,Spain,110783.28
15583138,Customer 15583138,Savings,France,141642.92
15740160,Customer 15740160,Savings,France,0.00
15793425,Customer 15793425,Savings,Spain,0.00
15749265,Customer 15749265,Savings,Germany,75681.52
15623989,Customer 15623989,Savings,France,0.00
15604832,Customer 15604832,Savings,France,0.00
15584580,Customer 15584580,Savings,France,161111.45
15573854,Customer 15573854,Savings,France,0.00
15614847,Customer 15614847,Savings,France,72494.69
15679966,Customer 15679966,Savings,France,133964.30
15799435,Customer 15799435,Savings,Spain,0.00
15752186,Customer 15752186,Savings,France,0.00
15705544,Customer 15705544,Savings,France,157201.48
15713632,Customer 15713632,Savings,Spain,95679.29
15586523,Customer 15586523,Savings,Germany,106230.92
15609176,Customer 15609176,Savings,France,0.00
15769308,Customer 15769308,Savings,Germany,81231.85
15676810,Customer 15676810,Savings,France,81480.27
15634591,Customer 15634591,Savings,France,73059.38
15679804,Customer 15679804,Savings,France,117559.05
15677764,Customer 15677764,Savings,Germany,186445.31
15571917,Customer 15571917,Savings,Germany,137657.71
15574608,Customer 15574608,Savings,France,133889.35
15740868,Customer 15740868,Savings,Germany,134562.80
15702442,Customer 15702442,Savings,Germany,100781.75
15699797,Customer 15699797,Savings,France,174356.13
15648047,Customer 15648047,Savings,Germany,190125.43
15766826,Customer 15766826,Savings,France,146266.00
15591628,Customer 15591628,Savings,Germany,164046.10
15583857,Customer 15583857,Savings,Spain,123536.52
15752534,Customer 15752534,Savings,France,0.00
15741403,Customer 15741403,Savings,Spain,171848.38
15783589,Customer 15783589,Savings,France,0.00
15598046,Customer 15598046,Savings,France,139562.05
15643330,Customer 15643330,Savings,France,0.00
15680405,Customer 15680405,Savings,France,168001.34
15728683,Customer 15728683,Savings,France,0.00
15621644,Customer 15621644,Savings,Germany,123356.63
15733032,Customer 15733032,Savings,Spain,0.00
15608381,Customer 15608381,Savings,Germany,125845.66
15658946,Customer 15658946,Savings,Germany,45408.85
15757912,Customer 15757912,Savings,Germany,125977.81
15645371,Customer 15645371,Savings,Germany,147262.11
15653110,Customer 15653110,Savings,France,133767.19
15766355,Customer 15766355,Savings,Germany,108806.96
15585249,Customer 15585249,Savings,France,106036.52
15611786,Customer 15611786,Savings,Spain,0.00
15575486,Customer 15575486,Savings,France,0.00
15780215,Customer 15780215,Savings,France,0.00
15686099,Customer 15686099,Savings,Spain,82182.10
15739042,Customer 15739042,Savings,France,0.00
15815316,Customer 15815316,Savings,France,76817.00
15778489,Customer 15778489,Savings,Germany,142550.25
15786389,Customer 15786389,Savings,Spain,0.00
15601787,Customer 15601787,Savings,Germany,103711.56
15624715,Customer 15624715,Savings,Spain,0.00
15763093,Customer 15763093,Savings,Germany,128369.75
15572073,Customer 15572073,Savings,Spain,0.00
15780256,Customer 15780256,Savings,France,0.00
15659305,Customer 15659305,Savings,Germany,166133.28
15638882,Customer 15638882,Savings,Germany,148214.36
15714680,Customer 15714680,Savings,France,121206.96
15777217,Customer 15777217,Savings,Spain,0.00
15739123,Customer 15739123,Savings,Germany,127552.85
15594450,Customer 15594450,Savings,France,159458.53
15797751,Customer 15797751,Savings,Germany,102085.72
15691543,Customer 15691543,Savings,Germany,142537.18
15722845,Customer 15722845,Savings,Spain,182781.74
15605804,Customer 15605804,Savings,France,0.00
15702061,Customer 15702061,Savings,France,0.00
15694321,Customer 15694321,Savings,France,0.00
15798749,Customer 15798749,Savings,Germany,152063.59
15720050,Customer 15720050,Savings,France,110997.76
15758048,Customer 15758048,Savings,France,148942.00
15805681,Customer 15805681,Savings,France,0.00
15802809,Customer 15802809,Savings,Spain,84438.57
15807239,Customer 15807239,Savings,France,93920.47
15749093,Customer 15749093,Savings,France,158713.08
15689344,Customer 15689344,Savings,Spain,0.00
15606076,Customer 15606076,Savings,Germany,123204.88
15610090,Customer 15610090,Savings,France,72945.29
15693926,Customer 15693926,Savings,Spain,178742.71
15791501,Customer 15791501,Savings,France,0.00
15621870,Customer 15621870,Savings,Spain,0.00
15734711,Customer 15734711,Savings,France,0.00
15814405,Customer 15814405,Savings,France,0.00
15729359,Customer 15729359,Savings,France,0.00
15606944,Customer 15606944,Savings,Germany,140121.17
15671934,Customer 15671934,Savings,Germany,132906.88
15641773,Customer 15641773,Savings,Germany,179334.83
15701972,Customer 15701972,Savings,France,137179.39
15749114,Customer 15749114,Savings,Spain,0.00
15780362,Customer 15780362,Savings,France,119960.29
15753229,Customer 15753229,Savings,France,127414.55
15656009,Customer 15656009,Savings,France,0.00
15785024,Customer 15785024,Savings,France,137409.19
15670492,Customer 15670492,Savings,France,0.00
15795458,Customer 15795458,Savings,Spain,0.00
15732438,Customer 15732438,Savings,France,0.00
15781987,Customer 15781987,Savings,France,112494.99
15775826,Customer 15775826,Savings,France,78133.15
15807457,Customer 15807457,Savings,Spain,0.00
15632538,Customer 15632538,Savings,Spain,145553.07
15641389,Customer 15641389,Savings,Germany,123593.22
15657306,Customer 15657306,Savings,France,0.00
15709447,Customer 15709447,Savings,France,146286.22
15762682,Customer 15762682,Savings,Spain,111827.27
15626042,Customer 15626042,Savings,Spain,0.00
15597109,Customer 15597109,Savings,France,94416.78
15756148,Customer 15756148,Savings,Spain,91549.78
15665634,Customer 15665634,Savings,France,59568.57
15739997,Customer 15739997,Savings,France,94464.81
15686242,Customer 15686242,Savings,France,0.00
15759244,Customer 15759244,Savings,Germany,95368.14
15672027,Customer 15672027,Savings,Germany,102185.42
15594576,Customer 15594576,Savings,France,144875.71
15707138,Customer 15707138,Savings,Spain,0.00
15756954,Customer 15756954,Savings,France,0.00
15619130,Customer 15619130,Savings,Germany,113291.05
15639665,Customer 15639665,Savings,Spain,0.00
15571065,Customer 15571065,Savings,Spain,0.00
15686060,Customer 15686060,Savings,Germany,111677.88
15615753,Customer 15615753,Savings,Germany,131101.04
15800961,Customer 15800961,Savings,Germany,76101.81
15763065,Customer 15763065,Savings,Spain,0.00
15672467,Customer 15672467,Savings,France,92510.90
15752915,Customer 15752915,Savings,France,0.00
15744695,Customer 15744695,Savings,France,77652.40
15584897,Customer 15584897,Savings,France,98360.03
15601857,Customer 15601857,Savings,Germany,115518.07
15674156,Customer 15674156,Savings,Germany,27288.43
15695465,Customer 15695465,Savings,France,0.00
15792232,Customer 15792232,Savings,Spain,0.00
15807900,Customer 15807900,Savings,France,0.00
15743760,Customer 15743760,Savings,France,131996.66
15652835,Customer 15652835,Savings,Spain,121580.42
15767818,Customer 15767818,Savings,France,132436.34
15591150,Customer 15591150,Savings,Spain,0.00
15734659,Customer 15734659,Savings,Germany,107978.40
15796115,Customer 15796115,Savings,Germany,78119.59
15724648,Customer 15724648,Savings,France,98684.15
15737732,Customer 15737732,Savings,France,0.00
15632280,Customer 15632280,Savings,Spain,0.00
15750407,Customer 15750407,Savings,Germany,129264.05
15795370,Customer 15795370,Savings,Germany,131753.41
15656829,Customer 15656829,Savings,Spain,0.00
15643794,Customer 15643794,Savings,Spain,0.00
15798605,Customer 15798605,Savings,Germany,57422.62
15637324,Customer 15637324,Savings,France,0.00
15589589,Customer 15589589,Savings,France,144094.20
15778936,Customer 15778936,Savings,France,147510.34
15757385,Customer 15757385,Savings,Spain,161592.76
15666200,Customer 15666200,Savings,France,0.00
15683977,Customer 15683977,Savings,Spain,0.00
15675518,Customer 15675518,Savings,Spain,75225.53
15584812,Customer 15584812,Savings,Spain,0.00
15752984,Customer 15752984,Savings,France,87542.89
15577913,Customer 15577913,Savings,France,144581.96
15591980,Customer 15591980,Savings,France,122568.05
15598948,Customer 15598948,Savings,Spain,172231.93
15574142,Customer 15574142,Savings,Germany,171932.26
15582903,Customer 15582903,Savings,France,0.00
15733229,Customer 15733229,Savings,Spain,0.00
15635752,Customer 15635752,Savings,Germany,111798.06
15771000,Customer 15771000,Savings,France,0.00
15804864,Customer 15804864,Savings,France,79336.61
15641175,Customer 15641175,Savings,Germany,120916.52
15692226,Customer 15692226,Savings,France,142905.51
15584156,Customer 15584156,Savings,Spain,0.00
15702656,Customer 15702656,Savings,France,96834.78
15606552,Customer 15606552,Savings,France,105261.76
15687001,Customer 15687001,Savings,Germany,123544.00
15781903,Customer 15781903,Savings,Germany,127913.71
15731951,Customer 15731951,Savings,Spain,95328.60
15580953,Customer 15580953,Savings,France,73218.89
15810390,Customer 15810390,Savings,France,0.00
15628274,Customer 15628274,Savings,Germany,149995.72
15615444,Customer 15615444,Savings,Germany,123674.28
15784010,Customer 15784010,Savings,Germany,124125.26
15571586,Customer 15571586,Savings,Spain,159035.45
15748616,Customer 15748616,Savings,France,0.00
15769402,Customer 15769402,Savings,France,156811.74
15739248,Customer 15739248,Savings,France,0.00
15603481,Customer 15603481,Savings,Spain,0.00
15723604,Customer 15723604,Savings,France,150555.83
15797822,Customer 15797822,Savings,France,109137.12
15665064,Customer 15665064,Savings,France,158351.02
15640580,Customer 15640580,Savings,France,0.00
15581089,Customer 15581089,Savings,Spain,0.00
15728605,Customer 15728605,Savings,France,0.00
15737385,Customer 15737385,Savings,Spain,0.00
15714789,Customer 15714789,Savings,France,0.00
15786035,Customer 15786035,Savings,France,0.00
15815259,Customer 15815259,Savings,France,0.00
15592716,Customer 15592716,Savings,France,0.00
15734850,Customer 15734850,Savings,Spain,82729.49
15638047,Customer 15638047,Savings,Germany,142765.24
15674573,Customer 15674573,Savings,France,121172.97
15694859,Customer 15694859,Savings,Germany,132932.14
15776404,Customer 15776404,Savings,France,123374.46
15579345,Customer 15579345,Savings,Germany,161371.50
15690733,Customer 15690733,Savings,Spain,0.00
15631481,Customer 15631481,Savings,France,79563.36
15620988,Customer 15620988,Savings,France,0.00
15571529,Customer 15571529,Savings,Germany,138232.24
15592104,Customer 15592104,Savings,France,0.00
15651900,Customer 15651900,Savings,Germany,81571.05
15596212,Customer 15596212,Savings,Spain,0.00
15710687,Customer 15710687,Savings,France,95927.04
15613787,Customer 15613787,Savings,Spain,116932.59
15599211,Customer 15599211,Savings,France,0.00
15675983,Customer 15675983,Savings,France,79551.12
15622370,Customer 15622370,Savings,Germany,116416.94
15656319,Customer 15656319,Savings,Spain,88141.10
15605130,Customer 15605130,Savings,France,177729.13
15672574,Customer 15672574,Savings,Spain,0.00
15659355,Customer 15659355,Savings,Spain,123912.78
15777907,Customer 15777907,Savings,France,0.00
15655171,Customer 15655171,Savings,France,0.00
15619674,Customer 15619674,Savings,France,108306.44
15775192,Customer 15775192,Savings,Germany,102962.62
15617657,Customer 15617657,Savings,France,103502.22
15688951,Customer 15688951,Savings,Germany,119654.44
15763460,Customer 15763460,Savings,France,183768.47
15756992,Customer 15756992,Savings,France,0.00
15617454,Customer 15617454,Savings,France,0.00
15701932,Customer 15701932,Savings,France,140900.97
15700813,Customer 15700813,Savings,Germany,94049.92
15645600,Customer 15645600,Savings,Spain,98926.40
15634146,Customer 15634146,Savings,Germany,142872.36
15686743,Customer 15686743,Savings,Spain,46057.96
15698792,Customer 15698792,Savings,France,119769.77
15591724,Customer 15591724,Savings,France,143244.97
15571281,Customer 15571281,Savings,France,79562.98
15661380,Customer 15661380,Savings,France,0.00
15728885,Customer 15728885,Savings,France,0.00
15618950,Customer 15618950,Savings,Spain,96659.64
15609804,Customer 15609804,Savings,France,0.00
15735849,Customer 15735849,Savings,France,165947.99
15652948,Customer 15652948,Savings,France,92676.30
15618155,Customer 15618155,Savings,France,83195.12
15566378,Customer 15566378,Savings,France,129387.94
15565879,Customer 15565879,Savings,France,0.00
15792922,Customer 15792922,Savings,Spain,130233.14
15770567,Customer 15770567,Savings,France,123502.53
15738042,Customer 15738042,Savings,Germany,140894.06
15714920,Customer 15714920,Savings,Germany,163867.86
15782121,Customer 15782121,Savings,France,0.00
15673180,Customer 15673180,Savings,Germany,93816.70
15660636,Customer 15660636,Savings,Spain,0.00
15664504,Customer 15664504,Savings,France,0.00
15790322,Customer 15790322,Savings,France,114668.89
15739847,Customer 15739847,Savings,Germany,146756.68
15699415,Customer 15699415,Savings,France,150213.71
15665521,Customer 15665521,Savings,Germany,111183.53
15682868,Customer 15682868,Savings,France,99816.46
15584462,Customer 15584462,Savings,France,0.00
15661708,Customer 15661708,Savings,France,0.00
15584452,Customer 15584452,Savings,France,0.00
15717010,Customer 15717010,Savings,France,0.00
15643828,Customer 15643828,Savings,France,0.00
15733361,Customer 15733361,Savings,Germany,86714.06
15795488,Customer 15795488,Savings,Spain,0.00
15581551,Customer 15581551,Savings,Spain,132838.07
15632051,Customer 15632051,Savings,Germany,128707.31
15780409,Customer 15780409,Savings,France,0.00
15572767,Customer 15572767,Savings,France,0.00
15590337,Customer 15590337,Savings,France,123192.12
15634551,Customer 15634551,Savings,Germany,115248.11
15669290,Customer 15669290,Savings,France,59360.77
15621140,Customer 15621140,Savings,Spain,0.00
15613518,Customer 15613518,Savings,France,112668.70
15728043,Customer 15728043,Savings,Germany,138503.51
15570073,Customer 15570073,Savings,Spain,0.00
15777033,Customer 15777033,Savings,France,0.00
15682454,Customer 15682454,Savings,France,0.00
15758513,Customer 15758513,Savings,France,0.00
15772604,Customer 15772604,Savings,Spain,157267.95
15721715,Customer 15721715,Savings,France,133871.05
15688563,Customer 15688563,Savings,Germany,141989.27
15772009,Customer 15772009,Savings,France,0.00
15809585,Customer 15809585,Savings,France,0.00
15593778,Customer 15593778,Savings,France,46388.16
15655360,Customer 15655360,Savings,Germany,148666.99
15780909,Customer 15780909,Savings,Germany,115101.50
15757310,Customer 15757310,Savings,Germany,148363.38
15801411,Customer 15801411,Savings,Spain,0.00
15761706,Customer 15761706,Savings,Spain,144102.32
15658409,Customer 15658409,Savings,France,128876.71
15810010,Customer 15810010,Savings,Germany,118448.15
15627027,Customer 15627027,Savings,France,0.00
15624374,Customer 15624374,Savings,France,0.00
15720083,Customer 15720083,Savings,Spain,0.00
15752294,Customer 15752294,Savings,France,135979.01
15743193,Customer 15743193,Savings,France,117271.80
15696733,Customer 15696733,Savings,France,0.00
15677522,Customer 15677522,Savings,France,0.00
15643523,Customer 15643523,Savings,Spain,0.00
15624936,Customer 15624936,Savings,France,129205.49
15716085,Customer 15716085,Savings,Spain,0.00
15641688,Customer 15641688,Savings,Spain,0.00
15796834,Customer 15796834,Savings,Germany,104015.54
15720123,Customer 15720123,Savings,Spain,0.00
15604732,Customer 15604732,Savings,France,0.00
15723484,Customer 15723484,Savings,Germany,103873.39
15807120,Customer 15807120,Savings,Germany,112383.03
15810891,Customer 15810891,Savings,France,117731.79
15640407,Customer 15640407,Savings,Germany,135827.33
15778838,Customer 15778838,Savings,France,114135.17
15709256,Customer 15709256,Savings,France,0.00
15742285,Customer 15742285,Savings,France,118756.62
15729019,Customer 15729019,Savings,Spain,98382.72
15608588,Customer 15608588,Savings,Germany,100520.92
15610557,Customer 15610557,Savings,Spain,79858.13
15786418,Customer 15786418,Savings,France,0.00
15653050,Customer 15653050,Savings,Germany,95052.29
15744914,Customer 15744914,Savings,Germany,177728.55
15669611,Customer 15669611,Savings,France,83116.68
15594786,Customer 15594786,Savings,Germany,111565.91
15649211,Customer 15649211,Savings,Spain,83015.71
15766066,Customer 15766066,Savings,Germany,124511.01
15772216,Customer 15772216,Savings,France,130652.52
15619898,Customer 15619898,Savings,France,0.00
15724543,Customer 15724543,Savings,France,0.00
15755084,Customer 15755084,Savings,France,121854.45
15730441,Customer 15730441,Savings,France,0.00
15666767,Customer 15666767,Savings,France,86893.28
15690456,Customer 15690456,Savings,Germany,79523.13
15570533,Customer 15570533,Savings,Germany,131033.76
15797692,Customer 15797692,Savings,France,89939.62
15603135,Customer 15603135,Savings,Germany,95727.05
15698927,Customer 15698927,Savings,France,0.00
15687363,Customer 15687363,Savings,France,155047.56
15733444,Customer 15733444,Savings,France,0.00
15678057,Customer 15678057,Savings,France,118569.03
15806918,Customer 15806918,Savings,France,0.00
15638247,Customer 15638247,Savings,Spain,0.00
15674833,Customer 15674833,Savings,France,0.00
15812534,Customer 15812534,Savings,France,0.00
15586522,Customer 15586522,Savings,Spain,130461.02
15794297,Customer 15794297,Savings,France,0.00
15737025,Customer 15737025,Savings,France,0.00
15615931,Customer 15615931,Savings,France,0.00
15664860,Customer 15664860,Savings,Spain,0.00
15664539,Customer 15664539,Savings,Spain,61172.04
15583692,Customer 15583692,Savings,Germany,90194.34
15693131,Customer 15693131,Savings,France,95508.20
15779973,Customer 15779973,Savings,Germany,99967.76
15620557,Customer 15620557,Savings,Spain,101470.29
15639549,Customer 15639549,Savings,Germany,70541.06
15618750,Customer 15618750,Savings,France,112211.61
15796790,Customer 15796790,Savings,France,154543.98
15668309,Customer 15668309,Savings,France,111098.85
15732437,Customer 15732437,Savings,Germany,131873.07
15665158,Customer 15665158,Savings,Spain,137275.36
15689322,Customer 15689322,Savings,Spain,153316.14
15596624,Customer 15596624,Savings,France,0.00
15601977,Customer 15601977,Savings,Spain,121250.04
15801462,Customer 15801462,Savings,France,109578.04
15566139,Customer 15566139,Savings,France,53573.18
15791006,Customer 15791006,Savings,Germany,58003.41
15668057,Customer 15668057,Savings,France,113000.66
15580805,Customer 15580805,Savings,France,0.00
15658768,Customer 15658768,Savings,France,0.00
15613048,Customer 15613048,Savings,Germany,139973.65
15803654,Customer 15803654,Savings,France,151290.16
15662337,Customer 15662337,Savings,Germany,121498.11
15650924,Customer 15650924,Savings,Spain,103515.39
15647203,Customer 15647203,Savings,France,0.00
15682778,Customer 15682778,Savings,France,0.00
15579820,Customer 15579820,Savings,Spain,106687.76
15709354,Customer 15709354,Savings,France,0.00
15728480,Customer 15728480,Savings,France,0.00
15641091,Customer 15641091,Savings,France,106089.20
15603111,Customer 15603111,Savings,Spain,69608.14
15679693,Customer 15679693,Savings,France,0.00
15797190,Customer 15797190,Savings,Germany,96202.32
15788025,Customer 15788025,Savings,France,0.00
15646168,Customer 15646168,Savings,Spain,0.00
15580493,Customer 15580493,Savings,France,127818.52
15726720,Customer 15726720,Savings,France,0.00
15735799,Customer 15735799,Savings,Germany,137318.42
15773098,Customer 15773098,Savings,Spain,0.00
15668971,Customer 15668971,Savings,France,55776.39
15603221,Customer 15603221,Savings,Germany,84421.62
15740043,Customer 15740043,Savings,France,83161.65
15712264,Customer 15712264,Savings,France,0.00
15751926,Customer 15751926,Savings,Germany,87807.29
15589401,Customer 15589401,Savings,France,0.00
15742019,Customer 15742019,Savings,France,0.00
15660611,Customer 15660611,Savings,Spain,0.00
15607634,Customer 15607634,Savings,Germany,95293.86
15595036,Customer 15595036,Savings,Germany,92847.59
15745794,Customer 15745794,Savings,France,0.00
15781689,Customer 15781689,Savings,Spain,0.00
15696054,Customer 15696054,Savings,France,0.00
15752467,Customer 15752467,Savings,Spain,0.00
15597739,Customer 15597739,Savings,France,0.00
15651336,Customer 15651336,Savings,France,0.00
15636061,Customer 15636061,Savings,Germany,68345.86
15723013,Customer 15723013,Savings,Germany,76656.40
15784148,Customer 15784148,Savings,France,0.00
15578098,Customer 15578098,Savings,France,0.00
15638621,Customer 15638621,Savings,Spain,60374.98
15720924,Customer 15720924,Savings,France,0.00
15566531,Customer 15566531,Savings,Germany,88046.88
15718064,Customer 15718064,Savings,Spain,0.00
15605067,Customer 15605067,Savings,France,0.00
15655335,Customer 15655335,Savings,France,0.00
15607301,Customer 15607301,Savings,Spain,129968.67
15694628,Customer 15694628,Savings,Germany,157731.60
15607112,Customer 15607112,Savings,France,0.00
15635775,Customer 15635775,Savings,France,89276.48
15644280,Customer 15644280,Savings,France,138825.19
15708362,Customer 15708362,Savings,France,103729.79
15771997,Customer 15771997,Savings,France,75499.24
15730579,Customer 15730579,Savings,France,169445.40
15728005,Customer 15728005,Savings,France,111359.55
15791674,Customer 15791674,Savings,France,142388.61
15754599,Customer 15754599,Savings,France,123311.39
15693690,Customer 15693690,Savings,Spain,115532.52
15728963,Customer 15728963,Savings,Germany,167273.71
15659710,Customer 15659710,Savings,France,77886.53
15658675,Customer 15658675,Savings,Germany,135795.63
15638788,Customer 15638788,Savings,France,97514.07
15609735,Customer 15609735,Savings,Germany,127545.56
15771477,Customer 15771477,Savings,France,106160.37
15570145,Customer 15570145,Savings,France,0.00
15797149,Customer 15797149,Savings,Spain,143680.47
15636912,Customer 15636912,Savings,Spain,124483.53
15687828,Customer 15687828,Savings,Spain,86006.30
15667424,Customer 15667424,Savings,Germany,111094.05
15759872,Customer 15759872,Savings,France,0.00
15572374,Customer 15572374,Savings,Spain,0.00
15754926,Customer 15754926,Savings,France,0.00
15687431,Customer 15687431,Savings,France,115171.71
15604515,Customer 15604515,Savings,Germany,111543.26
15682839,Customer 15682839,Savings,France,137936.94
15624677,Customer 15624677,Savings,Germany,122304.65
15646366,Customer 15646366,Savings,Germany,120586.54
15701768,Customer 15701768,Savings,France,0.00
15623566,Customer 15623566,Savings,France,46520.69
15681274,Customer 15681274,Savings,Spain,105473.74
15762573,Customer 15762573,Savings,Spain,0.00
15706458,Customer 15706458,Savings,Germany,115730.71
15654222,Customer 15654222,Savings,Spain,145396.49
15704053,Customer 15704053,Savings,Spain,131078.42
15724321,Customer 15724321,Savings,Germany,128298.74
15621815,Customer 15621815,Savings,France,165526.71
15724876,Customer 15724876,Savings,France,83714.41
15696588,Customer 15696588,Savings,France,0.00
15612832,Customer 15612832,Savings,France,125540.05
15804295,Customer 15804295,Savings,France,100254.76
15712536,Customer 15712536,Savings,France,0.00
15662494,Customer 15662494,Savings,Spain,138150.57
15807728,Customer 15807728,Savings,France,0.00
15764916,Customer 15764916,Savings,Germany,95984.21
15615330,Customer 15615330,Savings,France,0.00
15638487,Customer 15638487,Savings,Germany,136858.42
15627859,Customer 15627859,Savings,Germany,102609.00
15622192,Customer 15622192,Savings,Spain,0.00
15789413,Customer 15789413,Savings,France,0.00
15583221,Customer 15583221,Savings,Germany,77356.92
15768495,Customer 15768495,Savings,France,110923.15
15644103,Customer 15644103,Savings,Spain,151675.65
15741197,Customer 15741197,Savings,Spain,0.00
15664547,Customer 15664547,Savings,France,0.00
15797293,Customer 15797293,Savings,France,0.00
15572021,Customer 15572021,Savings,Germany,80204.11
15637461,Customer 15637461,Savings,France,0.00
15620577,Customer 15620577,Savings,France,0.00
15609643,Customer 15609643,Savings,Germany,115587.49
15785358,Customer 15785358,Savings,Germany,106968.96
15603883,Customer 15603883,Savings,France,0.00
15782550,Customer 15782550,Savings,Germany,139659.04
15775761,Customer 15775761,Savings,Germany,86038.21
15680201,Customer 15680201,Savings,Germany,102773.20
15767594,Customer 15767594,Savings,France,0.00
15591985,Customer 15591985,Savings,France,70754.18
15789339,Customer 15789339,Savings,France,122781.51
15781530,Customer 15781530,Savings,France,0.00
15705174,Customer 15705174,Savings,Germany,153545.11
15572114,Customer 15572114,Savings,Spain,121629.22
15804009,Customer 15804009,Savings,Germany,167983.17
15662698,Customer 15662698,Savings,Spain,81153.82
15696047,Customer 15696047,Savings,France,99760.84
15701160,Customer 15701160,Savings,Germany,125890.72
15790093,Customer 15790093,Savings,France,0.00
15632143,Customer 15632143,Savings,France,119148.55
15736778,Customer 15736778,Savings,Germany,72948.58
15734917,Customer 15734917,Savings,Germany,133974.36
15643903,Customer 15643903,Savings,France,154483.98
15569526,Customer 15569526,Savings,France,98627.13
15777067,Customer 15777067,Savings,France,136770.67
15795511,Customer 15795511,Savings,Germany,95252.72
15610419,Customer 15610419,Savings,France,117413.95
15644994,Customer 15644994,Savings,Germany,137986.58
15703707,Customer 15703707,Savings,France,143571.52
15659327,Customer 15659327,Savings,France,121197.64
15771323,Customer 15771323,Savings,Spain,121626.90
15750549,Customer 15750549,Savings,Germany,84440.10
15698462,Customer 15698462,Savings,France,0.00
15739692,Customer 15739692,Savings,France,0.00
15744041,Customer 15744041,Savings,France,140356.70
15700714,Customer 15700714,Savings,France,0.00
15777743,Customer 15777743,Savings,France,92224.56
15623143,Customer 15623143,Savings,France,0.00
15712568,Customer 15712568,Savings,Spain,121355.99
15617432,Customer 15617432,Savings,Germany,109003.26
15650424,Customer 15650424,Savings,France,147341.43
15728829,Customer 15728829,Savings,France,102983.91
15680430,Customer 15680430,Savings,Germany,96252.98
15687626,Customer 15687626,Savings,France,0.00
15609187,Customer 15609187,Savings,France,155879.09
15609521,Customer 15609521,Savings,Germany,142929.16
15752626,Customer 15752626,Savings,France,64082.09
15571756,Customer 15571756,Savings,France,0.00
15814040,Customer 15814040,Savings,France,0.00
15658211,Customer 15658211,Savings,Spain,0.00
15742091,Customer 15742091,Savings,Germany,118336.95
15787168,Customer 15787168,Savings,Spain,168253.21
15772363,Customer 15772363,Savings,Germany,101979.16
15659364,Customer 15659364,Savings,Spain,164902.43
15738980,Customer 15738980,Savings,France,0.00
15794236,Customer 15794236,Savings,Germany,111812.52
15721383,Customer 15721383,Savings,Spain,0.00
15652981,Customer 15652981,Savings,Germany,119755.00
15722731,Customer 15722731,Savings,France,119556.10
15640507,Customer 15640507,Savings,Spain,119349.69
15578878,Customer 15578878,Savings,Spain,139528.23
15744295,Customer 15744295,Savings,France,94773.11
15776558,Customer 15776558,Savings,France,108345.22
15596136,Customer 15596136,Savings,France,166939.88
15704597,Customer 15704597,Savings,France,174571.36
15648272,Customer 15648272,Savings,Spain,71829.34
15594915,Customer 15594915,Savings,France,0.00
15581115,Customer 15581115,Savings,France,76769.68
15763907,Customer 15763907,Savings,France,104614.29
15705994,Customer 15705994,Savings,Spain,0.00
15772421,Customer 15772421,Savings,Germany,128927.93
15711572,Customer 15711572,Savings,Germany,110941.93
15691170,Customer 15691170,Savings,Spain,99250.08
15600106,Customer 15600106,Savings,France,0.00
15745431,Customer 15745431,Savings,France,0.00
15649508,Customer 15649508,Savings,Spain,0.00
15812611,Customer 15812611,Savings,Spain,0.00
15619699,Customer 15619699,Savings,France,0.00
15813946,Customer 15813946,Savings,Germany,104682.83
15762762,Customer 15762762,Savings,Germany,118886.55
15629793,Customer 15629793,Savings,Spain,156823.70
15781298,Customer 15781298,Savings,Germany,124216.93
15622658,Customer 15622658,Savings,France,144258.52
15658980,Customer 15658980,Savings,Germany,128793.63
15701936,Customer 15701936,Savings,Germany,126315.26
15686917,Customer 15686917,Savings,Spain,0.00
15807312,Customer 15807312,Savings,Spain,0.00
15574523,Customer 15574523,Savings,France,0.00
15724200,Customer 15724200,Savings,France,115341.55
15738224,Customer 15738224,Savings,France,99162.29
15593283,Customer 15593283,Savings,Germany,156848.13
15814690,Customer 15814690,Savings,Germany,105736.32
15807245,Customer 15807245,Savings,Germany,200117.76
15799358,Customer 15799358,Savings,France,62212.29
15616172,Customer 15616172,Savings,France,0.00
15777958,Customer 15777958,Savings,France,0.00
15809124,Customer 15809124,Savings,France,151532.40
15616367,Customer 15616367,Savings,Germany,121523.51
15687385,Customer 15687385,Savings,France,0.00
15607877,Customer 15607877,Savings,Spain,0.00
15736327,Customer 15736327,Savings,Germany,68238.51
15746704,Customer 15746704,Savings,Spain,136808.53
15778304,Customer 15778304,Savings,Germany,92398.08
15588456,Customer 15588456,Savings,France,143566.12
15664035,Customer 15664035,Savings,Spain,0.00
15596405,Customer 15596405,Savings,Spain,127728.24
15815097,Customer 15815097,Savings,France,0.00
15762708,Customer 15762708,Savings,Spain,119658.49
15776211,Customer 15776211,Savings,France,0.00
15626012,Customer 15626012,Savings,France,149879.66
15792077,Customer 15792077,Savings,Germany,119859.52
15718765,Customer 15718765,Savings,Spain,104533.24
15576615,Customer 15576615,Savings,Spain,145382.61
15752650,Customer 15752650,Savings,Spain,121231.39
15797502,Customer 15797502,Savings,Spain,141078.57
15687329,Customer 15687329,Savings,Germany,108465.65
15779423,Customer 15779423,Savings,France,70657.61
15619514,Customer 15619514,Savings,Germany,120105.43
15615430,Customer 15615430,Savings,Germany,129646.91
15716431,Customer 15716431,Savings,France,191091.74
15798341,Customer 15798341,Savings,France,0.00
15651958,Customer 15651958,Savings,France,0.00
15726179,Customer 15726179,Savings,Germany,131433.33
15652999,Customer 15652999,Savings,Germany,137937.95
15691950,Customer 15691950,Savings,France,0.00
15632446,Customer 15632446,Savings,France,0.00
15620936,Customer 15620936,Savings,France,0.00
15587640,Customer 15587640,Savings,France,93143.39
15782231,Customer 15782231,Savings,France,0.00
15580462,Customer 15580462,Savings,Spain,112544.45
15736371,Customer 15736371,Savings,France,123034.43
15648032,Customer 15648032,Savings,Spain,0.00
15610454,Customer 15610454,Savings,Germany,119278.44
15671358,Customer 15671358,Savings,France,0.00
15747130,Customer 15747130,Savings,France,0.00
15578374,Customer 15578374,Savings,Spain,169312.72
15572182,Customer 15572182,Savings,Germany,106506.77
15770041,Customer 15770041,Savings,Spain,128412.61
15669414,Customer 15669414,Savings,Germany,118356.89
15777054,Customer 15777054,Savings,Germany,137479.13
15621021,Customer 15621021,Savings,Spain,0.00
15785490,Customer 15785490,Savings,France,105229.72
15577695,Customer 15577695,Savings,France,148088.11
15686974,Customer 15686974,Savings,France,0.00
15574584,Customer 15574584,Savings,France,126679.69
15719541,Customer 15719541,Savings,Spain,90826.27
15646310,Customer 15646310,Savings,Spain,143582.89
15697606,Customer 15697606,Savings,France,125712.20
15711489,Customer 15711489,Savings,Spain,0.00
15670427,Customer 15670427,Savings,Spain,155187.30
15731755,Customer 15731755,Savings,France,0.00
15796370,Customer 15796370,Savings,Spain,155455.43
15598331,Customer 15598331,Savings,France,100480.53
15704795,Customer 15704795,Savings,France,0.00
15796764,Customer 15796764,Savings,Germany,127585.98
15589420,Customer 15589420,Savings,France,101891.10
15810563,Customer 15810563,Savings,Spain,0.00
15746569,Customer 15746569,Savings,France,0.00
15811594,Customer 15811594,Savings,Spain,128929.88
15645896,Customer 15645896,Savings,Germany,121681.91
15802909,Customer 15802909,Savings,Germany,139603.22
15797665,Customer 15797665,Savings,France,0.00
15778959,Customer 15778959,Savings,France,0.00
15722532,Customer 15722532,Savings,Spain,91760.11
15784124,Customer 15784124,Savings,Germany,93925.30
15776518,Customer 15776518,Savings,France,175739.36
15611247,Customer 15611247,Savings,France,0.00
15721469,Customer 15721469,Savings,Germany,170295.04
15773338,Customer 15773338,Savings,France,101579.28
15784042,Customer 15784042,Savings,France,118793.60
15776229,Customer 15776229,Savings,France,115282.30
15655903,Customer 15655903,Savings,Spain,107980.37
15590177,Customer 15590177,Savings,France,133866.22
15568876,Customer 15568876,Savings,France,102723.35
15813140,Customer 15813140,Savings,Spain,0.00
15770516,Customer 15770516,Savings,Spain,193213.02
15755731,Customer 15755731,Savings,Germany,117005.55
15574480,Customer 15574480,Savings,Spain,132862.59
15798084,Customer 15798084,Savings,France,0.00
15673020,Customer 15673020,Savings,France,204510.94
15643575,Customer 15643575,Savings,Germany,65349.71
15596811,Customer 15596811,Savings,France,139753.35
15786789,Customer 15786789,Savings,France,0.00
15578865,Customer 15578865,Savings,Germany,107959.39
15605672,Customer 15605672,Savings,France,195926.39
15603674,Customer 15603674,Savings,France,0.00
15759915,Customer 15759915,Savings,France,87772.52
15686219,Customer 15686219,Savings,France,71018.60
15696388,Customer 15696388,Savings,Germany,111096.91
15713604,Customer 15713604,Savings,Germany,166776.60
15647800,Customer 15647800,Savings,France,101266.51
15813451,Customer 15813451,Savings,Spain,134796.87
15765375,Customer 15765375,Savings,France,0.00
15774586,Customer 15774586,Savings,Germany,118588.83
15603454,Customer 15603454,Savings,Germany,160454.15
15653037,Customer 15653037,Savings,France,0.00
15782475,Customer 15782475,Savings,France,0.00
15593496,Customer 15593496,Savings,Spain,91132.18
15808971,Customer 15808971,Savings,Spain,0.00
15791972,Customer 15791972,Savings,France,0.00
15676869,Customer 15676869,Savings,Spain,0.00
15683007,Customer 15683007,Savings,Germany,113113.12
15659495,Customer 15659495,Savings,Spain,0.00
15703923,Customer 15703923,Savings,Germany,190409.34
15674000,Customer 15674000,Savings,France,0.00
15618171,Customer 15618171,Savings,France,0.00
15732202,Customer 15732202,Savings,France,83503.11
15735078,Customer 15735078,Savings,Germany,139687.66
15798615,Customer 15798615,Savings,France,137301.87
15638494,Customer 15638494,Savings,Germany,129845.26
15763874,Customer 15763874,Savings,Spain,0.00
15696355,Customer 15696355,Savings,Germany,125489.40
15655952,Customer 15655952,Savings,France,0.00
15739850,Customer 15739850,Savings,France,155417.61
15611338,Customer 15611338,Savings,Spain,0.00
15707861,Customer 15707861,Savings,France,85216.61
15672237,Customer 15672237,Savings,France,0.00
15657771,Customer 15657771,Savings,France,0.00
15677783,Customer 15677783,Savings,Spain,113607.47
15681026,Customer 15681026,Savings,Germany,104552.72
15566543,Customer 15566543,Savings,Spain,0.00
15594612,Customer 15594612,Savings,Spain,0.00
15814664,Customer 15814664,Savings,Germany,126524.11
15642785,Customer 15642785,Savings,France,117593.48
15690164,Customer 15690164,Savings,Germany,83199.05
15590213,Customer 15590213,Savings,Spain,125920.98
15603794,Customer 15603794,Savings,France,118469.38
15733491,Customer 15733491,Savings,Germany,153537.57
15806360,Customer 15806360,Savings,France,0.00
15587133,Customer 15587133,Savings,France,151027.05
15721377,Customer 15721377,Savings,France,144751.81
15747927,Customer 15747927,Savings,France,155739.76
15806455,Customer 15806455,Savings,France,0.00
15695474,Customer 15695474,Savings,France,122531.86
15666295,Customer 15666295,Savings,Germany,113957.01
15656062,Customer 15656062,Savings,France,103377.81
15579969,Customer 15579969,Savings,France,0.00
15703563,Customer 15703563,Savings,France,93017.47
15692664,Customer 15692664,Savings,France,90022.85
15719276,Customer 15719276,Savings,Spain,74371.49
15672754,Customer 15672754,Savings,Germany,152039.70
15768163,Customer 15768163,Savings,Germany,137145.12
15656710,Customer 15656710,Savings,France,0.00
15696175,Customer 15696175,Savings,Germany,90602.42
15586914,Customer 15586914,Savings,France,123841.49
15581736,Customer 15581736,Savings,Germany,183579.54
15588839,Customer 15588839,Savings,Spain,180307.73
15589329,Customer 15589329,Savings,France,0.00
15605622,Customer 15605622,Savings,Spain,0.00
15798964,Customer 15798964,Savings,Germany,35016.60
15769959,Customer 15769959,Savings,France,88381.21
15657105,Customer 15657105,Savings,Spain,0.00
15569266,Customer 15569266,Savings,France,155060.41
15719294,Customer 15719294,Savings,France,0.00
15606229,Customer 15606229,Savings,France,0.00
15569892,Customer 15569892,Savings,France,57369.61
15584532,Customer 15584532,Savings,France,0.00
15682355,Customer 15682355,Savings,Germany,75075.31
15628319,Customer 15628319,Savings,France,130142.79
90000001,Karnam Kuldeep,Savings,India,5500.00
